names	in_Gavin	in_Krogan	unique_to_Gavin	unique_to_Krogan
AI1	0	1	0	1
BI2	0	1	0	1
COX2	0	1	0	1
TFC3	0	1	0	1
EFB1	1	0	1	0
SSA1	1	0	1	0
ERP2	1	1	0	0
FUN14	0	1	0	1
CYS3	0	1	0	1
DEP1	1	1	0	0
TPD3	1	1	0	0
PSK1	1	0	1	0
FUN30	0	1	0	1
ATS1	0	1	0	1
CCR4	1	1	0	0
PMT2	0	1	0	1
LTE1	1	1	0	0
DRS2	1	1	0	0
SAW1	0	1	0	1
FRT2	0	1	0	1
MYO4	1	1	0	0
PRP45	1	1	0	0
POP5	1	1	0	0
FUN19	1	1	0	0
FUN12	1	0	1	0
RBG1	1	0	1	0
CDC19	1	0	1	0
CDC24	1	0	1	0
ERV46	1	1	0	0
PTA1	1	1	0	0
BOL3	0	1	0	1
SPC72	1	1	0	0
GEM1	1	0	1	0
OAF1	0	1	0	1
FLC2	0	1	0	1
ECM1	0	1	0	1
GDH3	0	1	0	1
SEO1	0	1	0	1
ERP1	1	1	0	0
NUP60	1	1	0	0
SWD1	1	1	0	0
RFA1	1	1	0	0
BUD14	1	1	0	0
ADE1	0	1	0	1
CDC15	0	1	0	1
SWH1	1	0	1	0
PHO11	0	1	0	1
HTB2	0	1	0	1
HTA2	1	1	0	0
UTP20	1	1	0	0
SLA1	1	1	0	0
HIR1	0	1	0	1
YBL010C	0	1	0	1
FUS3	0	1	0	1
PEP1	1	1	0	0
POP8	1	0	1	0
APN2	0	1	0	1
RFT1	0	1	0	1
PIM1	1	0	1	0
MCM2	1	1	0	0
NCL1	0	1	0	1
LSM2	1	1	0	0
PET9	1	1	0	0
HEK2	1	1	0	0
POL12	1	1	0	0
YBL036C	0	1	0	1
APL3	0	1	0	1
MRPL16	1	1	0	0
URA7	1	1	0	0
PRE7	1	1	0	0
YBL044W	0	1	0	1
COR1	1	1	0	0
PSY4	1	1	0	0
EDE1	1	1	0	0
RRT1	0	1	0	1
SAS3	0	1	0	1
TOD6	0	1	0	1
YBL055C	0	1	0	1
PTC3	1	1	0	0
PTH2	0	1	0	1
SHP1	1	1	0	0
YBL059W	0	1	0	1
YEL1	0	1	0	1
SKT5	1	1	0	0
KIP1	0	1	0	1
UBP13	0	1	0	1
YBL071C	0	1	0	1
KTI11	0	1	0	1
RPS8A	1	0	1	0
AAR2	1	1	0	0
SSA3	1	1	0	0
ILS1	1	1	0	0
NUP170	0	1	0	1
YBL081W	0	1	0	1
CDC27	1	1	0	0
BOI1	1	0	1	0
YBL086C	0	1	0	1
RPL23A	1	1	0	0
MRP21	1	1	0	0
ROX3	0	1	0	1
BRN1	0	1	0	1
ATP1	1	1	0	0
ECM21	0	1	0	1
RTG3	0	1	0	1
SEA4	1	1	0	0
PKC1	0	1	0	1
SRO77	0	1	0	1
YBL111C	0	1	0	1
NTH2	0	1	0	1
HHF1	1	1	0	0
HHT1	0	1	0	1
IPP1	1	1	0	0
KAP104	1	1	0	0
GAL10	0	1	0	1
CHS3	0	1	0	1
OLA1	1	1	0	0
ETR1	0	1	0	1
RKM3	0	1	0	1
RPL4A	1	0	1	0
HMT1	0	1	0	1
ATP3	1	1	0	0
CST26	0	1	0	1
TCM62	0	1	0	1
FMP23	0	1	0	1
REB1	1	1	0	0
RFS1	1	0	1	0
YRO2	0	1	0	1
PRP6	1	1	0	0
MUM2	0	1	0	1
UBP14	0	1	0	1
AKL1	0	1	0	1
ORC2	1	1	0	0
TRM7	0	1	0	1
YBR062C	0	1	0	1
ECM2	1	1	0	0
NRG2	0	1	0	1
TIP1	0	1	0	1
TAT1	0	1	0	1
HSP26	0	1	0	1
RDH54	0	1	0	1
RPG1	1	1	0	0
SEC18	0	1	0	1
SPT7	1	1	0	0
UBC4	0	1	0	1
TEC1	0	1	0	1
RPL19A	1	0	1	0
MIS1	1	1	0	0
AAC3	0	1	0	1
IST2	1	0	1	0
RFC5	1	1	0	0
POL30	0	1	0	1
PHO5	0	1	0	1
PBY1	1	1	0	0
RXT2	1	1	0	0
VPS15	1	1	0	0
FES1	0	1	0	1
EXO84	1	0	1	0
SIF2	1	1	0	0
VID24	1	1	0	0
IML3	0	1	0	1
AIM3	0	1	0	1
CMD1	1	1	0	0
CYC8	0	1	0	1
RAD16	1	0	1	0
LYS2	1	1	0	0
TKL2	0	1	0	1
MUD1	1	1	0	0
GRS1	1	0	1	0
MRPL36	1	0	1	0
TFC1	0	1	0	1
PTC4	1	1	0	0
TPS1	1	1	0	0
VMA2	1	1	0	0
ATG14	0	1	0	1
SHE3	1	1	0	0
CCZ1	0	1	0	1
CKS1	1	1	0	0
MEC1	1	0	1	0
YBR137W	0	1	0	1
YBR139W	0	1	0	1
IRA1	0	1	0	1
MAK5	1	1	0	0
SUP45	1	1	0	0
MRPS9	1	1	0	0
YSW1	0	1	0	1
TBS1	0	1	0	1
APD1	0	1	0	1
SPP381	1	1	0	0
RPB5	1	1	0	0
CNS1	0	1	0	1
SLI15	0	1	0	1
AMN1	1	0	1	0
IFA38	0	1	0	1
CDC28	1	1	0	0
CSH1	0	1	0	1
TYR1	0	1	0	1
POP7	0	1	0	1
PEX32	0	1	0	1
SSE2	1	1	0	0
NPL4	1	1	0	0
SEC66	1	1	0	0
UMP1	0	1	0	1
SWD3	1	1	0	0
ECM31	0	1	0	1
EHT1	1	0	1	0
DTR1	0	1	0	1
MBA1	0	1	0	1
GDT1	0	1	0	1
NTC20	0	1	0	1
RPS9B	1	1	0	0
MED8	1	1	0	0
MSI1	0	1	0	1
PGI1	1	1	0	0
TAF5	1	1	0	0
MCM7	1	0	1	0
KTR3	1	0	1	0
"""DUR1,2"	1	0	1	0
AME1	0	1	0	1
NGR1	0	1	0	1
SDS24	0	1	0	1
HPC2	0	1	0	1
PYC2	0	1	0	1
PDB1	1	1	0	0
TDP1	0	1	0	1
YBR225W	0	1	0	1
SLX1	0	1	0	1
ROT2	1	1	0	0
ARC40	1	1	0	0
VHC1	0	1	0	1
PRP5	0	1	0	1
ISW1	1	1	0	0
ENP1	1	1	0	0
HIS7	0	1	0	1
ARO4	0	1	0	1
MRPS5	1	1	0	0
SRB6	1	1	0	0
TRS20	1	1	0	0
POP4	0	1	0	1
SHG1	0	1	0	1
YBR259W	0	1	0	1
SHM1	1	0	1	0
TSC10	1	0	1	0
REI1	1	1	0	0
UBX7	0	1	0	1
CHK1	0	1	0	1
RIF1	0	1	0	1
DPB3	0	1	0	1
PAF1	1	1	0	0
SAF1	0	1	0	1
DUG2	0	1	0	1
MRPL27	1	0	1	0
SSH1	0	1	0	1
APM3	1	1	0	0
SNF5	1	1	0	0
CTP1	0	1	0	1
PHO89	0	1	0	1
ILV6	1	0	1	0
SGF29	1	1	0	0
GBP2	1	1	0	0
BUD3	1	1	0	0
DCC1	0	1	0	1
NFS1	1	1	0	0
KCC4	1	1	0	0
BIK1	0	1	0	1
HIS4	0	1	0	1
RRP7	1	1	0	0
STE50	0	1	0	1
GFD2	0	1	0	1
SRO9	1	0	1	0
GID7	0	1	0	1
GLK1	0	1	0	1
PDI1	0	1	0	1
MGR1	0	1	0	1
POF1	0	1	0	1
SPB1	1	1	0	0
PRD1	0	1	0	1
KRR1	1	1	0	0
MRC1	0	1	0	1
VAC17	0	1	0	1
CHA1	0	1	0	1
CDC10	1	1	0	0
MRPL32	0	1	0	1
CIT2	0	1	0	1
SAT4	0	1	0	1
RVS161	1	1	0	0
PGK1	1	0	1	0
POL4	0	1	0	1
YCR016W	0	1	0	1
HTL1	0	1	0	1
RIM1	1	1	0	0
SYP1	1	1	0	0
RPS14A	1	0	1	0
BPH1	0	1	0	1
SNT1	1	1	0	0
RRP43	1	1	0	0
BUD5	0	1	0	1
TAF2	1	0	1	0
YCR043C	0	1	0	1
IMG1	1	0	1	0
BUD23	0	1	0	1
RSC6	1	1	0	0
THR4	0	1	0	1
PWP2	1	1	0	0
YIH1	0	1	0	1
TAH1	0	1	0	1
BUD31	1	1	0	0
HCM1	0	1	0	1
RAD18	0	1	0	1
IMG2	1	1	0	0
RSA4	1	1	0	0
SOL2	1	1	0	0
FUB1	0	1	0	1
PAT1	1	1	0	0
PTC6	0	1	0	1
SRB8	1	1	0	0
AHC2	0	1	0	1
TUP1	1	1	0	0
CSM1	0	1	0	1
FIG2	0	1	0	1
YCR090C	0	1	0	1
MSH3	1	0	1	0
CDC39	1	1	0	0
ADH7	0	1	0	1
NHP10	1	1	0	0
MCD1	0	1	0	1
ATP16	0	1	0	1
MED2	0	1	0	1
PTC1	0	1	0	1
RPT2	1	1	0	0
NOP1	1	1	0	0
TSC13	1	1	0	0
CDC7	0	1	0	1
ERP3	1	0	1	0
OSH2	1	1	0	0
RPN4	0	1	0	1
GPD1	0	1	0	1
ARP2	1	1	0	0
PRP9	1	1	0	0
DBP10	1	1	0	0
SLM3	1	0	1	0
PUS9	0	1	0	1
NAT1	1	1	0	0
SIR2	0	1	0	1
PRP11	1	1	0	0
MTF2	1	1	0	0
MRP10	0	1	0	1
SIT4	1	1	0	0
STP4	0	1	0	1
LHP1	1	1	0	0
PBP4	0	1	0	1
MCH1	0	1	0	1
PSA1	1	1	0	0
MBP1	0	1	0	1
USO1	1	0	1	0
RAD59	0	1	0	1
TSR1	1	1	0	0
PEX19	0	1	0	1
IDP1	1	1	0	0
CBS1	0	1	0	1
BDF2	0	1	0	1
BRE1	0	1	0	1
RPL31A	1	0	1	0
RXT3	1	1	0	0
VAM6	0	1	0	1
MDH3	0	1	0	1
RPP1A	0	1	0	1
RPL13A	1	0	1	0
SUB2	1	1	0	0
NDE2	0	1	0	1
LUC7	1	1	0	0
SRP14	1	1	0	0
PMT5	0	1	0	1
PMT1	0	1	0	1
RPN6	1	1	0	0
SNU23	1	1	0	0
BUG1	0	1	0	1
GET3	1	1	0	0
QRI1	0	1	0	1
KIN28	0	1	0	1
RRP42	1	1	0	0
TRM3	1	0	1	0
ATG20	1	0	1	0
IWR1	1	1	0	0
NUP84	1	1	0	0
CYK3	0	1	0	1
UBP1	0	1	0	1
HNT1	0	1	0	1
CDC48	1	1	0	0
RPP1B	0	1	0	1
STF1	0	1	0	1
LYS21	0	1	0	1
CDC53	0	1	0	1
PPH21	1	1	0	0
ARF2	0	1	0	1
SCM3	0	1	0	1
RPO21	1	0	1	0
BPL1	0	1	0	1
CCT4	1	1	0	0
YDL144C	0	1	0	1
COP1	1	1	0	0
RPN5	1	1	0	0
NOP14	1	1	0	0
ATG9	1	0	1	0
RPC53	1	1	0	0
SAS10	0	1	0	1
CLB3	1	1	0	0
CMR1	1	1	0	0
DHH1	1	1	0	0
CDC9	0	1	0	1
CDC36	1	0	1	0
FAP7	1	0	1	0
NRP1	1	0	1	0
SFA1	0	1	0	1
GLT1	1	0	1	0
PAR32	0	1	0	1
AIR2	1	1	0	0
YDL176W	0	1	0	1
PCL9	0	1	0	1
INH1	0	1	0	1
LYS20	0	1	0	1
VMA1	1	0	1	0
PPH22	1	1	0	0
UFD2	0	1	0	1
RPL35A	1	0	1	0
ARF1	1	0	1	0
SEC31	1	1	0	0
ASF2	0	1	0	1
YDL199C	0	1	0	1
TRM8	0	1	0	1
ACK1	1	1	0	0
NHP2	0	1	0	1
CWC2	1	0	1	0
NOP6	1	0	1	0
GDH2	0	1	0	1
RRI1	1	1	0	0
CDC13	0	1	0	1
SHS1	1	1	0	0
SSB1	1	0	1	0
YPD1	0	1	0	1
PHO13	0	1	0	1
ADY3	0	1	0	1
YDL241W	0	1	0	1
NTH1	1	1	0	0
MAF1	1	1	0	0
SOK1	0	1	0	1
SNQ2	0	1	0	1
RPL4B	1	0	1	0
PSF1	0	1	0	1
DAD1	0	1	0	1
KCS1	0	1	0	1
YDR018C	0	1	0	1
FAL1	0	1	0	1
SES1	0	1	0	1
RPS11A	1	0	1	0
NSI1	0	1	0	1
VPS54	1	0	1	0
REG1	1	1	0	0
PST2	1	1	0	0
MRH1	0	1	0	1
LYS14	0	1	0	1
ARO3	1	0	1	0
EHD3	1	0	1	0
KRS1	1	0	1	0
RSM10	1	1	0	0
NRG1	0	1	0	1
HEM13	1	1	0	0
RPC11	1	1	0	0
HEM12	0	1	0	1
VMS1	1	1	0	0
TPI1	1	0	1	0
DET1	0	1	0	1
DBF4	0	1	0	1
CDC34	0	1	0	1
PST1	0	1	0	1
TGL2	0	1	0	1
UBC5	0	1	0	1
MAK21	1	1	0	0
LCB2	1	0	1	0
RPS13	1	0	1	0
RRG1	0	1	0	1
DOA4	1	1	0	0
PAA1	1	1	0	0
SNF11	1	0	1	0
TPS2	1	1	0	0
PPH3	1	1	0	0
PDC2	0	1	0	1
RRP8	1	0	1	0
SSS1	0	1	0	1
RRP1	1	1	0	0
RLI1	1	1	0	0
UBC13	0	1	0	1
MSH6	1	1	0	0
GRX3	0	1	0	1
BMH2	1	1	0	0
ARX1	1	1	0	0
STE5	0	1	0	1
TRS85	1	0	1	0
ALT2	0	1	0	1
PDS1	0	1	0	1
MRPL1	1	1	0	0
TMA64	0	1	0	1
APC4	1	1	0	0
TRM1	0	1	0	1
DPB4	1	1	0	0
INO2	0	1	0	1
YDR124W	0	1	0	1
ARO1	1	1	0	0
MTC5	0	1	0	1
SAC6	1	1	0	0
RGP1	1	1	0	0
HPR1	1	1	0	0
RUB1	0	1	0	1
MTQ2	1	0	1	0
DOP1	1	1	0	0
SAN1	0	1	0	1
TAF12	1	0	1	0
KGD2	1	1	0	0
NUM1	1	0	1	0
GIR2	0	1	0	1
ENT5	0	1	0	1
CPR1	1	1	0	0
RPA14	0	1	0	1
YDR157W	0	1	0	1
SAC3	0	1	0	1
ACL4	1	0	1	0
NBP2	0	1	0	1
SEC1	1	1	0	0
TRM82	0	1	0	1
SEC5	1	1	0	0
TAF10	1	0	1	0
CDC37	1	1	0	0
STB3	0	1	0	1
SEC7	1	0	1	0
HSP42	1	1	0	0
SUP35	1	1	0	0
ARG82	0	1	0	1
HMO1	1	1	0	0
RSM24	1	1	0	0
NGG1	1	1	0	0
CSN9	1	1	0	0
SCC2	0	1	0	1
SAS4	0	1	0	1
SND1	1	1	0	0
CCT6	1	1	0	0
SLY1	0	1	0	1
RVB1	1	1	0	0
NUP42	0	1	0	1
REF2	1	1	0	0
SPC19	0	1	0	1
RAV2	1	1	0	0
UME6	1	1	0	0
MSS4	0	1	0	1
GCD6	1	1	0	0
TCP1	0	1	0	1
UPC2	0	1	0	1
AHA1	1	1	0	0
GTB1	0	1	0	1
HTB1	1	1	0	0
HTA1	1	1	0	0
SIR4	0	1	0	1
PCF11	1	0	1	0
RTN1	1	0	1	0
LYS4	0	1	0	1
PRP42	1	1	0	0
MRPL7	1	1	0	0
SEC26	1	1	0	0
YDR239C	0	1	0	1
SNU56	1	1	0	0
PRP28	0	1	0	1
MNN10	1	0	1	0
TRS23	1	1	0	0
YDR248C	0	1	0	1
PAM1	0	1	0	1
BTT1	0	1	0	1
CHL4	0	1	0	1
RMD5	0	1	0	1
AKR1	1	1	0	0
HEL2	0	1	0	1
CCC2	0	1	0	1
GLO2	0	1	0	1
BSC2	0	1	0	1
RRP45	1	1	0	0
GCN2	1	1	0	0
NSE3	0	1	0	1
RTT103	0	1	0	1
HRQ1	0	1	0	1
SRP101	1	0	1	0
SSD1	0	1	0	1
HDA2	1	0	1	0
MHR1	1	0	1	0
BFR2	1	1	0	0
PRO1	1	1	0	0
CFT1	1	1	0	0
RSC3	1	1	0	0
CPR5	0	1	0	1
SRB7	1	1	0	0
SUM1	0	1	0	1
TFB1	1	1	0	0
SSF2	0	1	0	1
RAD34	1	1	0	0
MCM21	0	1	0	1
SWA2	0	1	0	1
TIM11	0	1	0	1
MRPL35	1	1	0	0
UTP4	1	1	0	0
YCG1	0	1	0	1
YSP2	0	1	0	1
SKP1	1	1	0	0
UBX5	0	1	0	1
IRC3	0	1	0	1
SWR1	0	1	0	1
MSN5	1	0	1	0
MRPS28	1	1	0	0
HXT7	0	1	0	1
SVF1	1	1	0	0
MRP1	1	1	0	0
PAL1	1	1	0	0
TRP4	0	1	0	1
CNL1	0	1	0	1
EAF1	1	0	1	0
BCP1	1	1	0	0
TFC6	0	1	0	1
SEM1	0	1	0	1
CDC40	1	0	1	0
ESF1	1	1	0	0
XRS2	0	1	0	1
PHO92	0	1	0	1
LSM6	1	1	0	0
RGA2	1	1	0	0
YRA1	1	1	0	0
RPP2B	1	0	1	0
NKP1	0	1	0	1
EFT2	0	1	0	1
RVS167	1	1	0	0
UBA2	1	0	1	0
SPT3	1	1	0	0
RPT3	1	1	0	0
SXM1	1	0	1	0
UTP5	0	1	0	1
URH1	0	1	0	1
RPB7	1	1	0	0
MRP20	1	1	0	0
PDR15	0	1	0	1
TRS120	1	1	0	0
ADE8	0	1	0	1
SIZ1	0	1	0	1
RRP17	0	1	0	1
YDR415C	0	1	0	1
SYF1	1	1	0	0
RAD30	0	1	0	1
SIP1	1	1	0	0
DYN2	0	1	0	1
SNX41	1	0	1	0
RPN9	1	1	0	0
TIF35	1	1	0	0
CYM1	1	0	1	0
NPL3	1	0	1	0
GPI17	1	0	1	0
PPZ2	0	1	0	1
LRS4	0	1	0	1
DOT1	0	1	0	1
SSN2	1	1	0	0
RPS17B	1	0	1	0
ADA2	1	1	0	0
UTP6	1	1	0	0
RPS18A	1	0	1	0
YHP1	0	1	0	1
PPN1	0	1	0	1
TSA2	0	1	0	1
GUK1	0	1	0	1
TOM1	1	1	0	0
TFB3	0	1	0	1
MRPL28	1	1	0	0
STP1	0	1	0	1
PKH3	0	1	0	1
SDC1	1	1	0	0
UGO1	0	1	0	1
TRS31	1	1	0	0
PRP3	1	1	0	0
SNF1	1	1	0	0
SNM1	0	1	0	1
DIG2	0	1	0	1
CWC21	0	1	0	1
VPS52	1	0	1	0
VPS72	0	1	0	1
VPS60	0	1	0	1
PAC11	0	1	0	1
SLD5	0	1	0	1
PKH1	0	1	0	1
RSM28	0	1	0	1
VPS3	0	1	0	1
PUF6	1	1	0	0
SEC20	0	1	0	1
LCD1	1	1	0	0
RPL37B	0	1	0	1
PLM2	0	1	0	1
SAM2	1	1	0	0
GIN4	1	1	0	0
SMT3	0	1	0	1
SLF1	0	1	0	1
EMI2	1	0	1	0
GRH1	1	1	0	0
FPR2	0	1	0	1
URC2	0	1	0	1
SPS1	0	1	0	1
HSP31	0	1	0	1
PAD1	0	1	0	1
IRC22	0	1	0	1
WBP1	1	1	0	0
GIM4	0	1	0	1
VAB2	0	1	0	1
UBC8	0	1	0	1
VAC8	0	1	0	1
EDC3	1	1	0	0
NPP2	0	1	0	1
GTT3	0	1	0	1
EAF5	1	1	0	0
MMS21	0	1	0	1
GEA2	1	0	1	0
YEL023C	0	1	0	1
SNU13	0	1	0	1
ECM10	0	1	0	1
HYP2	0	1	0	1
ANP1	1	1	0	0
RAD23	0	1	0	1
CYC7	0	1	0	1
UTR2	0	1	0	1
YEF1	0	1	0	1
YEL043W	0	1	0	1
IES6	0	1	0	1
RML2	0	1	0	1
VMA8	1	1	0	0
RPL12A	1	1	0	0
POL5	1	1	0	0
HAT2	1	1	0	0
YEL057C	0	1	0	1
PRB1	0	1	0	1
CIN8	0	1	0	1
DSF1	0	1	0	1
MNN1	0	1	0	1
PMI40	0	1	0	1
FMP52	0	1	0	1
NUG1	1	1	0	0
TMA20	1	0	1	0
PAC2	0	1	0	1
SEC3	1	0	1	0
PRE1	1	1	0	0
PRP22	1	1	0	0
BIM1	0	1	0	1
AFG3	1	0	1	0
GPA2	0	1	0	1
RPN3	1	1	0	0
SRB4	1	1	0	0
PRO3	0	1	0	1
GCD11	1	1	0	0
GAL83	1	1	0	0
SMB1	1	1	0	0
CHZ1	0	1	0	1
YPT31	1	0	1	0
FIR1	0	1	0	1
ZRG8	0	1	0	1
EDC2	0	1	0	1
ARB1	1	0	1	0
GLN3	0	1	0	1
YEN1	0	1	0	1
SAH1	0	1	0	1
CAJ1	0	1	0	1
ISD11	1	0	1	0
TPA1	0	1	0	1
RSM18	0	1	0	1
PCL6	0	1	0	1
FCY21	0	1	0	1
THO1	0	1	0	1
VHR2	0	1	0	1
ICL1	0	1	0	1
MOT2	0	1	0	1
"""ARG5,6"	0	1	0	1
RNR1	1	1	0	0
TDA2	1	1	0	0
UTP7	1	0	1	0
GET2	0	1	0	1
ILV1	1	1	0	0
DOT6	0	1	0	1
PTC2	1	1	0	0
TRP2	1	1	0	0
MET6	1	1	0	0
IES5	1	1	0	0
PUP3	1	1	0	0
RAD51	1	1	0	0
UBP9	0	1	0	1
SSA4	1	0	1	0
GLE2	1	1	0	0
KAP123	1	1	0	0
SWI4	1	1	0	0
LSM4	1	1	0	0
BOI2	1	0	1	0
SLX8	0	1	0	1
SCS2	1	1	0	0
GLO3	0	1	0	1
RSP5	0	1	0	1
NSA2	1	0	1	0
LCP5	0	1	0	1
SAK1	1	0	1	0
RPS26B	0	1	0	1
PMD1	0	1	0	1
GLC7	1	1	0	0
GDI1	1	1	0	0
RTR1	1	1	0	0
DDI1	0	1	0	1
FTR1	0	1	0	1
LSM5	1	1	0	0
SCC4	0	1	0	1
SPT15	1	1	0	0
PEA2	0	1	0	1
UBP3	1	1	0	0
BEM2	1	1	0	0
YER156C	0	1	0	1
COG3	1	0	1	0
SPT2	0	1	0	1
RAD4	0	1	0	1
CHD1	1	1	0	0
PAB1	1	0	1	0
DNF1	0	1	0	1
CCA1	0	1	0	1
RAD3	1	1	0	0
BRR2	1	1	0	0
GRX4	0	1	0	1
BMH1	1	1	0	0
PDA1	1	1	0	0
DMC1	0	1	0	1
YER184C	0	1	0	1
SPB4	1	1	0	0
BLM10	1	0	1	0
SMC1	1	1	0	0
IES1	1	1	0	0
HSP12	0	1	0	1
MDJ1	0	1	0	1
GNA1	0	1	0	1
SMX2	0	1	0	1
LPD1	1	0	1	0
GAT1	0	1	0	1
FRS2	1	1	0	0
EPL1	1	1	0	0
STE2	0	1	0	1
CAK1	0	1	0	1
RIM15	0	1	0	1
YFL034W	1	1	0	0
TUB2	1	1	0	0
YPT1	1	1	0	0
ACT1	1	0	1	0
FET5	0	1	0	1
OTU1	0	1	0	1
SEC53	1	0	1	0
SWP82	1	1	0	0
YFL054C	0	1	0	1
LOC1	1	1	0	0
NIC96	1	1	0	0
YPI1	0	1	0	1
RPN11	1	1	0	0
YFR006W	1	0	1	0
FAR7	0	1	0	1
GCN20	1	1	0	0
UBP6	1	1	0	0
IOC3	1	1	0	0
CMK1	0	1	0	1
GSY1	0	1	0	1
IGD1	0	1	0	1
FAB1	1	1	0	0
ROG3	0	1	0	1
LSB3	1	1	0	0
HIS2	0	1	0	1
CDC14	1	1	0	0
MET10	1	1	0	0
SMC2	0	1	0	1
RPL2A	1	0	1	0
RRT5	0	1	0	1
PHO4	0	1	0	1
CDC26	0	1	0	1
RSC8	1	1	0	0
SAP155	1	1	0	0
IRC6	0	1	0	1
DUG1	1	1	0	0
RMD8	0	1	0	1
YMR31	1	0	1	0
PRE4	1	1	0	0
RET2	1	1	0	0
RPN12	1	1	0	0
HXK1	0	1	0	1
IRC7	0	1	0	1
ERG26	1	0	1	0
RPN14	0	1	0	1
COG7	1	0	1	0
PMA1	0	1	0	1
LEU1	0	1	0	1
SCL1	1	1	0	0
PDR1	1	0	1	0
PUF4	0	1	0	1
KAP122	1	1	0	0
ATE1	0	1	0	1
CKB1	1	1	0	0
GET1	0	1	0	1
STT3	1	1	0	0
PGD1	1	1	0	0
CWH41	0	1	0	1
RPL30	1	0	1	0
RPL24A	1	0	1	0
MIG1	0	1	0	1
YGL039W	1	1	0	0
DST1	0	1	0	1
RNA15	1	0	1	0
RIM8	0	1	0	1
RPT6	1	1	0	0
TIF4632	1	1	0	0
TYW3	0	1	0	1
OLE1	0	1	0	1
RAD6	0	1	0	1
DUO1	0	1	0	1
PYC1	0	1	0	1
PUS2	0	1	0	1
MRH4	0	1	0	1
SGF73	1	1	0	0
NPY1	0	1	0	1
MNP1	0	1	0	1
RPB9	1	1	0	0
HSF1	0	1	0	1
RPL7A	1	0	1	0
DBP3	0	1	0	1
KXD1	0	1	0	1
YGL082W	0	1	0	1
MMS2	0	1	0	1
NUP145	1	1	0	0
PAN2	1	1	0	0
VPS45	0	1	0	1
TOS8	0	1	0	1
SRM1	0	1	0	1
USE1	1	0	1	0
LSG1	1	1	0	0
SEH1	1	1	0	0
RPL28	1	0	1	0
ARC1	1	1	0	0
MLC1	1	1	0	0
YGL108C	0	1	0	1
NSA1	1	0	1	0
TAF6	1	1	0	0
SLD3	0	1	0	1
SNF4	1	1	0	0
CDC20	0	1	0	1
PRP43	1	1	0	0
GPG1	0	1	0	1
NAB2	0	1	0	1
MON1	0	1	0	1
MET13	0	1	0	1
SOH1	0	1	0	1
CWC23	1	1	0	0
RSM23	1	1	0	0
CEG1	1	0	1	0
SNT2	0	1	0	1
ITC1	1	1	0	0
PCL10	0	1	0	1
SEC27	1	1	0	0
YGL140C	0	1	0	1
HUL5	0	1	0	1
MRF1	0	1	0	1
TIP20	1	0	1	0
RPL9A	1	0	1	0
INO80	1	1	0	0
NUT1	1	1	0	0
LYS5	1	0	1	0
AMS1	1	0	1	0
ARI1	0	1	0	1
YIP5	0	1	0	1
CUP2	0	1	0	1
PMR1	1	1	0	0
ROK1	1	1	0	0
NUP49	0	1	0	1
XRN1	1	0	1	0
BUD13	0	1	0	1
SAE2	0	1	0	1
MPT5	0	1	0	1
GTS1	0	1	0	1
COX4	0	1	0	1
CDC55	1	1	0	0
HOS2	1	0	1	0
GCN1	1	1	0	0
MDS3	1	1	0	0
EMP24	1	1	0	0
MCM6	0	1	0	1
KEX1	0	1	0	1
CHC1	1	1	0	0
SPT16	1	1	0	0
SIP2	1	1	0	0
SKI8	1	1	0	0
CLG1	0	1	0	1
BOL2	0	1	0	1
COG1	1	0	1	0
VID30	0	1	0	1
SAP4	0	1	0	1
TAN1	1	1	0	0
SEC15	1	0	1	0
"""ADE5,7"	1	1	0	0
CSE1	1	1	0	0
DOC1	0	1	0	1
KAP114	1	1	0	0
YGL242C	0	1	0	1
RTF1	1	1	0	0
GUS1	1	1	0	0
RAI1	1	1	0	0
HFM1	0	1	0	1
RTG2	1	1	0	0
HXK2	0	1	0	1
SWC4	0	1	0	1
CUL3	0	1	0	1
TFG2	1	1	0	0
PRP18	0	1	0	1
YGR012W	0	1	0	1
SNU71	1	1	0	0
YGR017W	1	0	1	0
VMA7	1	1	0	0
RPS25A	1	0	1	0
POP6	0	1	0	1
IMO32	0	1	0	1
GSC2	0	1	0	1
TIM21	0	1	0	1
RPL26B	1	0	1	0
ACB1	0	1	0	1
BUD9	0	1	0	1
NQM1	0	1	0	1
TFC4	0	1	0	1
UFD1	1	1	0	0
FMP48	0	1	0	1
YGR054W	1	1	0	0
RSC1	1	1	0	0
ADE6	0	1	0	1
COX18	0	1	0	1
SPT4	1	1	0	0
YGR067C	0	1	0	1
ART5	0	1	0	1
ENV11	0	1	0	1
UPF3	0	1	0	1
SMD1	1	1	0	0
PRP38	1	1	0	0
MRPL25	0	1	0	1
PAC10	0	1	0	1
SLX9	1	1	0	0
GCD2	1	1	0	0
MRP13	1	1	0	0
RPL11B	1	0	1	0
PIL1	1	1	0	0
PDC6	0	1	0	1
UTP22	1	1	0	0
PRP31	1	1	0	0
DRN1	0	1	0	1
VAS1	1	0	1	0
RRP46	1	1	0	0
ASK10	0	1	0	1
ESP1	0	1	0	1
NOP7	1	1	0	0
SRB5	1	1	0	0
CLB1	0	1	0	1
DAM1	0	1	0	1
SPT6	1	1	0	0
NUP57	1	1	0	0
COG2	1	0	1	0
PPT1	0	1	0	1
ASN2	0	1	0	1
YGR126W	0	1	0	1
UTP8	1	1	0	0
SYF2	0	1	0	1
YGR130C	1	1	0	0
PHB1	1	0	1	0
CAF130	1	1	0	0
PRE9	1	1	0	0
LSB1	0	1	0	1
CBF2	0	1	0	1
SKN1	1	0	1	0
ENP2	1	1	0	0
CYS4	1	1	0	0
PTI1	1	1	0	0
MTR3	1	1	0	0
RTS3	1	1	0	0
TIF4631	1	1	0	0
MRPS35	1	1	0	0
TRS65	1	0	1	0
CLC1	1	1	0	0
PSD2	1	1	0	0
MSM1	0	1	0	1
RBG2	0	1	0	1
ERG1	1	0	1	0
ATF2	0	1	0	1
PBP1	1	0	1	0
OKP1	0	1	0	1
RNR4	1	1	0	0
TYS1	0	1	0	1
TFG1	1	1	0	0
HGH1	1	1	0	0
BUB1	0	1	0	1
TDH3	1	0	1	0
PDX1	1	0	1	0
SKI6	1	1	0	0
YPP1	0	1	0	1
ELP2	1	1	0	0
PCT1	0	1	0	1
ADE3	1	1	0	0
CIR1	0	1	0	1
TRX2	0	1	0	1
ZPR1	0	1	0	1
RPS0A	1	0	1	0
RSM27	1	1	0	0
CRM1	1	0	1	0
MRPL9	1	1	0	0
HSV2	0	1	0	1
SMI1	0	1	0	1
PHB2	1	1	0	0
NAS6	1	1	0	0
PHO81	1	1	0	0
YHB1	1	0	1	0
YGR237C	0	1	0	1
KEL2	0	1	0	1
PFK1	1	1	0	0
LSC2	0	1	0	1
SDA1	1	1	0	0
BRF1	0	1	0	1
SOL4	0	1	0	1
YGR250C	1	1	0	0
NOP19	0	1	0	1
GCN5	1	1	0	0
PUP2	0	1	0	1
ENO1	1	0	1	0
COQ6	0	1	0	1
GND2	0	1	0	1
APL6	1	1	0	0
BUD32	0	1	0	1
SAY1	0	1	0	1
MES1	1	1	0	0
YGR266W	0	1	0	1
FOL2	0	1	0	1
TAF1	1	0	1	0
RTT102	1	1	0	0
CWC22	1	1	0	0
YOR1	1	1	0	0
YGR283C	0	1	0	1
ZUO1	1	1	0	0
BIO2	0	1	0	1
RPL14B	1	0	1	0
HSE1	0	1	0	1
MRP4	1	1	0	0
STE20	0	1	0	1
YHL008C	0	1	0	1
PRS3	1	0	1	0
YLF2	0	1	0	1
RPS20	1	0	1	0
APM2	1	1	0	0
OPI1	1	0	1	0
RIM4	0	1	0	1
SNF6	1	1	0	0
ECM29	1	1	0	0
GUT1	0	1	0	1
RPL8A	1	0	1	0
SBP1	1	1	0	0
EFM1	0	1	0	1
ERG11	0	1	0	1
SOD2	0	1	0	1
RPL27A	1	0	1	0
DIA4	0	1	0	1
VPS29	1	1	0	0
ARD1	0	1	0	1
DED81	1	0	1	0
YHR020W	1	0	1	0
MYO1	1	1	0	0
MAS2	1	0	1	0
THR1	0	1	0	1
RPN1	1	1	0	0
YHI9	1	1	0	0
PIH1	0	1	0	1
YHR035W	0	1	0	1
BRL1	0	1	0	1
MSC7	0	1	0	1
VMA10	1	1	0	0
SRB2	1	1	0	0
NCP1	0	1	0	1
INM1	0	1	0	1
CIC1	1	1	0	0
YHR054C	0	1	0	1
RSC30	1	0	1	0
MED6	1	1	0	0
FYV4	0	1	0	1
GIC1	0	1	0	1
RPP1	1	1	0	0
SSZ1	1	1	0	0
RRP3	0	1	0	1
SSF1	0	1	0	1
HTD2	0	1	0	1
RRP4	1	1	0	0
TRM5	0	1	0	1
NOP10	0	1	0	1
OSH3	0	1	0	1
QNS1	0	1	0	1
PTC7	0	1	0	1
NMD2	0	1	0	1
IRE1	0	1	0	1
LRP1	1	1	0	0
KSP1	0	1	0	1
STE12	0	1	0	1
IPI1	1	0	1	0
NAM8	1	1	0	0
RPF1	1	0	1	0
GAR1	0	1	0	1
YNG2	0	1	0	1
YHR097C	0	1	0	1
TRA1	1	1	0	0
KIC1	0	1	0	1
CDC12	1	1	0	0
ERP5	1	0	1	0
UBA4	0	1	0	1
BZZ1	1	1	0	0
ORC6	1	1	0	0
SET1	1	1	0	0
LSM12	1	1	0	0
NDT80	0	1	0	1
YHR127W	0	1	0	1
FUR1	1	0	1	0
YHR131C	0	1	0	1
ARO9	0	1	0	1
YHR138C	0	1	0	1
RPC10	0	1	0	1
MRPL6	1	0	1	0
IMP3	1	0	1	0
LAM1	0	1	0	1
LIN1	1	1	0	0
KEL1	1	1	0	0
YAP1801	0	1	0	1
DNA2	1	1	0	0
PRP8	1	1	0	0
CDC23	1	1	0	0
THP2	1	1	0	0
DBP8	1	1	0	0
NMD3	1	1	0	0
SPC97	1	1	0	0
ENO2	1	0	1	0
OYE2	1	1	0	0
YHR182W	0	1	0	1
GND1	0	1	0	1
PFS1	0	1	0	1
IKI1	1	1	0	0
CTF8	0	1	0	1
EGD2	0	1	0	1
UTP9	1	1	0	0
RIX1	1	0	1	0
RPN10	1	1	0	0
MNL1	0	1	0	1
BAT1	1	0	1	0
IMD2	1	1	0	0
NAS2	0	1	0	1
BAR1	0	1	0	1
VID28	0	1	0	1
HIS6	0	1	0	1
RPB3	1	1	0	0
TIM44	1	0	1	0
IRR1	0	1	0	1
BCY1	0	1	0	1
CAP2	1	1	0	0
CKA1	1	1	0	0
CST6	0	1	0	1
NOT3	0	1	0	1
TED1	0	1	0	1
GVP36	0	1	0	1
CBR1	0	1	0	1
PIG2	0	1	0	1
MET30	0	1	0	1
SYG1	0	1	0	1
PCL7	0	1	0	1
MMF1	0	1	0	1
VHR1	0	1	0	1
SNP1	1	1	0	0
ARC15	1	1	0	0
YRB2	0	1	0	1
RNR3	0	1	0	1
YIL067C	0	1	0	1
SEC6	1	1	0	0
RPS24B	1	1	0	0
MAM33	1	1	0	0
PCI8	1	1	0	0
SER33	1	0	1	0
RPN2	1	1	0	0
SEC28	1	1	0	0
THS1	1	0	1	0
AIR1	0	1	0	1
SDS3	1	1	0	0
UTP25	0	1	0	1
RSM25	1	1	0	0
LYS12	1	1	0	0
PRK1	0	1	0	1
BMT5	0	1	0	1
FYV10	0	1	0	1
FMC1	0	1	0	1
SGA1	0	1	0	1
XBP1	0	1	0	1
DPH1	1	0	1	0
SHQ1	1	0	1	0
SLM1	0	1	0	1
PFK26	0	1	0	1
YIL108W	0	1	0	1
SEC24	1	1	0	0
HOS4	1	1	0	0
NUP159	1	1	0	0
QDR2	0	1	0	1
KGD1	1	1	0	0
STH1	1	1	0	0
RRT14	0	1	0	1
MET18	1	0	1	0
TAO3	1	0	1	0
RPL16A	1	0	1	0
VHS2	0	1	0	1
TMA108	0	1	0	1
CCT2	1	1	0	0
SLN1	0	1	0	1
RPL40A	0	1	0	1
MLP2	0	1	0	1
YIL152W	0	1	0	1
RRD1	0	1	0	1
IMP2'	0	1	0	1
UBP7	0	1	0	1
YIL161W	1	1	0	0
VTH1	0	1	0	1
YIL177C	0	1	0	1
SGN1	1	1	0	0
MPH1	1	0	1	0
AIM21	1	1	0	0
PAN1	0	1	0	1
YIR007W	0	1	0	1
PRI1	1	1	0	0
MSL1	1	1	0	0
SQT1	0	1	0	1
RPR2	0	1	0	1
MRS1	0	1	0	1
SEC11	0	1	0	1
MND2	0	1	0	1
DCG1	0	1	0	1
MGA2	0	1	0	1
YIR035C	1	1	0	0
HYR1	0	1	0	1
PRE3	1	1	0	0
OST1	1	0	1	0
CYR1	1	1	0	0
CTK2	1	1	0	0
CCT8	1	1	0	0
RPC17	1	1	0	0
BBC1	0	1	0	1
PET130	0	1	0	1
APS3	0	1	0	1
RNR2	1	1	0	0
VPS53	1	0	1	0
HCA4	1	1	0	0
KAR2	1	1	0	0
TAD2	0	1	0	1
SNX4	1	0	1	0
NUP192	1	0	1	0
NSP1	1	1	0	0
GYP6	0	1	0	1
AIM22	0	1	0	1
RTT101	0	1	0	1
MTR4	1	1	0	0
IRC8	0	1	0	1
TDH1	1	1	0	0
PEP8	0	1	0	1
ZAP1	0	1	0	1
NUP82	1	1	0	0
MRPL8	1	1	0	0
DLS1	0	1	0	1
MPM1	0	1	0	1
YJL068C	0	1	0	1
UTP18	1	1	0	0
YJL070C	0	1	0	1
PSF2	0	1	0	1
SMC3	1	1	0	0
NET1	1	1	0	0
SCP160	1	1	0	0
ARP4	1	1	0	0
ALY2	0	1	0	1
EXO70	1	0	1	0
ARG3	0	1	0	1
BCK1	0	1	0	1
SAP185	1	1	0	0
CHS6	1	0	1	0
GSH1	1	0	1	0
MEF2	0	1	0	1
SET4	0	1	0	1
YJL107C	0	1	0	1
UTP10	1	1	0	0
GZF3	0	1	0	1
CCT7	1	0	1	0
ASF1	0	1	0	1
PHO86	0	1	0	1
YJL118W	0	1	0	1
ALB1	0	1	0	1
MTC1	0	1	0	1
LSM1	1	1	0	0
GCD14	0	1	0	1
PBS2	0	1	0	1
TRK1	0	1	0	1
URA2	1	1	0	0
AIM23	0	1	0	1
YJL132W	0	1	0	1
GLG2	0	1	0	1
TIF2	0	1	0	1
RPB4	1	1	0	0
YJL144W	0	1	0	1
IDS2	1	0	1	0
RPA34	0	1	0	1
VPS35	1	1	0	0
FBP26	1	1	0	0
HSP150	0	1	0	1
TPK1	0	1	0	1
HAL5	0	1	0	1
SET2	0	1	0	1
RFA3	1	1	0	0
SWI3	1	1	0	0
RPL17B	1	0	1	0
PFD1	0	1	0	1
ATP12	0	1	0	1
MNN11	1	0	1	0
GON7	0	1	0	1
SWE1	0	1	0	1
RPS22A	1	0	1	0
RPS14B	1	0	1	0
SOP4	0	1	0	1
CDC6	1	1	0	0
UBP12	0	1	0	1
MBB1	0	1	0	1
ACO2	0	1	0	1
ECM25	1	0	1	0
PRP21	1	1	0	0
LAA1	0	1	0	1
NUC1	1	0	1	0
AVT1	0	1	0	1
MPP10	1	1	0	0
APL1	0	1	0	1
SUI2	1	1	0	0
TDH2	1	1	0	0
SPC1	0	1	0	1
YJR011C	0	1	0	1
TMA22	1	0	1	0
ESS1	0	1	0	1
LSM8	0	1	0	1
BNA1	0	1	0	1
GEA1	0	1	0	1
CPR7	0	1	0	1
RAV1	1	1	0	0
HUL4	0	1	0	1
URB2	1	1	0	0
NUP85	1	1	0	0
POL32	0	1	0	1
SSC1	1	1	0	0
ANB1	0	1	0	1
ISY1	1	1	0	0
OSM1	0	1	0	1
RAD7	0	1	0	1
BFA1	0	1	0	1
APS2	0	1	0	1
PTK2	0	1	0	1
CBF1	0	1	0	1
RPA12	1	1	0	0
CCT5	1	0	1	0
ARP3	1	1	0	0
TOR1	0	1	0	1
YAE1	0	1	0	1
RFC2	1	1	0	0
HAM1	0	1	0	1
HOC1	1	0	1	0
CDC11	1	1	0	0
MIR1	1	0	1	0
EAF6	0	1	0	1
CSN12	1	1	0	0
BIR1	0	1	0	1
GRR1	0	1	0	1
JSN1	0	1	0	1
BUD4	1	1	0	0
FIP1	1	1	0	0
RPL43B	0	1	0	1
YJR096W	0	1	0	1
YJR098C	0	1	0	1
RSM26	1	1	0	0
VPS25	0	1	0	1
URA8	0	1	0	1
SOD1	0	1	0	1
ADO1	0	1	0	1
ECM27	0	1	0	1
CPA2	1	1	0	0
YMR1	0	1	0	1
RSM7	1	1	0	0
JHD2	0	1	0	1
ATP2	1	1	0	0
RPS5	1	0	1	0
ENT3	0	1	0	1
MNS1	0	1	0	1
NMD5	1	0	1	0
MCM22	0	1	0	1
IML1	1	0	1	0
HOM6	0	1	0	1
HIR3	0	1	0	1
PMT4	0	1	0	1
RPS4A	1	0	1	0
BAT2	1	1	0	0
YJR154W	0	1	0	1
THI11	0	1	0	1
MRP17	1	1	0	0
AUR1	0	1	0	1
BYE1	0	1	0	1
RPL14A	1	0	1	0
CAP1	1	1	0	0
MRT4	1	1	0	0
UFD4	1	1	0	0
PRP40	1	1	0	0
ARC19	1	1	0	0
URB1	1	1	0	0
PUT3	0	1	0	1
SWD2	1	1	0	0
CDC16	1	1	0	0
YKL023W	0	1	0	1
URA6	0	1	0	1
PAN3	1	1	0	0
TCD2	0	1	0	1
TFA1	1	1	0	0
MAE1	1	1	0	0
UGP1	0	1	0	1
AIM26	0	1	0	1
PTM1	1	0	1	0
NFU1	0	1	0	1
VPS24	0	1	0	1
PRI2	1	0	1	0
ANR2	0	1	0	1
ELM1	0	1	0	1
YKL050C	0	1	0	1
ASK1	0	1	0	1
TMA19	0	1	0	1
NUP120	1	1	0	0
TOA2	0	1	0	1
MPE1	1	1	0	0
FBA1	1	0	1	0
BLI1	0	1	0	1
YNK1	1	0	1	0
YKL069W	0	1	0	1
YKL075C	0	1	0	1
DHR2	0	1	0	1
VMA5	1	1	0	0
TEF4	1	1	0	0
RRP14	0	1	0	1
MDH1	1	0	1	0
CAB3	1	1	0	0
YKL091C	0	1	0	1
BUD2	0	1	0	1
MBR1	0	1	0	1
YJU2	0	1	0	1
CWP2	0	1	0	1
YKL100C	0	1	0	1
HSL1	1	1	0	0
GFA1	1	1	0	0
KTI12	0	1	0	1
RAD27	0	1	0	1
APN1	0	1	0	1
SBA1	0	1	0	1
VPH2	1	0	1	0
SRP21	1	1	0	0
SSH4	0	1	0	1
RRN3	1	0	1	0
YPK1	0	1	0	1
PMU1	0	1	0	1
MYO3	0	1	0	1
SHE2	1	1	0	0
RMA1	0	1	0	1
APL2	1	1	0	0
CTK1	1	1	0	0
MRP8	1	1	0	0
LTV1	1	1	0	0
RPC25	1	1	0	0
RPT1	1	1	0	0
YKL151C	0	1	0	1
GPM1	1	0	1	0
SRP102	1	0	1	0
RSM22	1	1	0	0
APE2	1	1	0	0
RCN1	0	1	0	1
ELF1	0	1	0	1
PIR1	0	1	0	1
MRP49	1	1	0	0
EBP2	1	1	0	0
SNU114	1	1	0	0
COY1	0	1	0	1
RPL17A	1	0	1	0
PRS1	1	0	1	0
FAS1	1	1	0	0
ASH1	0	1	0	1
CNB1	0	1	0	1
DPH2	1	1	0	0
ACP1	0	1	0	1
SDS22	1	1	0	0
MIA40	0	1	0	1
YKT6	1	0	1	0
TOR2	0	1	0	1
EAP1	0	1	0	1
ADD66	0	1	0	1
UBA1	0	1	0	1
TRP3	1	1	0	0
SAC1	0	1	0	1
DOA1	0	1	0	1
YRA2	0	1	0	1
OXP1	0	1	0	1
URA1	0	1	0	1
VPS1	1	1	0	0
PAP1	1	1	0	0
OSH6	0	1	0	1
MRPL13	1	1	0	0
RSC4	1	1	0	0
FOX2	0	1	0	1
TOF2	0	1	0	1
YPT52	1	1	0	0
YKR015C	0	1	0	1
YKR018C	1	0	1	0
NTR2	1	1	0	0
DBP7	0	1	0	1
RPC37	1	1	0	0
GCN3	1	1	0	0
BCH2	1	1	0	0
SAP190	1	1	0	0
SET3	1	1	0	0
SPO14	1	0	1	0
CAF4	0	1	0	1
SPC34	0	1	0	1
KAE1	0	1	0	1
UTH1	0	1	0	1
SHB17	0	1	0	1
NAP1	1	1	0	0
FMP46	0	1	0	1
DYN1	0	1	0	1
TRM2	0	1	0	1
RPS21A	1	0	1	0
GLG1	0	1	0	1
TIF1	1	1	0	0
UTP30	1	0	1	0
TFA2	0	1	0	1
OAF3	0	1	0	1
GPT2	1	1	0	0
BET3	1	1	0	0
YKR070W	0	1	0	1
DRE2	0	1	0	1
SIS2	0	1	0	1
MSA2	0	1	0	1
YKR078W	0	1	0	1
TRZ1	1	0	1	0
RPF2	1	1	0	0
NUP133	0	1	0	1
DAD2	0	1	0	1
MRPL20	1	1	0	0
PRP16	0	1	0	1
SRP40	0	1	0	1
MLP1	1	1	0	0
UBP11	0	1	0	1
SIR1	0	1	0	1
DNM1	1	1	0	0
ORC3	1	1	0	0
SPO75	0	1	0	1
DRS1	1	1	0	0
PSR1	0	1	0	1
SOF1	1	0	1	0
PUF3	0	1	0	1
DPS1	1	1	0	0
KNS1	0	1	0	1
SPA2	1	1	0	0
HIF1	1	1	0	0
POM33	0	1	0	1
SSA2	1	0	1	0
HSP104	0	1	0	1
ISA1	0	1	0	1
FRA1	0	1	0	1
YLL032C	0	1	0	1
IRC19	0	1	0	1
RIX7	1	0	1	0
PRP19	1	1	0	0
VPS13	1	1	0	0
RPL8B	1	0	1	0
COF1	0	1	0	1
YCT1	0	1	0	1
GTT2	0	1	0	1
MHT1	0	1	0	1
AYT1	0	1	0	1
NOC3	1	1	0	0
CMS1	1	0	1	0
SSL1	1	1	0	0
SSK1	0	1	0	1
LOT6	0	1	0	1
PPR1	0	1	0	1
BRE2	1	1	0	0
PSR2	0	1	0	1
IRC25	0	1	0	1
SDO1	0	1	0	1
IZH3	0	1	0	1
UBR2	0	1	0	1
SNF7	0	1	0	1
SED5	0	1	0	1
AAT2	0	1	0	1
ADE16	1	1	0	0
RPL15A	1	0	1	0
RAD5	0	1	0	1
RSC58	1	1	0	0
SMF3	0	1	0	1
MLH2	1	1	0	0
RIC1	1	1	0	0
TRX1	0	1	0	1
PDC1	1	0	1	0
STU2	0	1	0	1
RPS0B	1	1	0	0
FCF2	0	1	0	1
IES3	1	1	0	0
SPT8	1	1	0	0
SHM2	0	1	0	1
FRS1	1	1	0	0
PER33	0	1	0	1
SPC3	0	1	0	1
MEF1	0	1	0	1
RGR1	1	1	0	0
LAM6	0	1	0	1
BUD20	1	0	1	0
RPL10	1	1	0	0
SIC1	1	1	0	0
RAX2	0	1	0	1
ARP6	0	1	0	1
SMC4	0	1	0	1
GAA1	1	0	1	0
ALT1	0	1	0	1
XDJ1	0	1	0	1
GEP5	0	1	0	1
IOC2	0	1	0	1
KIN2	0	1	0	1
HRT3	0	1	0	1
APC9	1	1	0	0
MDN1	1	1	0	0
AHP1	0	1	0	1
HOG1	0	1	0	1
CFT2	1	1	0	0
CLF1	1	1	0	0
APC2	1	1	0	0
DIP2	1	1	0	0
ACE2	0	1	0	1
USB1	0	1	0	1
CKI1	0	1	0	1
SLX4	0	1	0	1
NHA1	0	1	0	1
SLS1	1	1	0	0
DPH6	0	1	0	1
ACF2	0	1	0	1
RMP1	0	1	0	1
SPE4	0	1	0	1
SMD3	1	1	0	0
PEP3	0	1	0	1
STM1	1	1	0	0
ACS2	1	1	0	0
MAS1	1	0	1	0
SEC10	1	0	1	0
RPS31	0	1	0	1
APS1	1	1	0	0
DPH5	1	0	1	0
CBF5	1	1	0	0
RFX1	0	1	0	1
TFS1	0	1	0	1
YLR179C	0	1	0	1
SAM1	1	1	0	0
VTA1	0	1	0	1
SWI6	1	1	0	0
RPL37A	0	1	0	1
EMG1	1	0	1	0
SKG3	0	1	0	1
ATG26	1	0	1	0
MMR1	0	1	0	1
HCR1	1	1	0	0
PWP1	1	1	0	0
NOP56	1	0	1	0
PBA1	0	1	0	1
YKE2	0	1	0	1
MSS51	1	1	0	0
SEC13	1	1	0	0
CLB4	0	1	0	1
ATG38	0	1	0	1
TUB4	1	1	0	0
CDC123	1	1	0	0
CPR6	0	1	0	1
COA4	0	1	0	1
MSC3	0	1	0	1
RSA3	1	1	0	0
UTP13	1	0	1	0
IFH1	0	1	0	1
BUR2	1	1	0	0
BNA5	0	1	0	1
VPS34	1	1	0	0
MAP1	0	1	0	1
ERF2	0	1	0	1
IRC20	0	1	0	1
RCK2	0	1	0	1
YEF3	1	1	0	0
HAP1	0	1	0	1
YLR257W	0	1	0	1
GSY2	1	1	0	0
HSP60	1	1	0	0
LCB5	0	1	0	1
YPT6	0	1	0	1
RPS28B	1	0	1	0
NEJ1	0	1	0	1
SEC22	1	0	1	0
DCS1	0	1	0	1
YCS4	0	1	0	1
PIG1	0	1	0	1
MCM5	1	0	1	0
SMD2	1	1	0	0
DBP9	1	1	0	0
YSH1	1	1	0	0
YLR278C	0	1	0	1
YLR287C	1	1	0	0
MEC3	0	1	0	1
COQ11	0	1	0	1
GCD7	1	1	0	0
SEC72	1	1	0	0
GSP1	0	1	0	1
YHC1	1	1	0	0
ECM38	0	1	0	1
MET17	0	1	0	1
ACO1	1	1	0	0
STT4	0	1	0	1
IMH1	0	1	0	1
CDC25	1	1	0	0
MRPL15	1	1	0	0
CDC3	1	1	0	0
NKP2	0	1	0	1
BUD6	0	1	0	1
MMS22	0	1	0	1
SFH1	1	1	0	0
RPL38	1	1	0	0
CHS5	1	1	0	0
RPS25B	1	1	0	0
NUP2	1	1	0	0
SGD1	0	1	0	1
VRP1	0	1	0	1
RPP0	1	0	1	0
SPO77	0	1	0	1
FKS1	1	1	0	0
YLR345W	1	1	0	0
KAP95	1	1	0	0
TAL1	0	1	0	1
ILV5	1	1	0	0
ATG33	0	1	0	1
RSC2	1	1	0	0
YLR358C	0	1	0	1
ADE13	0	1	0	1
VPS38	1	0	1	0
STE11	0	1	0	1
RPS22B	1	0	1	0
SSQ1	0	1	0	1
ARC18	1	1	0	0
ROM2	1	1	0	0
VID22	1	1	0	0
STP3	0	1	0	1
FBP1	0	1	0	1
CSR1	0	1	0	1
CTF3	0	1	0	1
NAM2	0	1	0	1
IKI3	1	1	0	0
SWC7	0	1	0	1
VAC14	1	1	0	0
REH1	0	1	0	1
SKI2	1	1	0	0
BDF1	0	1	0	1
DUS3	0	1	0	1
SFP1	0	1	0	1
YLR407W	0	1	0	1
BLS1	0	1	0	1
UTP21	1	1	0	0
VIP1	1	1	0	0
VPS36	0	1	0	1
CDC73	1	1	0	0
YLR419W	0	1	0	1
RPN13	1	1	0	0
SPP382	1	1	0	0
TUS1	1	1	0	0
TDA5	0	1	0	1
CRN1	1	1	0	0
SEN1	1	1	0	0
IMD3	1	1	0	0
CNA1	0	1	0	1
TSR2	0	1	0	1
ECM30	1	1	0	0
LSM3	0	1	0	1
MRPL4	1	1	0	0
SEC39	1	0	1	0
RPS1A	1	0	1	0
SIR3	0	1	0	1
VMA6	1	0	1	0
RPL6B	1	0	1	0
FPR4	1	0	1	0
SST2	1	1	0	0
FMP27	0	1	0	1
YLR455W	0	1	0	1
YML002W	0	1	0	1
TRM12	0	1	0	1
GIS4	0	1	0	1
YAP1	1	1	0	0
ERG6	0	1	0	1
MRPL39	1	0	1	0
SPT5	1	1	0	0
RAD33	0	1	0	1
ERV25	1	1	0	0
TRM9	0	1	0	1
TAF11	1	0	1	0
PPZ1	1	1	0	0
PSP2	0	1	0	1
RPS17A	1	0	1	0
YML6	1	1	0	0
TSA1	1	1	0	0
USA1	0	1	0	1
NDC1	0	1	0	1
RAD52	1	1	0	0
SRC1	0	1	0	1
AMD1	0	1	0	1
CGI121	0	1	0	1
VPS71	0	1	0	1
PRP39	1	1	0	0
RSE1	1	1	0	0
GAL80	0	1	0	1
SUR7	0	1	0	1
SPC2	0	1	0	1
IMD4	1	1	0	0
CMP2	0	1	0	1
SML1	0	1	0	1
NTE1	0	1	0	1
OGG1	0	1	0	1
MFT1	1	1	0	0
RPS1B	1	0	1	0
TEM1	0	1	0	1
ORC1	1	1	0	0
ERV41	1	0	1	0
POB3	1	1	0	0
COG8	1	0	1	0
TCB3	1	1	0	0
RPL6A	1	0	1	0
HMG1	1	0	1	0
WAR1	0	1	0	1
BET5	1	0	1	0
CPR3	0	1	0	1
TUB1	1	1	0	0
RPM2	1	1	0	0
PRE8	1	1	0	0
UTP14	0	1	0	1
GIM5	0	1	0	1
RAD10	0	1	0	1
VPS9	1	0	1	0
TSL1	1	1	0	0
CUE4	0	1	0	1
CAC2	0	1	0	1
NUP188	0	1	0	1
SEC65	1	1	0	0
URA5	0	1	0	1
PML39	0	1	0	1
ZDS2	1	1	0	0
BUL2	0	1	0	1
CTK3	1	1	0	0
TAF8	1	0	1	0
NAB6	1	0	1	0
GTR1	0	1	0	1
TUB3	1	1	0	0
ERG13	1	1	0	0
RSC9	1	1	0	0
ERO1	1	0	1	0
YML131W	0	1	0	1
TAF4	1	0	1	0
YMR007W	0	1	0	1
YMR010W	0	1	0	1
CLU1	1	1	0	0
BUD22	0	1	0	1
SOK2	0	1	0	1
STB4	0	1	0	1
FMS1	0	1	0	1
MSS1	0	1	0	1
MRPL3	1	1	0	0
CSI1	1	1	0	0
TAP42	0	1	0	1
FAR8	1	0	1	0
EIS1	0	1	0	1
ARP9	1	1	0	0
YMR034C	0	1	0	1
ARA2	0	1	0	1
MCM1	0	1	0	1
IOC4	0	1	0	1
NUP116	1	0	1	0
CSM3	0	1	0	1
ERB1	1	1	0	0
FAR3	1	0	1	0
RNA14	1	0	1	0
AEP1	1	0	1	0
UBX4	0	1	0	1
AVO2	0	1	0	1
TVP18	0	1	0	1
ABF2	1	1	0	0
RCO1	1	1	0	0
PDS5	0	1	0	1
CTF18	1	1	0	0
SEC14	0	1	0	1
NAM7	1	0	1	0
ADH3	1	1	0	0
SEG1	0	1	0	1
YTA12	1	1	0	0
NPL6	1	1	0	0
UTP15	1	1	0	0
MTG1	0	1	0	1
ATP25	1	0	1	0
YMR099C	1	0	1	0
MUB1	0	1	0	1
YPK2	0	1	0	1
YKU80	0	1	0	1
ILV2	0	1	0	1
MYO5	1	1	0	0
HFD1	0	1	0	1
MED11	1	1	0	0
FOL3	0	1	0	1
ASC1	1	1	0	0
SHH3	0	1	0	1
ADE17	0	1	0	1
RPL15B	1	0	1	0
PKR1	0	1	0	1
YMR124W	0	1	0	1
STO1	1	1	0	0
SAS2	0	1	0	1
ECM16	1	1	0	0
RRB1	0	1	0	1
YMR134W	0	1	0	1
GID8	0	1	0	1
PSO2	0	1	0	1
RIM11	0	1	0	1
SIP5	0	1	0	1
RPL13B	1	0	1	0
RPS16A	1	0	1	0
TIF34	1	1	0	0
SWP1	1	1	0	0
RIM13	0	1	0	1
MRPS8	1	1	0	0
MLH1	1	1	0	0
ALD3	0	1	0	1
ALD2	0	1	0	1
HOT1	1	1	0	0
DDR48	0	1	0	1
ECM5	1	0	1	0
HSC82	1	1	0	0
YMR187C	0	1	0	1
MRPS17	1	1	0	0
SPG5	0	1	0	1
GYL1	1	1	0	0
MRPL24	1	1	0	0
RPL36A	1	0	1	0
YMR196W	0	1	0	1
VTI1	1	0	1	0
CIK1	0	1	0	1
CLN1	1	0	1	0
RAD14	0	1	0	1
PFK2	1	1	0	0
HFA1	0	1	0	1
CEF1	1	1	0	0
SCJ1	1	1	0	0
TRS130	1	0	1	0
ESC1	0	1	0	1
UBP8	1	1	0	0
MRE11	0	1	0	1
MRPL44	1	0	1	0
TAF7	1	0	1	0
MTF1	0	1	0	1
RRP5	1	1	0	0
RPS10B	1	1	0	0
TRI1	0	1	0	1
RNA1	1	0	1	0
TAF9	1	0	1	0
BCH1	1	1	0	0
RNT1	1	1	0	0
CUS1	1	1	0	0
RPL20A	1	0	1	0
FAA4	1	0	1	0
GFD1	0	1	0	1
PET111	0	1	0	1
ROY1	1	1	0	0
TRM732	0	1	0	1
TPS3	1	1	0	0
SAP30	1	1	0	0
CUE1	0	1	0	1
PRP24	1	1	0	0
URA10	0	1	0	1
ZDS1	1	1	0	0
BUL1	0	1	0	1
DSK2	0	1	0	1
FCP1	0	1	0	1
CAT8	0	1	0	1
YKU70	0	1	0	1
HSH155	1	1	0	0
HAS1	1	1	0	0
LCB1	1	0	1	0
PRC1	1	0	1	0
UBP15	1	1	0	0
PSE1	1	1	0	0
NIP1	1	1	0	0
YMR310C	1	1	0	0
GLC8	0	1	0	1
PRE5	1	1	0	0
YMR315W	1	1	0	0
ERR3	0	1	0	1
RLP7	1	0	1	0
HRB1	1	1	0	0
MRP7	1	1	0	0
IDP3	0	1	0	1
PBI2	0	1	0	1
YNL019C	0	1	0	1
HDA1	1	1	0	0
RCM1	0	1	0	1
FAP1	1	1	0	0
EFM6	0	1	0	1
SSN8	0	1	0	1
HHF2	0	1	0	1
HHT2	0	1	0	1
SIW14	0	1	0	1
IDH1	0	1	0	1
BDP1	0	1	0	1
COG6	1	0	1	0
BOP3	0	1	0	1
YIP3	0	1	0	1
LAP2	0	1	0	1
SLM2	0	1	0	1
SFB2	1	1	0	0
COG5	1	1	0	0
COX5A	0	1	0	1
VAC7	0	1	0	1
POR1	1	1	0	0
OCA2	0	1	0	1
ARP5	1	1	0	0
NOP2	1	1	0	0
GCD10	0	1	0	1
YDJ1	1	0	1	0
AQR1	0	1	0	1
RPL9B	0	1	0	1
FKH2	0	1	0	1
RPL16B	1	0	1	0
LAT1	1	1	0	0
MSK1	0	1	0	1
IMP4	1	0	1	0
MKS1	1	1	0	0
NIS1	1	1	0	0
TPM1	0	1	0	1
SWS2	0	1	0	1
PMS1	1	0	1	0
END3	1	1	0	0
MKT1	1	1	0	0
SNN1	0	1	0	1
TCB2	0	1	0	1
TOP2	1	1	0	0
NST1	0	1	0	1
YNL092W	0	1	0	1
APP1	0	1	0	1
RPS7B	1	0	1	0
PHO23	1	1	0	0
RAS2	0	1	0	1
OCA1	0	1	0	1
POL1	1	1	0	0
MET4	0	1	0	1
LEU4	1	1	0	0
INP52	0	1	0	1
YAF9	1	1	0	0
NOP15	1	1	0	0
CYB5	0	1	0	1
DBP2	1	1	0	0
RPC19	1	1	0	0
DCP2	1	1	0	0
NCS2	0	1	0	1
YNL122C	0	1	0	1
SPC98	1	1	0	0
KRE33	1	1	0	0
FPR1	0	1	0	1
EAF7	0	1	0	1
NAM9	1	1	0	0
SRV2	1	1	0	0
THO2	1	0	1	0
YNL140C	0	1	0	1
LSM7	1	1	0	0
PGA2	0	1	0	1
RPC31	1	1	0	0
GIM3	0	1	0	1
CUZ1	0	1	0	1
RPL42A	0	1	0	1
RIA1	0	1	0	1
IBD2	0	1	0	1
SKO1	0	1	0	1
FMP41	0	1	0	1
APC1	1	1	0	0
NOP13	1	1	0	0
TDA7	0	1	0	1
MRPL22	1	1	0	0
RPS3	1	0	1	0
IPI3	1	0	1	0
UBP10	1	1	0	0
SRP1	1	1	0	0
CHS1	1	0	1	0
PSY2	1	1	0	0
RTT106	0	1	0	1
RIO2	1	1	0	0
YNL208W	0	1	0	1
SSB2	1	1	0	0
VID27	1	0	1	0
IES2	0	1	0	1
MGS1	1	0	1	0
ADE12	0	1	0	1
POP1	1	1	0	0
SSU72	1	1	0	0
SQS1	1	1	0	0
JJJ1	0	1	0	1
URE2	0	1	0	1
ELA1	0	1	0	1
CSL4	1	1	0	0
BNI4	0	1	0	1
YNL234W	0	1	0	1
SIN4	1	1	0	0
KEX2	0	1	0	1
LAP3	0	1	0	1
SLA2	1	0	1	0
SUI1	1	1	0	0
VPS75	0	1	0	1
YNL247W	0	1	0	1
RPA49	1	1	0	0
MPA43	1	0	1	0
RAD50	1	1	0	0
NRD1	1	1	0	0
MRPL17	1	1	0	0
TEX1	1	1	0	0
RTC4	0	1	0	1
GIS2	0	1	0	1
DSL1	1	0	1	0
LTO1	0	1	0	1
ORC5	1	1	0	0
POL2	1	1	0	0
PDR17	0	1	0	1
IST1	0	1	0	1
PIK1	0	1	0	1
LYP1	0	1	0	1
BNI1	1	0	1	0
SEC2	1	1	0	0
TOF1	0	1	0	1
HCH1	0	1	0	1
POP3	1	1	0	0
MRPL10	1	1	0	0
CUS2	0	1	0	1
SEC21	1	1	0	0
CAF40	1	1	0	0
RFC3	1	1	0	0
MID1	0	1	0	1
PUS4	0	1	0	1
MSB3	0	1	0	1
RIM21	0	1	0	1
MON2	1	1	0	0
TRF5	0	1	0	1
YPT11	0	1	0	1
MRPS18	1	1	0	0
MCK1	0	1	0	1
KRI1	1	1	0	0
ZIM17	0	1	0	1
RFA2	1	1	0	0
EMW1	0	1	0	1
ATP11	0	1	0	1
PFS2	1	1	0	0
FIG4	0	1	0	1
EGT2	0	1	0	1
RPD3	1	1	0	0
RPC34	1	1	0	0
VPS27	0	1	0	1
ATG3	1	0	1	0
CSE2	1	1	0	0
PRP2	0	1	0	1
PHO91	0	1	0	1
YNR014W	0	1	0	1
ACC1	1	1	0	0
YNR021W	0	1	0	1
MRPL50	0	1	0	1
SNF12	1	1	0	0
MPP6	0	1	0	1
YNR029C	1	0	1	0
SSK2	0	1	0	1
ABZ1	1	0	1	0
SOL1	0	1	0	1
ARC35	1	1	0	0
MRPS12	0	1	0	1
RSM19	1	1	0	0
DBP6	0	1	0	1
MVD1	1	1	0	0
TRM112	1	1	0	0
FPK1	0	1	0	1
LYS9	1	1	0	0
BRE5	1	1	0	0
POP2	1	1	0	0
NOG2	1	1	0	0
BIO3	0	1	0	1
YNR062C	0	1	0	1
DSE4	0	1	0	1
PHO80	1	1	0	0
SIN3	1	1	0	0
RPB11	1	1	0	0
TOP1	1	1	0	0
COQ10	0	1	0	1
RCL1	1	1	0	0
PLB3	0	1	0	1
HTZ1	0	1	0	1
HRD1	0	1	0	1
CMK2	0	1	0	1
ESC8	0	1	0	1
TLG2	0	1	0	1
DIS3	1	1	0	0
TSR4	0	1	0	1
LAG2	0	1	0	1
MSE1	0	1	0	1
SMC5	0	1	0	1
PRE6	1	1	0	0
NOP12	1	1	0	0
PSK2	0	1	0	1
GAL11	1	1	0	0
SPE2	0	1	0	1
PSH1	1	1	0	0
YOL057W	0	1	0	1
ARG1	1	0	1	0
GPD2	0	1	0	1
PRS5	0	1	0	1
APM4	0	1	0	1
CRT10	0	1	0	1
MET22	0	1	0	1
INP54	0	1	0	1
RTG1	0	1	0	1
HST1	0	1	0	1
NBA1	1	1	0	0
THP1	0	1	0	1
MDM20	0	1	0	1
BRX1	1	1	0	0
ADH1	1	0	1	0
YOL087C	1	1	0	0
MPD2	0	1	0	1
MSH2	1	1	0	0
RFC4	1	1	0	0
WRS1	1	1	0	0
YOL098C	1	1	0	0
INO4	0	1	0	1
ZEO1	0	1	0	1
MDY2	0	1	0	1
PAP2	1	0	1	0
RRI2	1	1	0	0
RPL18A	1	1	0	0
HRP1	1	0	1	0
TRM11	1	1	0	0
RPL25	1	0	1	0
MED7	1	1	0	0
CDC33	1	1	0	0
RRP40	1	1	0	0
RIB4	0	1	0	1
NOP8	1	1	0	0
CTR9	1	1	0	0
PSF3	0	1	0	1
SPT20	1	1	0	0
DCP1	1	1	0	0
FRE7	0	1	0	1
ZPS1	0	1	0	1
RRP6	1	1	0	0
SGT2	0	1	0	1
TIR4	0	1	0	1
RTS1	1	1	0	0
PET127	0	1	0	1
ROD1	0	1	0	1
AHC1	0	1	0	1
STI1	0	1	0	1
SHE4	1	1	0	0
PEP12	1	0	1	0
HIR2	0	1	0	1
CKB2	1	1	0	0
GLO4	0	1	0	1
CUE5	0	1	0	1
WHI2	0	1	0	1
DBP5	0	1	0	1
RAT1	1	1	0	0
RSB1	0	1	0	1
ETT1	0	1	0	1
TMC1	0	1	0	1
VHS3	0	1	0	1
NOB1	1	1	0	0
SGT1	0	1	0	1
ASE1	0	1	0	1
YOR059C	1	0	1	0
CKA2	1	1	0	0
RPL3	1	0	1	0
YNG1	0	1	0	1
VPS5	1	1	0	0
CDC21	0	1	0	1
UFE1	1	0	1	0
SKI7	1	1	0	0
BUD21	1	1	0	0
TGL5	0	1	0	1
WHI5	0	1	0	1
TCB1	0	1	0	1
VPS21	0	1	0	1
TMA46	0	1	0	1
ECM3	0	1	0	1
YOR093C	0	1	0	1
RPS7A	1	0	1	0
YOR097C	0	1	0	1
NUP1	1	1	0	0
CRC1	0	1	0	1
RAS1	0	1	0	1
LEU9	1	1	0	0
TFC7	0	1	0	1
TRS33	1	1	0	0
RPO31	1	1	0	0
RPT5	1	1	0	0
LEO1	1	1	0	0
UBP2	0	1	0	1
RGA1	0	1	0	1
ADE2	0	1	0	1
VPS17	0	1	0	1
EFT1	1	1	0	0
IDH2	1	1	0	0
RUP1	0	1	0	1
SFL1	0	1	0	1
ARP8	1	1	0	0
LSC1	0	1	0	1
ELG1	1	0	1	0
PNO1	1	1	0	0
SPP2	0	1	0	1
MRPL23	1	0	1	0
RPB2	1	1	0	0
PDR5	1	1	0	0
NFI1	0	1	0	1
PUP1	0	1	0	1
PET123	1	1	0	0
SME1	0	1	0	1
MTR10	1	0	1	0
YRR1	0	1	0	1
GET4	1	1	0	0
GLN4	0	1	0	1
YRM1	0	1	0	1
DCS2	0	1	0	1
MED4	1	1	0	0
MPC54	0	1	0	1
SYC1	1	1	0	0
LAS17	1	1	0	0
SER1	0	1	0	1
GSP2	1	0	1	0
TUF1	1	1	0	0
MSB1	0	1	0	1
IES4	0	1	0	1
THI72	0	1	0	1
PEX27	0	1	0	1
TOA1	0	1	0	1
SLK19	0	1	0	1
LIP5	0	1	0	1
MCA1	0	1	0	1
BFR1	0	1	0	1
MRM1	1	0	1	0
DED1	1	0	1	0
NOC2	1	1	0	0
RET1	1	1	0	0
NPT1	0	1	0	1
RPB10	1	1	0	0
STE4	1	1	0	0
SAS5	0	1	0	1
RUD3	0	1	0	1
RFC1	1	1	0	0
STE13	0	1	0	1
RCN2	0	1	0	1
RPB8	1	1	0	0
HER1	0	1	0	1
WTM1	1	1	0	0
KIN4	0	1	0	1
RPL33B	1	0	1	0
DFR1	0	1	0	1
YOR238W	0	1	0	1
SSP2	0	1	0	1
PUS7	1	1	0	0
ESA1	1	1	0	0
APC5	1	1	0	0
CLP1	1	0	1	0
TMA16	0	1	0	1
NAT5	0	1	0	1
SEC63	1	1	0	0
CDC31	0	1	0	1
RPT4	1	1	0	0
GCD1	1	1	0	0
RPN8	1	1	0	0
GPN2	0	1	0	1
RBL2	0	1	0	1
HRK1	1	0	1	0
PAC1	0	1	0	1
VPH1	1	0	1	0
YTM1	1	1	0	0
CAF20	0	1	0	1
RFM1	0	1	0	1
PLP2	1	0	1	0
HUA2	1	0	1	0
RRP36	0	1	0	1
SNF2	1	1	0	0
RPS10A	1	1	0	0
RRS1	0	1	0	1
BUD7	1	1	0	0
CPA1	1	1	0	0
ISW2	1	1	0	0
RRG7	0	1	0	1
SNU66	1	1	0	0
NOP58	1	1	0	0
SFG1	0	1	0	1
HSH49	1	1	0	0
LDB19	0	1	0	1
PRO2	1	1	0	0
MYO2	1	1	0	0
PDR10	0	1	0	1
VMA4	1	0	1	0
ALA1	1	1	0	0
KRE5	0	1	0	1
RPA43	1	1	0	0
RPA190	1	1	0	0
YOR342C	0	1	0	1
REV1	0	1	0	1
PYK2	1	1	0	0
CIN1	1	1	0	0
YOR352W	0	1	0	1
SOG2	0	1	0	1
GDS1	0	1	0	1
VTS1	0	1	0	1
PDE2	0	1	0	1
PRT1	1	1	0	0
PRE10	1	1	0	0
PIP2	0	1	0	1
YOR365C	0	1	0	1
RAD17	0	1	0	1
MRS6	1	1	0	0
ALD4	0	1	0	1
GDH1	1	1	0	0
FRE3	0	1	0	1
PHR1	0	1	0	1
HAT1	1	1	0	0
SNF8	0	1	0	1
ULA1	0	1	0	1
LSP1	0	1	0	1
AEP3	0	1	0	1
TFC8	0	1	0	1
RQC2	1	1	0	0
RET3	1	1	0	0
TAF3	1	0	1	0
RRP12	1	1	0	0
MRPS16	1	1	0	0
SWI1	1	1	0	0
CTF19	0	1	0	1
ULP1	1	1	0	0
RAD1	0	1	0	1
MET12	0	1	0	1
ERG10	0	1	0	1
PHO85	1	1	0	0
SVL3	0	1	0	1
EGD1	0	1	0	1
ISM1	0	1	0	1
SSN3	1	1	0	0
NOP4	1	0	1	0
ELC1	0	1	0	1
SGF11	0	1	0	1
CAM1	1	1	0	0
DIG1	1	1	0	0
MNN9	1	0	1	0
ARL3	0	1	0	1
KTR6	1	0	1	0
LGE1	0	1	0	1
GRX5	0	1	0	1
ALD6	1	1	0	0
YPL066W	1	1	0	0
MUK1	0	1	0	1
YTA6	0	1	0	1
RPS9A	1	1	0	0
MOT1	1	1	0	0
SEN54	1	0	1	0
BRO1	1	1	0	0
SEC16	1	1	0	0
ELP3	1	1	0	0
RLM1	0	1	0	1
RPS6A	1	1	0	0
NOG1	1	1	0	0
SEC62	1	0	1	0
PNG1	0	1	0	1
INA17	0	1	0	1
ELP4	1	1	0	0
SYH1	0	1	0	1
SSE1	1	0	1	0
GDE1	0	1	0	1
CAR1	0	1	0	1
BEM3	0	1	0	1
HOS3	0	1	0	1
MRP51	1	1	0	0
VPS30	1	0	1	0
NAN1	1	1	0	0
HHO1	0	1	0	1
TBF1	1	1	0	0
TAF14	1	0	1	0
RPL5	1	0	1	0
RDS2	0	1	0	1
GIP3	0	1	0	1
SPP1	1	1	0	0
UME1	1	1	0	0
RPL33A	1	0	1	0
POC4	0	1	0	1
NOP53	0	1	0	1
YPL150W	0	1	0	1
PRP46	1	1	0	0
RRD2	0	1	0	1
RAD53	1	1	0	0
PEP4	1	0	1	0
KIP2	0	1	0	1
CDC60	1	1	0	0
BEM4	0	1	0	1
MEX67	1	1	0	0
DAP1	0	1	0	1
MRPL40	0	1	0	1
NIP100	0	1	0	1
CUP9	0	1	0	1
CBC2	1	1	0	0
CTI6	1	1	0	0
RTT10	0	1	0	1
RTC6	1	0	1	0
NAB3	1	1	0	0
YPL191C	0	1	0	1
APL5	1	1	0	0
RPL7B	1	0	1	0
YPL199C	0	1	0	1
YIG1	0	1	0	1
TPK2	0	1	0	1
HRR25	1	0	1	0
PGC1	1	0	1	0
TYW1	1	1	0	0
RKM1	1	1	0	0
IPL1	0	1	0	1
SRP72	1	1	0	0
NIP7	1	1	0	0
PUS1	0	1	0	1
LEA1	1	1	0	0
YPL216W	0	1	0	1
BMS1	1	1	0	0
SAR1	1	1	0	0
PCL8	1	1	0	0
RPL1A	1	1	0	0
FMP40	0	1	0	1
YPL225W	0	1	0	1
NEW1	1	1	0	0
ALG5	0	1	0	1
CET1	1	0	1	0
FAS2	1	1	0	0
RVB2	1	1	0	0
SUI3	1	0	1	0
YAR1	0	1	0	1
HSP82	1	1	0	0
IQG1	0	1	0	1
SRP68	1	1	0	0
YPL245W	0	1	0	1
YPL247C	0	1	0	1
GYP5	0	1	0	1
RPL36B	1	1	0	0
HFI1	1	1	0	0
CLN2	1	0	1	0
APM1	1	1	0	0
KEL3	0	1	0	1
DIM1	1	0	1	0
PLC1	0	1	0	1
PDH1	0	1	0	1
YPR003C	0	1	0	1
HAA1	0	1	0	1
RPA135	1	1	0	0
TIF6	1	0	1	0
RLF2	0	1	0	1
EAF3	1	1	0	0
CCL1	0	1	0	1
APL4	1	1	0	0
NTO1	0	1	0	1
SRO7	1	0	1	0
ARP7	1	1	0	0
GLN1	1	1	0	0
VMA13	1	1	0	0
ERV2	0	1	0	1
TIF5	1	1	0	0
RPL43A	1	0	1	0
THP3	0	1	0	1
MCM16	0	1	0	1
MSF1	0	1	0	1
TAH18	0	1	0	1
NHP6A	0	1	0	1
SEC8	1	0	1	0
TFB4	1	1	0	0
BRR1	1	1	0	0
JID1	0	1	0	1
FCY1	0	1	0	1
ISA2	0	1	0	1
SPE3	0	1	0	1
MED1	1	1	0	0
NOT5	1	0	1	0
TKL1	1	1	0	0
TEF1	1	1	0	0
GRS2	0	1	0	1
DIB1	1	0	1	0
MDM36	0	1	0	1
SRP54	1	1	0	0
ASR1	1	1	0	0
MRPL51	1	0	1	0
SNT309	1	1	0	0
RPL11A	1	0	1	0
PRE2	1	1	0	0
COG4	1	0	1	0
YTH1	1	1	0	0
RPN7	1	1	0	0
RPC40	1	1	0	0
MRD1	1	1	0	0
YPR114W	0	1	0	1
RGC1	0	1	0	1
RRG8	0	1	0	1
YPR117W	0	1	0	1
MRI1	1	0	1	0
CLB2	0	1	0	1
CLB5	0	1	0	1
NAT3	0	1	0	1
MSS18	0	1	0	1
CTF4	0	1	0	1
RRP9	1	1	0	0
MEP3	0	1	0	1
TAZ1	0	1	0	1
RRP15	0	1	0	1
NOC4	1	1	0	0
SGV1	1	1	0	0
ORC4	1	1	0	0
TIF3	0	1	0	1
MMS1	0	1	0	1
MRP2	0	1	0	1
NUT2	1	1	0	0
JIP5	0	1	0	1
BSP1	0	1	0	1
VPS4	0	1	0	1
YPR174C	1	0	1	0
DPB2	1	1	0	0
PRP4	1	1	0	0
HDA3	1	0	1	0
AOS1	1	0	1	0
SEC23	1	1	0	0
SMX3	0	1	0	1
GDB1	1	1	0	0
PZF1	0	1	0	1
RPO26	1	1	0	0
MLC2	0	1	0	1
SKI3	1	1	0	0
RPC82	1	1	0	0
QCR2	1	1	0	0
SGE1	0	1	0	1
