names	in_ExE	in_ExN	in_NxN	unique_to_ExE	unique_to_ExN	unique_to_NxN
TFC3	1	1	0	0	0	0
VPS8	0	1	1	0	0	0
EFB1	1	1	0	0	0	0
YAL004W	0	1	1	0	0	0
SSA1	0	1	1	0	0	0
ERP2	0	0	1	0	0	1
FUN14	0	0	1	0	0	1
SPO7	0	0	1	0	0	1
MDM10	0	1	1	0	0	0
SWC3	0	1	1	0	0	0
CYS3	0	0	1	0	0	1
DEP1	0	1	1	0	0	0
SYN8	0	1	1	0	0	0
NTG1	0	1	1	0	0	0
YAL016C-B	0	0	1	0	0	1
PSK1	0	0	1	0	0	1
LDS1	0	0	1	0	0	1
FUN30	0	1	1	0	0	0
ATS1	0	1	1	0	0	0
CCR4	0	0	1	0	0	1
FUN26	0	1	0	0	1	0
PMT2	0	1	1	0	0	0
LTE1	0	1	1	0	0	0
MAK16	1	1	0	0	0	0
SAW1	0	0	1	0	0	1
FRT2	0	0	1	0	0	1
MYO4	0	0	1	0	0	1
SNC1	0	1	1	0	0	0
GIP4	0	0	1	0	0	1
FUN19	0	1	1	0	0	0
MTW1	1	1	0	0	0	0
RBG1	0	0	1	0	0	1
YAL037C-A	0	0	1	0	0	1
YAL037W	0	1	1	0	0	0
CDC19	1	1	0	0	0	0
CYC3	0	0	1	0	0	1
CLN3	0	0	1	0	0	1
CDC24	1	1	0	0	0	0
ERV46	0	0	1	0	0	1
PTA1	1	1	0	0	0	0
YAL045C	0	1	1	0	0	0
BOL3	0	0	1	0	0	1
GEM1	0	1	1	0	0	0
AIM2	0	0	1	0	0	1
FLC2	0	1	1	0	0	0
ACS1	0	1	0	0	1	0
PEX22	0	0	1	0	0	1
GPB2	0	1	1	0	0	0
CNE1	0	1	1	0	0	0
ECM1	0	1	1	0	0	0
BDH1	0	1	1	0	0	0
BDH2	0	0	1	0	0	1
GDH3	0	0	1	0	0	1
FLO9	0	0	1	0	0	1
TDA8	0	1	0	0	1	0
YAL065C	0	0	1	0	0	1
YAL066W	0	0	1	0	0	1
SEO1	0	0	1	0	0	1
PAU8	0	1	1	0	0	0
ERP1	0	1	1	0	0	0
NUP60	0	1	1	0	0	0
SWD1	0	1	1	0	0	0
RFA1	1	1	0	0	0	0
BUD14	0	1	1	0	0	0
ADE1	0	1	1	0	0	0
KIN3	0	1	1	0	0	0
CDC15	1	1	0	0	0	0
PAU7	0	0	1	0	0	1
YAR023C	0	0	1	0	0	1
UIP3	0	1	1	0	0	0
YAR028W	0	0	1	0	0	1
YAR029W	0	1	1	0	0	0
YAR030C	0	1	1	0	0	0
PRM9	0	0	1	0	0	1
MST28	0	0	1	0	0	1
YAR035C-A	0	0	1	0	0	1
SWH1	0	1	1	0	0	0
YAR047C	0	0	1	0	0	1
FLO1	0	0	1	0	0	1
YAR066W	0	0	1	0	0	1
PHO11	0	0	1	0	0	1
YAR075W	0	0	1	0	0	1
ECM15	0	1	1	0	0	0
HTB2	0	0	1	0	0	1
HTA2	0	0	1	0	0	1
LDB7	0	1	1	0	0	0
SLA1	0	1	1	0	0	0
HIR1	0	1	1	0	0	0
ALK2	0	0	1	0	0	1
YBL010C	0	1	1	0	0	0
SCT1	0	1	1	0	0	0
FMT1	0	0	1	0	0	1
ACH1	0	0	1	0	0	1
PEP1	0	1	1	0	0	0
APN2	0	1	0	0	1	0
HAP3	0	1	1	0	0	0
MCM2	1	1	0	0	0	0
NCL1	0	0	1	0	0	1
LSM2	1	1	0	0	0	0
RPL19B	0	1	1	0	0	0
YBL028C	0	0	1	0	0	1
YBL029W	0	1	1	0	0	0
SHE1	0	1	1	0	0	0
HEK2	0	1	1	0	0	0
STU1	1	1	0	0	0	0
POL12	1	1	0	0	0	0
YBL036C	0	1	1	0	0	0
APL3	0	0	1	0	0	1
URA7	0	1	1	0	0	0
YBL039W-B	0	0	1	0	0	1
ERD2	1	1	0	0	0	0
PRE7	1	1	0	0	0	0
FUI1	0	0	1	0	0	1
ECM13	0	0	1	0	0	1
YBL044W	0	1	0	0	1	0
PSY4	0	1	0	0	1	0
EDE1	0	1	1	0	0	0
RRT1	0	0	1	0	0	1
MOH1	0	0	1	0	0	1
SEC17	1	1	0	0	0	0
PIN4	0	1	1	0	0	0
SAS3	0	1	1	0	0	0
YBL053W	0	0	1	0	0	1
TOD6	0	1	1	0	0	0
YBL055C	0	0	1	0	0	1
PTC3	0	1	1	0	0	0
PTH2	0	1	1	0	0	0
SHP1	0	1	1	0	0	0
CMC2	0	1	1	0	0	0
YBL059W	0	1	1	0	0	0
YEL1	0	0	1	0	0	1
SKT5	0	1	1	0	0	0
YBL062W	0	1	1	0	0	0
KIP1	0	1	1	0	0	0
YBL065W	0	1	1	0	0	0
SEF1	0	0	1	0	0	1
UBP13	0	0	1	0	0	1
PRS4	0	1	1	0	0	0
AST1	0	0	1	0	0	1
YBL070C	0	0	1	0	0	1
YBL071C	0	1	1	0	0	0
RPS8A	0	1	1	0	0	0
AAR2	1	1	0	0	0	0
SSA3	0	1	1	0	0	0
ILS1	1	1	0	0	0	0
ATG8	0	1	1	0	0	0
NUP170	0	0	1	0	0	1
PET112	0	0	1	0	0	1
YBL081W	0	1	1	0	0	0
ALG3	0	1	1	0	0	0
YBL083C	0	1	1	0	0	0
CDC27	1	1	0	0	0	0
BOI1	0	0	1	0	0	1
YBL086C	0	1	0	0	1	0
RPL23A	0	1	1	0	0	0
TEL1	0	0	1	0	0	1
AVT5	0	1	1	0	0	0
MAP2	0	1	1	0	0	0
SCS22	0	1	1	0	0	0
MRX3	0	0	1	0	0	1
YBL096C	0	1	1	0	0	0
BRN1	1	1	0	0	0	0
BNA4	0	0	1	0	0	1
ECM21	0	1	1	0	0	0
SFT2	0	1	1	0	0	0
RTG3	0	1	1	0	0	0
SEA4	0	1	1	0	0	0
PKC1	1	1	0	0	0	0
SRO77	0	0	1	0	0	1
PAU9	0	0	1	0	0	1
YBL111C	0	1	0	0	1	0
NTH2	0	0	1	0	0	1
COQ1	0	1	0	0	1	0
GPI18	1	1	0	0	0	0
RCR1	0	0	1	0	0	1
UGA2	0	0	1	0	0	1
DSF2	0	0	1	0	0	1
FLR1	0	0	1	0	0	1
HHF1	0	1	1	0	0	0
HHT1	0	1	1	0	0	0
IPP1	1	1	0	0	0	0
YBR012C	0	0	1	0	0	1
YBR013C	0	0	1	0	0	1
GRX7	0	0	1	0	0	1
MNN2	0	1	1	0	0	0
YBR016W	0	1	1	0	0	0
GAL7	0	1	1	0	0	0
GAL10	0	1	1	0	0	0
GAL1	0	0	1	0	0	1
POA1	0	0	1	0	0	1
CHS3	0	1	1	0	0	0
SCO2	0	0	1	0	0	1
OLA1	0	1	1	0	0	0
ETR1	0	1	1	0	0	0
YPK3	0	0	1	0	0	1
CDS1	1	1	0	0	0	0
RKM3	0	1	1	0	0	0
RPL4A	0	1	1	0	0	0
YBR032W	0	1	0	0	1	0
EDS1	0	1	1	0	0	0
HMT1	0	1	1	0	0	0
PDX3	0	0	1	0	0	1
CSG2	0	1	1	0	0	0
SCO1	0	0	1	0	0	1
FIG1	0	0	1	0	0	1
FAT1	0	1	1	0	0	0
CST26	0	0	1	0	0	1
QDR3	0	0	1	0	0	1
TCM62	0	1	1	0	0	0
GIP1	0	1	1	0	0	0
ZTA1	0	0	1	0	0	1
FMP23	0	0	1	0	0	1
RPS11B	0	1	1	0	0	0
YBR051W	0	1	1	0	0	0
YBR053C	0	0	1	0	0	1
YRO2	0	0	1	0	0	1
PRP6	1	1	0	0	0	0
YBR056W	0	0	1	0	0	1
MUM2	0	1	1	0	0	0
UBP14	0	1	1	0	0	0
TSC3	1	1	0	0	0	0
AKL1	0	0	1	0	0	1
ORC2	1	1	0	0	0	0
YBR062C	0	1	1	0	0	0
YBR063C	0	1	1	0	0	0
YBR064W	0	1	1	0	0	0
ECM2	0	1	1	0	0	0
NRG2	0	0	1	0	0	1
BAP2	0	1	1	0	0	0
TAT1	0	0	1	0	0	1
ALG14	1	1	0	0	0	0
YBR071W	0	1	1	0	0	0
HSP26	0	0	1	0	0	1
RDH54	0	0	1	0	0	1
PFF1	0	1	1	0	0	0
ECM8	0	1	1	0	0	0
SLM4	0	0	1	0	0	1
ECM33	0	1	1	0	0	0
RPG1	1	1	0	0	0	0
SEC18	1	1	0	0	0	0
UBC4	0	1	1	0	0	0
TEC1	0	0	1	0	0	1
RPL19A	0	1	1	0	0	0
MIS1	0	0	1	0	0	1
AAC3	0	1	1	0	0	0
IST2	0	1	1	0	0	0
RFC5	1	1	0	0	0	0
NHP6B	0	1	0	0	1	0
YBR090C	0	0	1	0	0	1
PHO3	0	0	1	0	0	1
PHO5	0	0	1	0	0	1
PBY1	0	1	1	0	0	0
RXT2	0	1	1	0	0	0
YBR096W	0	0	1	0	0	1
MMS4	0	1	1	0	0	0
YBR099C	0	1	1	0	0	0
FES1	0	1	1	0	0	0
EXO84	1	1	0	0	0	0
SIF2	0	1	1	0	0	0
YMC2	0	0	1	0	0	1
VID24	0	1	1	0	0	0
IML3	0	1	1	0	0	0
AIM3	0	1	1	0	0	0
CMD1	1	1	0	0	0	0
ALG1	1	1	0	0	0	0
YSA1	0	1	1	0	0	0
SUS1	0	0	1	0	0	1
CYC8	0	0	1	0	0	1
RAD16	0	0	1	0	0	1
YBR116C	0	0	1	0	0	1
TKL2	0	1	1	0	0	0
TEF2	0	1	1	0	0	0
MUD1	0	1	1	0	0	0
CBP6	0	1	1	0	0	0
GRS1	1	1	0	0	0	0
TFC1	1	1	0	0	0	0
PTC4	0	1	1	0	0	0
ATG14	0	1	1	0	0	0
SHE3	0	0	1	0	0	1
CCZ1	0	1	1	0	0	0
AGP2	0	1	1	0	0	0
YBR134W	0	1	1	0	0	0
CKS1	1	1	0	0	0	0
MEC1	1	1	0	0	0	0
YBR137W	0	1	1	0	0	0
YBR138C	0	0	1	0	0	1
YBR139W	0	1	1	0	0	0
BMT2	0	1	1	0	0	0
MAK5	1	1	0	0	0	0
SUP45	1	1	0	0	0	0
ADH5	0	1	1	0	0	0
MRPS9	0	0	1	0	0	1
RTC2	0	1	1	0	0	0
ARA1	0	1	1	0	0	0
TBS1	0	1	1	0	0	0
APD1	0	0	1	0	0	1
SPP381	1	1	0	0	0	0
RIB7	1	1	0	0	0	0
RPB5	1	1	0	0	0	0
SLI15	1	1	0	0	0	0
ICS2	0	1	1	0	0	0
AMN1	0	0	1	0	0	1
CDC28	1	1	0	0	0	0
CSH1	0	0	1	0	0	1
TOS1	0	0	1	0	0	1
YSY6	0	1	1	0	0	0
ARL1	0	1	1	0	0	0
UBS1	0	0	1	0	0	1
TYR1	0	0	1	0	0	1
POP7	1	1	0	0	0	0
PEX32	0	0	1	0	0	1
SSE2	0	0	1	0	0	1
NPL4	0	1	1	0	0	0
SEC66	0	1	1	0	0	0
SMY2	0	0	1	0	0	1
UMP1	0	0	1	0	0	1
SWD3	0	1	1	0	0	0
ECM31	0	0	1	0	0	1
EHT1	0	1	1	0	0	0
YBR178W	0	0	1	0	0	1
FZO1	0	1	1	0	0	0
DTR1	0	0	1	0	0	1
RPS6B	0	1	1	0	0	0
SMP1	0	0	1	0	0	1
YPC1	0	1	1	0	0	0
YBR184W	0	1	0	0	1	0
MBA1	0	0	1	0	0	1
PCH2	0	0	1	0	0	1
GDT1	0	1	1	0	0	0
NTC20	0	1	1	0	0	0
RPL21A	0	0	1	0	0	1
MED8	1	1	0	0	0	0
AIM4	0	1	1	0	0	0
MSI1	0	0	1	0	0	1
PGI1	1	1	0	0	0	0
YBR196C-A	0	1	1	0	0	0
YBR196C-B	0	1	0	0	1	0
YBR197C	0	0	1	0	0	1
TAF5	1	1	0	0	0	0
KTR4	0	0	1	0	0	1
BEM1	0	0	1	0	0	1
YBR200W-A	0	0	1	0	0	1
DER1	0	0	1	0	0	1
MCM7	1	1	0	0	0	0
COS111	0	1	1	0	0	0
LDH1	0	1	1	0	0	0
KTR3	0	0	1	0	0	1
YBR206W	0	1	1	0	0	0
FTH1	0	1	1	0	0	0
"""DUR1,2"	0	0	1	0	0	1
ERV15	0	0	1	0	0	1
AME1	1	1	0	0	0	0
NGR1	0	0	1	0	0	1
MET8	0	1	1	0	0	0
SDS24	0	0	1	0	0	1
HPC2	0	1	1	0	0	0
YBP1	0	0	1	0	0	1
ATG12	0	1	1	0	0	0
PYC2	0	1	1	0	0	0
YBR220C	0	0	1	0	0	1
PDB1	0	1	1	0	0	0
YBR221W-A	0	0	1	0	0	1
PCS60	0	0	1	0	0	1
TDP1	0	1	1	0	0	0
YBR224W	0	1	1	0	0	0
YBR225W	0	0	1	0	0	1
YBR226C	0	0	1	0	0	1
MCX1	0	0	1	0	0	1
SLX1	0	1	1	0	0	0
ROT2	0	1	1	0	0	0
OM14	0	0	1	0	0	1
YBR230W-A	0	1	0	0	1	0
SWC5	0	1	1	0	0	0
YBR232C	0	1	0	0	1	0
PBP2	0	0	1	0	0	1
ARC40	1	1	0	0	0	0
VHC1	0	0	1	0	0	1
ABD1	1	1	0	0	0	0
PRP5	1	1	0	0	0	0
YBR238C	0	1	1	0	0	0
ERT1	0	0	1	0	0	1
THI2	0	1	1	0	0	0
GPX2	0	0	1	0	0	1
ISW1	0	1	1	0	0	0
RRT2	0	1	1	0	0	0
ENP1	1	1	0	0	0	0
SPO23	0	0	1	0	0	1
SRB6	1	0	0	1	0	0
TRS20	1	1	0	0	0	0
YBR255C-A	0	0	1	0	0	1
MTC4	0	1	1	0	0	0
YBR259W	0	0	1	0	0	1
RGD1	0	1	1	0	0	0
TAE1	0	0	1	0	0	1
MIC12	0	0	1	0	0	1
SHM1	0	1	1	0	0	0
YPT10	0	0	1	0	0	1
TSC10	0	1	0	0	1	0
REI1	0	0	1	0	0	1
SDH8	0	0	1	0	0	1
BIT2	0	0	1	0	0	1
HSM3	0	1	1	0	0	0
UBX7	0	0	1	0	0	1
CHK1	0	1	1	0	0	0
RIF1	0	1	1	0	0	0
PPS1	0	1	0	0	1	0
YBR277C	0	1	1	0	0	0
DPB3	0	1	1	0	0	0
SAF1	0	1	0	0	1	0
DUG2	0	0	1	0	0	1
SSH1	0	1	1	0	0	0
YBR284W	0	0	1	0	0	1
YBR285W	0	1	1	0	0	0
APE3	0	0	1	0	0	1
YBR287W	0	1	1	0	0	0
APM3	0	0	1	0	0	1
BSD2	0	0	1	0	0	1
CTP1	0	0	1	0	0	1
YBR292C	0	0	1	0	0	1
VBA2	0	0	1	0	0	1
PCA1	0	0	1	0	0	1
YBR296C-A	0	1	0	0	1	0
MAL33	0	0	1	0	0	1
YBR298C-A	0	1	1	0	0	0
MAL32	0	1	1	0	0	0
YBR300C	0	0	1	0	0	1
PAU24	0	1	1	0	0	0
RER1	0	1	1	0	0	0
YCL001W-A	0	1	1	0	0	0
YCL002C	0	1	1	0	0	0
LDB16	0	0	1	0	0	1
VMA9	0	0	1	0	0	1
STP22	0	0	1	0	0	1
ILV6	0	0	1	0	0	1
SGF29	0	1	1	0	0	0
GBP2	0	1	1	0	0	0
YCL012C	0	1	0	0	1	0
BUD3	0	1	1	0	0	0
DCC1	0	1	1	0	0	0
YCL022C	0	0	1	0	0	1
YCL023C	0	0	1	0	0	1
KCC4	0	1	1	0	0	0
AGP1	0	0	1	0	0	1
FRM2	0	0	1	0	0	1
HBN1	0	1	0	0	1	0
FUS1	0	0	1	0	0	1
RNQ1	0	0	1	0	0	1
BIK1	0	1	1	0	0	0
MXR2	0	1	1	0	0	0
LSB5	0	0	1	0	0	1
GRX1	0	1	1	0	0	0
GFD2	0	0	1	0	0	1
ATG22	0	1	1	0	0	0
GID7	0	0	1	0	0	1
YCL042W	0	0	1	0	0	1
MGR1	0	1	1	0	0	0
EMC1	0	0	1	0	0	1
YCL046W	0	1	1	0	0	0
POF1	0	1	1	0	0	0
SPS22	0	0	1	0	0	1
YCL049C	0	0	1	0	0	1
APA1	0	0	1	0	0	1
LRE1	0	1	1	0	0	0
PBN1	0	1	0	0	1	0
KAR4	0	0	1	0	0	1
PEX34	0	0	1	0	0	1
MIC10	0	1	0	0	1	0
KRR1	1	1	0	0	0	0
MRC1	0	1	1	0	0	0
VAC17	0	1	1	0	0	0
CHA1	0	0	1	0	0	1
HMLALPHA1	0	0	1	0	0	1
YCL068C	0	1	0	0	1	0
VBA3	0	0	1	0	0	1
TY5A	0	1	1	0	0	0
TY5B	0	0	1	0	0	1
YCL076W	0	1	1	0	0	0
CDC10	1	1	0	0	0	0
YCR006C	0	0	1	0	0	1
SAT4	0	1	1	0	0	0
RVS161	0	1	1	0	0	0
ADY2	0	1	1	0	0	0
POL4	0	1	1	0	0	0
YCR016W	0	1	1	0	0	0
CWH43	0	1	1	0	0	0
MAK32	0	1	0	0	1	0
PET18	0	0	1	0	0	1
MAK31	0	1	1	0	0	0
HTL1	0	1	0	0	1	0
HSP30	0	0	1	0	0	1
YCR023C	0	1	1	0	0	0
PMP1	0	1	0	0	1	0
YCR024C-B	0	1	0	0	1	0
NPP1	0	0	1	0	0	1
RHB1	0	0	1	0	0	1
RIM1	0	1	1	0	0	0
SYP1	0	0	1	0	0	1
RPS14A	0	1	1	0	0	0
BPH1	0	0	1	0	0	1
SNT1	0	1	1	0	0	0
ELO2	0	1	1	0	0	0
RBK1	0	0	1	0	0	1
MATALPHA2	0	1	0	0	1	0
RRT12	0	0	1	0	0	1
IMG1	0	0	1	0	0	1
ARE1	0	1	1	0	0	0
YCR049C	0	1	1	0	0	0
YCR050C	0	0	1	0	0	1
YCR051W	0	0	1	0	0	1
RSC6	1	1	0	0	0	0
THR4	0	1	1	0	0	0
CTR86	1	1	0	0	0	0
YIH1	0	0	1	0	0	1
TAH1	0	1	1	0	0	0
YCR061W	0	0	1	0	0	1
BUD31	0	1	1	0	0	0
HCM1	0	1	1	0	0	0
RAD18	0	0	1	0	0	1
SED4	0	1	1	0	0	0
ATG15	0	1	1	0	0	0
CPR4	0	1	0	0	1	0
IMG2	0	0	1	0	0	1
SSK22	0	0	1	0	0	1
SOL2	0	1	1	0	0	0
ERS1	0	1	1	0	0	0
YCR075W-A	0	0	1	0	0	1
FUB1	0	1	1	0	0	0
PAT1	0	1	1	0	0	0
PTC6	0	1	1	0	0	0
AHC2	0	0	1	0	0	1
CSM1	0	1	1	0	0	0
YCR087C-A	0	1	0	0	1	0
YCR087W	0	1	0	0	1	0
ABP1	0	1	1	0	0	0
FIG2	0	1	1	0	0	0
YCR090C	0	1	1	0	0	0
KIN82	0	0	1	0	0	1
MSH3	0	0	1	0	0	1
CDC39	1	1	0	0	0	0
CDC50	0	0	1	0	0	1
OCA4	0	1	1	0	0	0
YCR095W-A	0	1	0	0	1	0
HMRA1	0	1	0	0	1	0
GIT1	0	0	1	0	0	1
YCR099C	0	1	0	0	1	0
YCR100C	0	0	1	0	0	1
PAU3	0	0	1	0	0	1
ADH7	0	0	1	0	0	1
RDS1	0	1	1	0	0	0
AAD3	0	0	1	0	0	1
RMD1	0	1	1	0	0	0
NHP10	0	1	1	0	0	0
MCD1	1	1	0	0	0	0
PTC1	0	1	1	0	0	0
RPT2	1	1	0	0	0	0
APC11	1	1	0	0	0	0
GRX6	0	0	1	0	0	1
YDL011C	0	0	1	0	0	1
YDL012C	0	1	1	0	0	0
SLX5	0	1	1	0	0	0
NOP1	1	1	0	0	0	0
TSC13	1	1	0	0	0	0
CDC7	1	1	0	0	0	0
ERP3	0	0	1	0	0	1
OSH2	0	0	1	0	0	1
RPN4	0	1	1	0	0	0
GPD1	0	0	1	0	0	1
YDL023C	0	0	1	0	0	1
RTK1	0	1	1	0	0	0
MRX9	0	0	1	0	0	1
MPS1	1	1	0	0	0	0
ARP2	1	1	0	0	0	0
PRP9	1	1	0	0	0	0
DBP10	1	1	0	0	0	0
SLM3	0	1	1	0	0	0
GPR1	0	1	1	0	0	0
PUS9	0	0	1	0	0	1
BSC1	0	0	1	0	0	1
PRM7	0	0	1	0	0	1
PRP11	1	1	0	0	0	0
FAD1	1	0	0	1	0	0
YDL050C	0	1	1	0	0	0
LHP1	0	1	1	0	0	0
PBP4	0	0	1	0	0	1
MCH1	0	1	1	0	0	0
MBP1	0	0	1	0	0	1
YDL057W	0	1	0	0	1	0
USO1	1	1	0	0	0	0
RAD59	0	1	0	0	1	0
TSR1	1	1	0	0	0	0
RPS29B	0	1	1	0	0	0
YDL062W	0	1	1	0	0	0
SYO1	0	0	1	0	0	1
UBC9	1	1	0	0	0	0
PEX19	0	1	1	0	0	0
IDP1	0	1	1	0	0	0
COX9	0	0	1	0	0	1
CBS1	0	1	1	0	0	0
BDF2	0	1	1	0	0	0
YDL071C	0	1	1	0	0	0
YDL073W	0	0	1	0	0	1
BRE1	0	1	1	0	0	0
RXT3	0	1	1	0	0	0
VAM6	0	1	1	0	0	0
MDH3	0	1	1	0	0	0
MRK1	0	0	1	0	0	1
THI3	0	1	1	0	0	0
RPL13A	0	1	1	0	0	0
RPS16B	0	1	1	0	0	0
SUB2	1	1	0	0	0	0
NDE2	0	0	1	0	0	1
YDL086W	0	1	1	0	0	0
LUC7	1	1	0	0	0	0
ASM4	0	1	1	0	0	0
NUR1	0	0	1	0	0	1
UBX3	0	1	1	0	0	0
PMT5	0	0	1	0	0	1
YDL094C	0	0	1	0	0	1
PMT1	0	1	1	0	0	0
OPI6	0	1	1	0	0	0
RPN6	1	1	0	0	0	0
SNU23	1	1	0	0	0	0
BUG1	0	1	1	0	0	0
GET3	0	1	1	0	0	0
DUN1	0	0	1	0	0	1
POL3	1	1	0	0	0	0
QRI1	1	1	0	0	0	0
QRI7	0	1	1	0	0	0
NSE4	1	1	0	0	0	0
PHO2	0	1	1	0	0	0
MSS2	0	0	1	0	0	1
KIN28	1	1	0	0	0	0
YDL109C	0	0	1	0	0	1
TMA17	0	1	1	0	0	0
RRP42	1	1	0	0	0	0
TRM3	0	1	1	0	0	0
ATG20	0	0	1	0	0	1
IWR1	0	1	1	0	0	0
NUP84	0	0	1	0	0	1
CYK3	0	1	1	0	0	0
YDL118W	0	0	1	0	0	1
HEM25	0	0	1	0	0	1
YDL121C	0	0	1	0	0	1
UBP1	0	1	1	0	0	0
YDL124W	0	0	1	0	0	1
HNT1	0	1	1	0	0	0
CDC48	1	1	0	0	0	0
PCL2	0	1	1	0	0	0
YDL129W	0	0	1	0	0	1
RPP1B	0	1	1	0	0	0
STF1	0	0	1	0	0	1
LYS21	0	0	1	0	0	1
CDC53	1	1	0	0	0	0
RPL41B	0	1	1	0	0	0
SRF1	0	1	1	0	0	0
PPH21	0	0	1	0	0	1
RDI1	0	1	1	0	0	0
RPL35B	0	1	1	0	0	0
ARF2	0	1	1	0	0	0
RGT2	0	1	1	0	0	0
RPO21	1	1	0	0	0	0
CRD1	0	1	1	0	0	0
CCT4	1	1	0	0	0	0
COP1	1	1	0	0	0	0
LDB17	0	0	1	0	0	1
RPN5	1	1	0	0	0	0
NOP14	1	1	0	0	0	0
ATG9	0	1	1	0	0	0
RPC53	1	1	0	0	0	0
SAS10	1	1	0	0	0	0
MSH5	0	0	1	0	0	1
CLB3	0	1	1	0	0	0
CMR1	0	0	1	0	0	1
YDL157C	0	1	1	0	0	0
MHF2	0	1	0	0	1	0
ENT1	0	1	1	0	0	0
YDL162C	0	1	1	0	0	0
CDC36	1	1	0	0	0	0
NRP1	0	0	1	0	0	1
SFA1	0	0	1	0	0	1
UGX2	0	0	1	0	0	1
UGA3	0	1	1	0	0	0
GLT1	0	0	1	0	0	1
YDL172C	0	1	1	0	0	0
PAR32	0	1	1	0	0	0
DLD1	0	1	1	0	0	0
AIR2	0	1	1	0	0	0
YDL176W	0	0	1	0	0	1
YDL177C	0	0	1	0	0	1
PCL9	0	0	1	0	0	1
YDL180W	0	0	1	0	0	1
INH1	0	0	1	0	0	1
LYS20	0	0	1	0	0	1
YDL183C	0	1	1	0	0	0
RPL41A	0	0	1	0	0	1
VMA1	0	0	1	0	0	1
YDL186W	0	1	1	0	0	0
YDL187C	0	0	1	0	0	1
PPH22	0	0	1	0	0	1
UFD2	0	1	1	0	0	0
RPL35A	0	1	1	0	0	0
ARF1	0	1	1	0	0	0
NUS1	1	1	0	0	0	0
SNF3	0	1	0	0	1	0
SEC31	1	1	0	0	0	0
ASF2	0	0	1	0	0	1
YDL199C	0	1	1	0	0	0
MGT1	0	0	1	0	0	1
TRM8	0	1	0	0	1	0
ACK1	0	1	1	0	0	0
RTN2	0	1	1	0	0	0
YDL206W	0	0	1	0	0	1
GLE1	1	1	0	0	0	0
NHP2	1	1	0	0	0	0
CWC2	1	1	0	0	0	0
UGA4	0	1	1	0	0	0
YDL211C	0	1	0	0	1	0
NOP6	0	1	1	0	0	0
PRR2	0	0	1	0	0	1
GDH2	0	0	1	0	0	1
RRI1	0	0	1	0	0	1
TIM22	1	1	0	0	0	0
YDL218W	0	1	1	0	0	0
DTD1	0	0	1	0	0	1
CDC13	1	1	0	0	0	0
FMP45	0	1	1	0	0	0
HBT1	0	1	1	0	0	0
WHI4	0	0	1	0	0	1
SHS1	0	0	1	0	0	1
GCS1	0	1	1	0	0	0
HO	0	0	1	0	0	1
SSB1	0	0	1	0	0	1
PTP1	0	0	1	0	0	1
BRE4	0	0	1	0	0	1
MFG1	0	1	1	0	0	0
GYP7	0	0	1	0	0	1
PHO13	0	0	1	0	0	1
AIM6	0	0	1	0	0	1
GUD1	0	1	0	0	1	0
ADY3	0	0	1	0	0	1
LRG1	0	1	1	0	0	0
YDL241W	0	1	1	0	0	0
YDL242W	0	0	1	0	0	1
AAD4	0	1	1	0	0	0
SOR2	0	0	1	0	0	1
COS7	0	1	1	0	0	0
YRB1	1	1	0	0	0	0
RCR2	0	1	1	0	0	0
YDR003W-A	0	0	1	0	0	1
RAD57	0	1	1	0	0	0
MAF1	0	1	1	0	0	0
SOK1	0	1	1	0	0	0
TRP1	0	0	1	0	0	1
GAL3	0	0	1	0	0	1
YDR010C	0	1	1	0	0	0
SNQ2	0	0	1	0	0	1
RPL4B	0	0	1	0	0	1
PSF1	1	1	0	0	0	0
RAD61	0	1	1	0	0	0
YDR015C	0	0	1	0	0	1
DAD1	1	1	0	0	0	0
YDR018C	0	0	1	0	0	1
GCV1	0	0	1	0	0	1
DAS2	0	0	1	0	0	1
FAL1	1	1	0	0	0	0
ATG31	0	0	1	0	0	1
FYV1	0	1	1	0	0	0
RPS11A	0	0	1	0	0	1
NSI1	0	0	1	0	0	1
YDR029W	0	0	1	0	0	1
RAD28	0	1	0	0	1	0
MIX14	0	0	1	0	0	1
PST2	0	0	1	0	0	1
MRH1	0	0	1	0	0	1
YDR034C-A	0	1	0	0	1	0
YDR034W-B	0	0	1	0	0	1
ARO3	0	1	1	0	0	0
EHD3	0	0	1	0	0	1
KRS1	1	1	0	0	0	0
ENA1	0	0	1	0	0	1
NRG1	0	0	1	0	0	1
HEM13	1	1	0	0	0	0
RPC11	1	1	0	0	0	0
BAP3	0	1	1	0	0	0
VMS1	0	1	1	0	0	0
TPI1	1	1	0	0	0	0
DBF4	1	1	0	0	0	0
CDC34	1	1	0	0	0	0
PST1	0	1	1	0	0	0
YDR056C	0	1	1	0	0	0
YOS9	0	1	1	0	0	0
TGL2	0	1	1	0	0	0
UBC5	0	0	1	0	0	1
MAK21	1	1	0	0	0	0
YDR061W	0	1	1	0	0	0
LCB2	1	1	0	0	0	0
AIM7	0	1	1	0	0	0
RPS13	1	1	0	0	0	0
RRG1	0	0	1	0	0	1
RTR2	0	0	1	0	0	1
OCA6	0	1	1	0	0	0
DOS2	0	0	1	0	0	1
PAA1	0	1	1	0	0	0
IPT1	0	1	1	0	0	0
SNF11	0	1	1	0	0	0
TPS2	0	1	1	0	0	0
PPH3	0	1	1	0	0	0
RAD55	0	1	1	0	0	0
SED1	0	1	1	0	0	0
PET100	0	0	1	0	0	1
VPS41	0	1	1	0	0	0
PDC2	0	1	0	0	1	0
STN1	1	1	0	0	0	0
RRP8	0	1	1	0	0	0
TVP23	0	0	1	0	0	1
AFR1	0	0	1	0	0	1
SSS1	1	1	0	0	0	0
RRP1	1	1	0	0	0	0
SLU7	1	1	0	0	0	0
YDR089W	0	1	1	0	0	0
YDR090C	0	0	1	0	0	1
RLI1	1	0	0	1	0	0
UBC13	0	0	1	0	0	1
DNF2	0	1	1	0	0	0
YDR094W	0	1	1	0	0	0
YDR095C	0	1	1	0	0	0
GIS1	0	1	1	0	0	0
GRX3	0	1	1	0	0	0
BMH2	0	0	1	0	0	1
TVP15	0	1	1	0	0	0
ARX1	0	1	1	0	0	0
SPO71	0	0	1	0	0	1
TMS1	0	0	1	0	0	1
ARP10	0	0	1	0	0	1
TMN2	0	1	1	0	0	0
TRS85	0	1	1	0	0	0
YDR109C	0	1	0	0	1	0
FOB1	0	1	1	0	0	0
ALT2	0	0	1	0	0	1
IRC2	0	0	1	0	0	1
PDS1	1	1	0	0	0	0
MRPL1	0	1	1	0	0	0
TMA64	0	1	1	0	0	0
APC4	1	0	0	1	0	0
VBA4	0	0	1	0	0	1
TRM1	0	1	1	0	0	0
DPB4	0	1	1	0	0	0
KIN1	0	0	1	0	0	1
INO2	0	1	1	0	0	0
YDR124W	0	0	1	0	0	1
SWF1	0	1	1	0	0	0
ARO1	0	1	1	0	0	0
MTC5	0	1	1	0	0	0
FIN1	0	0	1	0	0	1
YDR131C	0	0	1	0	0	1
YDR132C	0	0	1	0	0	1
CCW22	0	1	0	0	1	0
YCF1	0	0	1	0	0	1
RGP1	0	0	1	0	0	1
DOP1	1	1	0	0	0	0
PEX7	0	0	1	0	0	1
SAN1	0	0	1	0	0	1
MKC7	0	0	1	0	0	1
TAF12	1	1	0	0	0	0
SWI5	0	1	1	0	0	0
EKI1	0	0	1	0	0	1
KGD2	0	1	1	0	0	0
YDR149C	0	1	1	0	0	0
NUM1	0	1	1	0	0	0
CTH1	0	1	0	0	1	0
GIR2	0	0	1	0	0	1
ENT5	0	1	1	0	0	0
YDR154C	0	1	1	0	0	0
CPR1	0	1	1	0	0	0
RPA14	0	1	1	0	0	0
YDR157W	0	1	1	0	0	0
HOM2	0	1	1	0	0	0
SAC3	0	1	1	0	0	0
ACL4	0	0	1	0	0	1
NBP2	0	1	1	0	0	0
CWC15	0	1	1	0	0	0
SEC1	1	1	0	0	0	0
TRM82	0	0	1	0	0	1
SEC5	1	1	0	0	0	0
CDC37	1	1	0	0	0	0
STB3	0	1	1	0	0	0
YDR169C-A	0	0	1	0	0	1
SEC7	1	1	0	0	0	0
HSP42	0	0	1	0	0	1
SUP35	1	1	0	0	0	0
HMO1	0	0	1	0	0	1
NGG1	0	0	1	0	0	1
SDH4	0	0	1	0	0	1
CSN9	0	1	1	0	0	0
YDR179W-A	0	1	1	0	0	0
SCC2	1	1	0	0	0	0
SAS4	0	0	1	0	0	1
CDC1	1	1	0	0	0	0
YDR182W-A	0	1	0	0	1	0
PLP1	0	0	1	0	0	1
ATC1	0	1	1	0	0	0
SND1	0	1	1	0	0	0
CCT6	1	1	0	0	0	0
SLY1	1	1	0	0	0	0
RVB1	1	1	0	0	0	0
HST4	0	1	1	0	0	0
NUP42	0	1	1	0	0	0
YDR193W	0	1	0	0	1	0
CAB5	1	1	0	0	0	0
CBS2	0	0	1	0	0	1
RKM2	0	0	1	0	0	1
YDR199W	0	1	1	0	0	0
VPS64	0	1	1	0	0	0
SPC19	1	1	0	0	0	0
RAV2	0	1	1	0	0	0
YDR203W	0	1	1	0	0	0
COQ4	0	1	0	0	1	0
MSC2	0	1	1	0	0	0
EBS1	0	1	1	0	0	0
UME6	0	1	1	0	0	0
MSS4	1	1	0	0	0	0
YDR210W	0	0	1	0	0	1
GCD6	1	1	0	0	0	0
TCP1	1	1	0	0	0	0
UPC2	0	1	1	0	0	0
AHA1	0	0	1	0	0	1
YDR215C	0	1	0	0	1	0
ADR1	0	0	1	0	0	1
RAD9	0	1	1	0	0	0
SPR28	0	0	1	0	0	1
MFB1	0	0	1	0	0	1
YDR220C	0	0	1	0	0	1
GTB1	0	1	1	0	0	0
YDR222W	0	0	1	0	0	1
CRF1	0	0	1	0	0	1
HTA1	0	1	1	0	0	0
PCF11	1	1	0	0	0	0
COX20	0	1	1	0	0	0
HEM1	1	1	0	0	0	0
RTN1	0	1	1	0	0	0
PRP42	1	0	0	1	0	0
FMN1	1	1	0	0	0	0
SEC26	1	1	0	0	0	0
YDR239C	0	1	0	0	1	0
SNU56	1	1	0	0	0	0
AMD2	0	0	1	0	0	1
PRP28	1	1	0	0	0	0
PEX5	0	1	1	0	0	0
MNN10	0	0	1	0	0	1
TRS23	1	1	0	0	0	0
VHS1	0	1	1	0	0	0
YDR248C	0	1	1	0	0	0
YDR249C	0	1	1	0	0	0
PAM1	0	0	1	0	0	1
BTT1	0	0	1	0	0	1
MET32	0	0	1	0	0	1
CHL4	0	1	1	0	0	0
RMD5	0	1	1	0	0	0
CTA1	0	0	1	0	0	1
RKM4	0	1	1	0	0	0
HSP78	0	1	1	0	0	0
YAP6	0	0	1	0	0	1
SWM1	0	1	1	0	0	0
EXG2	0	0	1	0	0	1
YDR262W	0	0	1	0	0	1
DIN7	0	1	0	0	1	0
PEX10	0	1	1	0	0	0
HEL2	0	0	1	0	0	1
MSW1	0	0	1	0	0	1
YDR269C	0	1	1	0	0	0
CCC2	0	0	1	0	0	1
YDR271C	0	0	1	0	0	1
GLO2	0	1	1	0	0	0
DON1	0	0	1	0	0	1
YDR274C	0	1	1	0	0	0
PMP3	0	1	1	0	0	0
MTH1	0	0	1	0	0	1
RNH202	0	1	1	0	0	0
RRP45	1	1	0	0	0	0
PHM6	0	0	1	0	0	1
MRX10	0	0	1	0	0	1
GCN2	0	0	1	0	0	1
DPP1	0	0	1	0	0	1
ZIP1	0	0	1	0	0	1
YDR286C	0	0	1	0	0	1
INM2	0	0	1	0	0	1
NSE3	1	1	0	0	0	0
RTT103	0	1	1	0	0	0
YDR290W	0	1	1	0	0	0
HRQ1	0	0	1	0	0	1
SRP101	1	1	0	0	0	0
SSD1	0	1	1	0	0	0
DPL1	0	0	1	0	0	1
HDA2	0	1	1	0	0	0
SUR2	0	1	1	0	0	0
ATP5	0	0	1	0	0	1
BFR2	1	1	0	0	0	0
CFT1	1	1	0	0	0	0
GPI11	1	1	0	0	0	0
RSC3	1	1	0	0	0	0
CPR5	0	0	1	0	0	1
HNT2	0	0	1	0	0	1
PMT7	0	1	1	0	0	0
GIC2	0	0	1	0	0	1
SUM1	0	1	1	0	0	0
TFB1	1	1	0	0	0	0
SSF2	0	1	1	0	0	0
PIB1	0	0	1	0	0	1
RAD34	0	1	1	0	0	0
IPK1	0	1	1	0	0	0
OMS1	0	1	1	0	0	0
HIM1	0	0	1	0	0	1
MCM21	0	1	1	0	0	0
YFT2	0	1	1	0	0	0
SWA2	0	1	1	0	0	0
ASP1	0	0	1	0	0	1
MRPL35	0	1	1	0	0	0
UTP4	1	1	0	0	0	0
YCG1	1	1	0	0	0	0
YSP2	0	1	1	0	0	0
PEX3	0	1	1	0	0	0
UBX5	0	1	1	0	0	0
GPI8	1	1	0	0	0	0
IRC3	0	1	1	0	0	0
SWR1	0	1	1	0	0	0
MSN5	0	1	1	0	0	0
MRX8	0	0	1	0	0	1
MRPS28	0	0	1	0	0	1
YDR338C	0	1	0	0	1	0
FCF1	1	1	0	0	0	0
YDR341C	1	1	0	0	0	0
SVF1	0	1	1	0	0	0
PAL1	0	1	1	0	0	0
YPS7	0	0	1	0	0	1
ATP22	0	0	1	0	0	1
SBE2	0	0	1	0	0	1
YPQ2	0	1	0	0	1	0
TRP4	0	1	1	0	0	0
SPC110	1	1	0	0	0	0
CNL1	0	0	1	0	0	1
GGA1	0	1	1	0	0	0
EAF1	0	1	1	0	0	0
OPI7	0	1	1	0	0	0
BCP1	1	0	0	1	0	0
TFC6	1	1	0	0	0	0
ESC2	0	1	1	0	0	0
SEM1	0	1	1	0	0	0
CDC40	1	0	0	1	0	0
ESF1	1	1	0	0	0	0
YPR1	0	1	1	0	0	0
XRS2	0	1	1	0	0	0
CTS2	0	0	1	0	0	1
VPS74	0	1	1	0	0	0
FRQ1	1	1	0	0	0	0
PHO92	0	0	1	0	0	1
BCS1	0	1	1	0	0	0
ARH1	1	1	0	0	0	0
LSM6	0	1	1	0	0	0
SDH6	0	0	1	0	0	1
RGA2	0	0	1	0	0	1
YDR381C-A	0	0	1	0	0	1
RPP2B	0	1	1	0	0	0
NKP1	0	1	1	0	0	0
ATO3	0	0	1	0	0	1
EFT2	0	0	1	0	0	1
MUS81	0	1	1	0	0	0
YDR387C	0	0	1	0	0	1
RVS167	0	1	1	0	0	0
SAC7	0	1	1	0	0	0
YDR391C	0	0	1	0	0	1
SPT3	0	1	1	0	0	0
SHE9	0	1	1	0	0	0
RPT3	1	1	0	0	0	0
SXM1	0	1	1	0	0	0
UTP5	1	1	0	0	0	0
HPT1	0	1	1	0	0	0
URH1	0	0	1	0	0	1
YDR401W	0	1	1	0	0	0
DIT2	0	0	1	0	0	1
DIT1	0	0	1	0	0	1
RPB7	1	1	0	0	0	0
MRP20	0	0	1	0	0	1
ADE8	0	0	1	0	0	1
SIZ1	0	1	1	0	0	0
DFM1	0	1	1	0	0	0
ERD1	0	1	1	0	0	0
YDR415C	0	1	1	0	0	0
SYF1	1	1	0	0	0	0
RAD30	0	0	1	0	0	1
HKR1	0	0	1	0	0	1
SIP1	0	0	1	0	0	1
CAD1	0	0	1	0	0	1
DYN2	0	1	1	0	0	0
SNX41	0	1	1	0	0	0
YDR426C	0	0	1	0	0	1
BNA7	0	0	1	0	0	1
CYM1	0	1	1	0	0	0
YDR431W	0	1	1	0	0	0
GPI17	1	1	0	0	0	0
PPM1	0	1	1	0	0	0
GPI19	1	1	0	0	0	0
THI74	0	1	0	0	1	0
LRS4	0	1	1	0	0	0
DOT1	0	1	1	0	0	0
APT2	0	1	1	0	0	0
SSN2	0	0	1	0	0	1
YDR444W	0	1	1	0	0	0
YDR445C	0	0	1	0	0	1
ECM11	0	1	0	0	1	0
RPS17B	0	0	1	0	0	1
ADA2	0	0	1	0	0	1
UTP6	1	1	0	0	0	0
RPS18A	0	0	1	0	0	1
YHP1	0	0	1	0	0	1
PPN1	0	0	1	0	0	1
GUK1	1	1	0	0	0	0
YDR455C	0	1	1	0	0	0
NHX1	0	1	1	0	0	0
TOM1	0	0	1	0	0	1
PFA5	0	0	1	0	0	1
TFB3	1	1	0	0	0	0
MRPL28	0	0	1	0	0	1
STP1	0	1	1	0	0	0
RMT2	0	0	1	0	0	1
SDC1	0	1	1	0	0	0
UGO1	0	0	1	0	0	1
RPL27B	0	1	1	0	0	0
TRS31	0	1	0	0	1	0
PRP3	1	1	0	0	0	0
YDR476C	0	0	1	0	0	1
SNF1	0	0	1	0	0	1
SNM1	1	1	0	0	0	0
PEX29	0	1	1	0	0	0
DIG2	0	0	1	0	0	1
CWC21	0	1	1	0	0	0
KRE2	0	0	1	0	0	1
VPS72	0	1	1	0	0	0
VPS60	0	1	1	0	0	0
PAC11	0	1	1	0	0	0
SLD5	1	1	0	0	0	0
PKH1	0	1	1	0	0	0
YDR491C	0	0	1	0	0	1
IZH1	0	0	1	0	0	1
MZM1	0	0	1	0	0	1
RSM28	0	1	1	0	0	0
PUF6	0	1	1	0	0	0
ITR1	0	0	1	0	0	1
SEC20	1	1	0	0	0	0
RPL37B	0	0	1	0	0	1
SAM2	0	0	1	0	0	1
SPG3	0	1	1	0	0	0
PSP1	0	1	1	0	0	0
GMC1	0	1	1	0	0	0
GIN4	0	0	1	0	0	1
GNP1	0	1	1	0	0	0
YDR509W	0	1	1	0	0	0
SMT3	1	1	0	0	0	0
SDH7	0	0	1	0	0	1
EMI1	0	1	1	0	0	0
GRX2	0	0	1	0	0	1
YDR514C	0	0	1	0	0	1
SLF1	0	1	1	0	0	0
GRH1	0	1	1	0	0	0
EUG1	0	0	1	0	0	1
URC2	0	1	1	0	0	0
SPS2	0	1	1	0	0	0
AGE1	0	0	1	0	0	1
YDR524C-B	0	0	1	0	0	1
YDR524W-C	0	0	1	0	0	1
API2	0	1	1	0	0	0
SNA2	0	1	1	0	0	0
RBA50	1	1	0	0	0	0
HLR1	0	1	1	0	0	0
QCR7	0	1	1	0	0	0
APA2	0	1	1	0	0	0
CAB1	1	1	0	0	0	0
HSP31	0	0	1	0	0	1
FIT1	0	0	1	0	0	1
YDR535C	0	0	1	0	0	1
STL1	0	0	1	0	0	1
YDR537C	0	1	1	0	0	0
PAD1	0	0	1	0	0	1
FDC1	0	0	1	0	0	1
IRC4	0	0	1	0	0	1
YDR541C	0	0	1	0	0	1
PAU10	0	0	1	0	0	1
WBP1	1	1	0	0	0	0
GIM4	0	1	1	0	0	0
YEA4	0	0	1	0	0	1
YEA6	0	0	1	0	0	1
MIT1	0	1	1	0	0	0
UBC8	0	0	1	0	0	1
EDC3	0	0	1	0	0	1
EAF5	0	0	1	0	0	1
MMS21	1	1	0	0	0	0
RIP1	0	1	1	0	0	0
SNU13	1	1	0	0	0	0
VMA3	0	0	1	0	0	1
ECM10	0	0	1	0	0	1
SPF1	0	0	1	0	0	1
MCM3	1	1	0	0	0	0
HYP2	1	1	0	0	0	0
UTR5	1	1	0	0	0	0
ANP1	0	0	1	0	0	1
RAD23	0	0	1	0	0	1
UTR2	0	0	1	0	0	1
YEF1	0	1	1	0	0	0
GDA1	0	0	1	0	0	1
YEL043W	0	0	1	0	0	1
FRD1	0	0	1	0	0	1
TCA17	0	0	1	0	0	1
PAU2	0	0	1	0	0	1
RML2	0	0	1	0	0	1
VMA8	0	0	1	0	0	1
MAK10	0	0	1	0	0	1
RPL12A	0	0	1	0	0	1
POL5	1	1	0	0	0	0
SOM1	0	1	1	0	0	0
PRB1	0	0	1	0	0	1
CIN8	0	0	1	0	0	1
NPR2	0	0	1	0	0	1
SIT1	0	0	1	0	0	1
DSF1	0	0	1	0	0	1
RMD6	0	0	1	0	0	1
YEL073C	0	1	0	0	1	0
YEL076C	0	1	0	0	1	0
YEL077C	0	1	0	0	1	0
MNN1	0	0	1	0	0	1
NOP16	0	0	1	0	0	1
PMI40	1	1	0	0	0	0
FMP52	0	0	1	0	0	1
YND1	0	0	1	0	0	1
NUG1	1	1	0	0	0	0
TMA20	0	0	1	0	0	1
SEC3	1	1	0	0	0	0
NTF2	1	1	0	0	0	0
YER010C	0	0	1	0	0	1
PRP22	1	1	0	0	0	0
BIM1	0	1	1	0	0	0
AFG3	0	0	1	0	0	1
SPC25	1	1	0	0	0	0
SBH2	0	0	1	0	0	1
SRB4	1	1	0	0	0	0
YAT2	0	0	1	0	0	1
GCD11	0	1	0	0	1	0
GAL83	0	0	1	0	0	1
MIG3	0	1	0	0	1	0
CHZ1	0	0	1	0	0	1
YPT31	0	0	1	0	0	1
FIR1	0	1	1	0	0	0
ZRG8	0	0	1	0	0	1
YER034W	0	1	0	0	1	0
EDC2	0	0	1	0	0	1
PHM8	0	0	1	0	0	1
KRE29	1	1	0	0	0	0
HVG1	0	0	1	0	0	1
YER039C-A	0	0	1	0	0	1
YEN1	0	1	0	0	1	0
MXR1	0	1	1	0	0	0
MEI4	0	1	1	0	0	0
ACA1	0	0	1	0	0	1
SPO73	0	1	1	0	0	0
YER046W-A	0	0	1	0	0	1
SAP1	0	0	1	0	0	1
CAJ1	0	1	1	0	0	0
TPA1	0	0	1	0	0	1
HOM3	0	1	1	0	0	0
PIC2	0	0	1	0	0	1
YER053C-A	0	0	1	0	0	1
GIP2	0	0	1	0	0	1
FCY2	0	0	1	0	0	1
PET117	0	1	1	0	0	0
PCL6	0	1	1	0	0	0
FCY21	0	0	1	0	0	1
CEM1	0	1	1	0	0	0
GPP2	0	0	1	0	0	1
THO1	0	1	0	0	1	0
VHR2	0	1	0	0	1	0
RRT13	0	1	1	0	0	0
YER067C-A	0	1	1	0	0	0
RGI1	0	1	1	0	0	0
TDA2	0	0	1	0	0	1
VTC1	0	0	1	0	0	1
ALD5	0	0	1	0	0	1
RPS24A	0	1	1	0	0	0
PTP3	0	0	1	0	0	1
YER076C	0	1	0	0	1	0
MRX1	0	0	1	0	0	1
ICP55	0	0	1	0	0	1
YER078W-A	0	0	1	0	0	1
YER079W	0	1	1	0	0	0
AIM9	0	0	1	0	0	1
SER3	0	0	1	0	0	1
UTP7	1	1	0	0	0	0
GET2	0	1	1	0	0	0
YER084W	0	1	1	0	0	0
YER085C	0	0	1	0	0	1
ILV1	0	0	1	0	0	1
YER087C-A	0	1	1	0	0	0
SBH1	0	0	1	0	0	1
DOT6	0	0	1	0	0	1
PTC2	0	0	1	0	0	1
TRP2	0	0	1	0	0	1
MET6	0	0	1	0	0	1
YER091C-A	0	0	1	0	0	1
IES5	0	1	1	0	0	0
TSC11	1	1	0	0	0	0
AIM11	0	1	1	0	0	0
PUP3	1	1	0	0	0	0
RAD51	0	1	1	0	0	0
SHC1	0	0	1	0	0	1
YER097W	0	0	1	0	0	1
UBP9	0	1	1	0	0	0
PRS2	0	0	1	0	0	1
UBC6	0	0	1	0	0	1
AST2	0	0	1	0	0	1
RPS8B	0	0	1	0	0	1
NUP157	0	0	1	0	0	1
MAM1	0	0	1	0	0	1
GLE2	0	0	1	0	0	1
FLO8	0	0	1	0	0	1
KAP123	0	1	1	0	0	0
SWI4	0	1	1	0	0	0
TMN3	0	0	1	0	0	1
BOI2	0	1	1	0	0	0
SPR6	0	0	1	0	0	1
SLX8	0	0	1	0	0	1
RPL23B	0	0	1	0	0	1
SHO1	0	1	1	0	0	0
AVT6	0	0	1	0	0	1
YER119C-A	0	1	1	0	0	0
SCS2	0	1	1	0	0	0
YER121W	0	0	1	0	0	1
YCK3	0	0	1	0	0	1
DSE1	0	0	1	0	0	1
RSP5	1	1	0	0	0	0
LCP5	1	1	0	0	0	0
VFA1	0	1	1	0	0	0
SAK1	0	1	1	0	0	0
YER130C	0	1	1	0	0	0
RPS26B	0	1	1	0	0	0
PMD1	0	0	1	0	0	1
GLC7	1	1	0	0	0	0
YER134C	0	0	1	0	0	1
YER135C	0	1	1	0	0	0
GDI1	1	1	0	0	0	0
YER137C	0	1	0	0	1	0
RTR1	0	1	1	0	0	0
EMP65	0	1	1	0	0	0
MAG1	0	1	1	0	0	0
DDI1	0	0	1	0	0	1
UBP5	0	0	1	0	0	1
FTR1	0	1	1	0	0	0
SCC4	1	1	0	0	0	0
SPT15	1	1	0	0	0	0
PEA2	0	1	1	0	0	0
UBP3	0	1	1	0	0	0
YER152C	0	0	1	0	0	1
PET122	0	0	1	0	0	1
OXA1	0	0	1	0	0	1
BEM2	0	1	1	0	0	0
YER156C	0	1	1	0	0	0
COG3	1	1	0	0	0	0
SPT2	0	1	1	0	0	0
RAD4	0	1	1	0	0	0
GCG1	0	0	1	0	0	1
CHD1	0	1	1	0	0	0
PAB1	1	1	0	0	0	0
DNF1	0	1	1	0	0	0
BCK2	0	1	1	0	0	0
CCA1	1	1	0	0	0	0
RPH1	0	1	1	0	0	0
ADK2	0	0	1	0	0	1
BRR2	1	1	0	0	0	0
RAD24	0	1	1	0	0	0
GRX4	0	1	1	0	0	0
TMT1	0	0	1	0	0	1
YER175W-A	0	0	1	0	0	1
ECM32	0	1	1	0	0	0
BMH1	0	1	1	0	0	0
PDA1	0	1	1	0	0	0
DMC1	0	0	1	0	0	1
ISC10	0	0	1	0	0	1
FMP10	0	0	1	0	0	1
FAU1	0	0	1	0	0	1
YER184C	0	1	0	0	1	0
PUG1	0	0	1	0	0	1
YER186C	0	1	0	0	1	0
YER187W	0	0	1	0	0	1
YER188C-A	0	0	1	0	0	1
YER189W	0	1	0	0	1	0
DEG1	0	1	1	0	0	0
MSH4	0	1	1	0	0	0
SEC4	1	1	0	0	0	0
BLM10	0	1	1	0	0	0
SMC1	1	1	0	0	0	0
CDC4	1	1	0	0	0	0
WWM1	0	1	1	0	0	0
AUA1	0	1	1	0	0	0
HXT10	0	0	1	0	0	1
YFL012W	0	1	1	0	0	0
IES1	0	1	1	0	0	0
YFL013W-A	0	1	1	0	0	0
HSP12	0	0	1	0	0	1
YFL015C	0	0	1	0	0	1
GNA1	1	1	0	0	0	0
YFL019C	0	0	1	0	0	1
PAU5	0	1	1	0	0	0
GAT1	0	0	1	0	0	1
BUD27	0	0	1	0	0	1
BST1	0	1	1	0	0	0
GYP8	0	1	1	0	0	0
CAF16	0	0	1	0	0	1
CAK1	1	1	0	0	0	0
HAC1	0	1	1	0	0	0
YFL032W	0	1	1	0	0	0
RIM15	0	1	1	0	0	0
MOB2	0	1	0	0	1	0
YFL034W	0	0	1	0	0	1
TUB2	1	1	0	0	0	0
YPT1	1	1	0	0	0	0
ACT1	1	1	0	0	0	0
FET5	0	0	1	0	0	1
YFL041W-A	0	1	0	0	1	0
LAM5	0	0	1	0	0	1
OTU1	0	0	1	0	0	1
SEC53	1	1	0	0	0	0
FMP32	0	0	1	0	0	1
RGD2	0	0	1	0	0	1
EMP47	0	0	1	0	0	1
SWP82	0	0	1	0	0	1
ALR2	0	0	1	0	0	1
YFL051C	0	0	1	0	0	1
YFL052W	0	1	1	0	0	0
DAK2	0	0	1	0	0	1
YFL054C	0	0	1	0	0	1
AAD6	0	0	1	0	0	1
YFL057C	0	0	1	0	0	1
DDI2	0	0	1	0	0	1
YFL064C	0	0	1	0	0	1
RPN11	1	1	0	0	0	0
SAD1	1	1	0	0	0	0
YFR006W	0	1	1	0	0	0
YFH7	0	0	1	0	0	1
FAR7	0	1	1	0	0	0
GCN20	0	1	1	0	0	0
UBP6	0	1	1	0	0	0
MIC19	0	1	1	0	0	0
DCV1	0	0	1	0	0	1
IOC3	0	0	1	0	0	1
CMK1	0	1	1	0	0	0
GSY1	0	0	1	0	0	1
YFR016C	0	1	1	0	0	0
IGD1	0	0	1	0	0	1
YFR018C	0	0	1	0	0	1
ATG18	0	1	1	0	0	0
PES4	0	1	1	0	0	0
LSB3	0	1	1	0	0	0
ULI1	0	0	1	0	0	1
ECO1	1	1	0	0	0	0
CDC14	1	1	0	0	0	0
MET10	0	0	1	0	0	1
RPL2A	0	1	1	0	0	0
RRT5	0	0	1	0	0	1
RPL29	0	1	1	0	0	0
QCR6	0	0	1	0	0	1
PHO4	0	0	1	0	0	1
YFR035C	0	0	1	0	0	1
CDC26	1	1	0	0	0	0
RSC8	1	1	0	0	0	0
IRC5	0	1	1	0	0	0
OSW7	0	1	1	0	0	0
SAP155	0	1	1	0	0	0
ERJ5	0	0	1	0	0	1
IRC6	0	1	0	0	1	0
DUG1	0	0	1	0	0	1
YFR045W	0	1	1	0	0	0
CNN1	0	1	0	0	1	0
BNA6	0	0	1	0	0	1
RMD8	0	0	1	0	0	1
YMR31	0	0	1	0	0	1
PRE4	1	1	0	0	0	0
RET2	1	1	0	0	0	0
RPN12	1	1	0	0	0	0
HXK1	0	0	1	0	0	1
IRC7	0	0	1	0	0	1
YFR056C	0	1	1	0	0	0
YFR057W	0	1	1	0	0	0
ERG26	1	1	0	0	0	0
ERP6	0	0	1	0	0	1
CDH1	0	0	1	0	0	1
RPN14	0	1	0	0	1	0
COG7	0	1	1	0	0	0
PMC1	0	1	1	0	0	0
YGL006W-A	0	1	0	0	1	0
BRP1	0	1	1	0	0	0
PMA1	0	1	0	0	1	0
YGL010W	0	0	1	0	0	1
SCL1	1	1	0	0	0	0
ERG4	0	1	1	0	0	0
PDR1	0	0	1	0	0	1
PUF4	0	1	1	0	0	0
YGL015C	0	0	1	0	0	1
KAP122	0	1	1	0	0	0
ATE1	0	0	1	0	0	1
CKB1	0	1	1	0	0	0
GET1	0	1	1	0	0	0
ALK1	0	0	1	0	0	1
STT3	1	1	0	0	0	0
PIB2	0	1	1	0	0	0
YGL024W	0	1	0	0	1	0
CWH41	0	1	1	0	0	0
RPL24A	0	1	1	0	0	0
AGA2	0	1	1	0	0	0
HOP2	0	0	1	0	0	1
YGL034C	0	0	1	0	0	1
MIG1	0	0	1	0	0	1
YGL036W	0	1	1	0	0	0
PNC1	0	0	1	0	0	1
YGL041C	0	0	1	0	0	1
YGL042C	0	1	1	0	0	0
DST1	0	1	1	0	0	0
RNA15	1	1	0	0	0	0
RIM8	0	1	1	0	0	0
ALG13	1	1	0	0	0	0
RPT6	1	1	0	0	0	0
TYW3	0	1	1	0	0	0
PRM8	0	0	1	0	0	1
ERV14	0	1	1	0	0	0
OLE1	1	1	0	0	0	0
SDS23	0	0	1	0	0	1
GEP7	0	1	1	0	0	0
RAD6	0	1	1	0	0	0
PKP2	0	0	1	0	0	1
YBP2	0	1	1	0	0	0
DUO1	1	1	0	0	0	0
PYC1	0	1	1	0	0	0
ALG2	1	1	0	0	0	0
SGF73	0	1	1	0	0	0
NPY1	0	1	1	0	0	0
AFT1	0	1	1	0	0	0
HSF1	1	1	0	0	0	0
HNM1	0	1	1	0	0	0
DBP3	0	1	1	0	0	0
KXD1	0	1	1	0	0	0
MPC1	0	0	1	0	0	1
YGL081W	0	1	1	0	0	0
YGL082W	0	0	1	0	0	1
GUP1	0	1	1	0	0	0
LCL3	0	0	1	0	0	1
MAD1	0	1	1	0	0	0
MMS2	0	0	1	0	0	1
LIF1	0	1	0	0	1	0
NBP35	1	1	0	0	0	0
NUP145	1	1	0	0	0	0
SPC105	1	1	0	0	0	0
PAN2	0	1	1	0	0	0
VPS45	0	0	1	0	0	1
TOS8	0	0	1	0	0	1
SRM1	1	1	0	0	0	0
USE1	1	1	0	0	0	0
LSG1	1	1	0	0	0	0
YGL101W	0	1	1	0	0	0
VPS73	0	1	1	0	0	0
ARC1	0	0	1	0	0	1
YGL108C	0	0	1	0	0	1
YGL109W	0	0	1	0	0	1
CUE3	0	1	1	0	0	0
NSA1	1	1	0	0	0	0
TAF6	1	1	0	0	0	0
SLD3	1	1	0	0	0	0
YGL114W	0	0	1	0	0	1
SNF4	0	1	1	0	0	0
CDC20	1	1	0	0	0	0
YGL117W	0	0	1	0	0	1
YGL118C	0	1	1	0	0	0
COQ8	0	1	1	0	0	0
PRP43	1	1	0	0	0	0
GPG1	0	0	1	0	0	1
MON1	0	1	1	0	0	0
MET13	0	0	1	0	0	1
SCS3	0	1	1	0	0	0
SOH1	0	0	1	0	0	1
CEG1	1	1	0	0	0	0
YGL132W	0	0	1	0	0	1
ITC1	0	1	1	0	0	0
MRM2	0	1	1	0	0	0
SEC27	1	1	0	0	0	0
YGL138C	0	1	0	0	1	0
FLC3	0	1	0	0	1	0
YGL140C	0	1	1	0	0	0
HUL5	0	1	1	0	0	0
GPI10	1	1	0	0	0	0
ROG1	0	0	1	0	0	1
TIP20	1	1	0	0	0	0
RRT6	0	1	1	0	0	0
RPL9A	0	1	1	0	0	0
ARO2	0	1	1	0	0	0
YGL149W	0	1	1	0	0	0
NUT1	0	1	1	0	0	0
YGL152C	0	1	1	0	0	0
PEX14	0	1	1	0	0	0
CDC43	1	1	0	0	0	0
AMS1	0	0	1	0	0	1
ARI1	0	0	1	0	0	1
RCK1	0	0	1	0	0	1
YGL159W	0	0	1	0	0	1
AIM14	0	1	1	0	0	0
YIP5	0	0	1	0	0	1
SUT1	0	1	1	0	0	0
RAD54	0	1	1	0	0	0
YRB30	0	1	1	0	0	0
YGL165C	0	1	1	0	0	0
CUP2	0	0	1	0	0	1
PMR1	0	1	1	0	0	0
HUR1	0	1	1	0	0	0
SUA5	1	1	0	0	0	0
SPO74	0	1	1	0	0	0
XRN1	0	1	1	0	0	0
BUD13	0	1	1	0	0	0
SAE2	0	1	1	0	0	0
YGL176C	0	1	1	0	0	0
YGL177W	0	1	1	0	0	0
MPT5	0	0	1	0	0	1
TOS3	0	0	1	0	0	1
ATG1	0	1	1	0	0	0
GTS1	0	1	1	0	0	0
MND1	0	0	1	0	0	1
STR3	0	0	1	0	0	1
TPN1	0	0	1	0	0	1
COX4	0	0	1	0	0	1
IME4	0	1	0	0	1	0
HOS2	0	1	1	0	0	0
GCN1	0	1	1	0	0	0
DSD1	0	1	1	0	0	0
MDS3	0	0	1	0	0	1
YIP4	0	1	1	0	0	0
YGL199C	0	1	1	0	0	0
EMP24	0	0	1	0	0	1
ARO8	0	0	1	0	0	1
KEX1	0	1	1	0	0	0
POX1	0	0	1	0	0	1
SPT16	1	1	0	0	0	0
SIP2	0	1	1	0	0	0
MIG2	0	1	1	0	0	0
YPT32	0	0	1	0	0	1
NCS6	0	1	1	0	0	0
VAM7	0	1	1	0	0	0
SKI8	0	1	1	0	0	0
CLG1	0	1	1	0	0	0
KIP3	0	1	1	0	0	0
YGL217C	0	1	1	0	0	0
BOL2	0	0	1	0	0	1
NIF3	0	1	1	0	0	0
EDC1	0	0	1	0	0	1
SDT1	0	0	1	0	0	1
OST5	0	1	1	0	0	0
MTC3	0	1	1	0	0	0
VID30	0	1	0	0	1	0
SHE10	0	1	1	0	0	0
SAP4	0	0	1	0	0	1
EMC4	0	1	1	0	0	0
TAN1	0	1	1	0	0	0
SEC15	1	1	0	0	0	0
"""ADE5,7"	0	0	1	0	0	1
YGL235W	0	1	1	0	0	0
MTO1	0	1	1	0	0	0
HAP2	0	0	1	0	0	1
CSE1	1	1	0	0	0	0
KAP114	0	1	1	0	0	0
YGL242C	0	1	1	0	0	0
TAD1	0	0	1	0	0	1
RTF1	0	1	1	0	0	0
GUS1	1	0	0	1	0	0
BRR6	1	1	0	0	0	0
PDE1	0	0	1	0	0	1
ZIP2	0	0	1	0	0	1
RMR1	0	1	1	0	0	0
HFM1	0	0	1	0	0	1
RTG2	0	1	1	0	0	0
HXK2	0	1	1	0	0	0
FZF1	0	1	1	0	0	0
ADH4	0	1	1	0	0	0
MNT2	0	1	1	0	0	0
VEL1	0	1	1	0	0	0
YGL258W-A	0	0	1	0	0	1
YPS5	0	0	1	0	0	1
YGL260W	0	0	1	0	0	1
PAU11	0	0	1	0	0	1
YGL262W	0	1	1	0	0	0
COS12	0	0	1	0	0	1
EFM5	0	1	1	0	0	0
SWC4	1	1	0	0	0	0
CUL3	0	1	1	0	0	0
PEX31	0	1	1	0	0	0
TFG2	1	1	0	0	0	0
PRP18	1	1	0	0	0	0
ECT1	0	1	1	0	0	0
STF2	0	1	1	0	0	0
SEC9	1	1	0	0	0	0
NMA2	0	0	1	0	0	1
YGR011W	0	0	1	0	0	1
YGR012W	0	1	1	0	0	0
SNU71	1	1	0	0	0	0
MSB2	0	0	1	0	0	1
YGR016W	0	1	1	0	0	0
YGR017W	0	0	1	0	0	1
YGR018C	0	0	1	0	0	1
YGR021W	0	0	1	0	0	1
YGR022C	0	0	1	0	0	1
MTL1	0	1	1	0	0	0
YGR025W	0	1	1	0	0	0
RPS25A	0	1	1	0	0	0
MSP1	0	1	1	0	0	0
IMO32	0	0	1	0	0	1
GSC2	0	0	1	0	0	1
TIM21	0	0	1	0	0	1
RPL26B	0	1	1	0	0	0
YGR035C	0	0	1	0	0	1
YGR035W-A	0	0	1	0	0	1
ACB1	0	1	1	0	0	0
ORM1	0	0	1	0	0	1
YGR039W	0	1	0	0	1	0
KSS1	0	0	1	0	0	1
BUD9	0	0	1	0	0	1
YGR042W	0	1	1	0	0	0
NQM1	0	0	1	0	0	1
RME1	0	1	1	0	0	0
YGR045C	0	0	1	0	0	1
TFC4	1	1	0	0	0	0
UFD1	1	1	0	0	0	0
SCM4	0	1	1	0	0	0
YGR050C	0	1	1	0	0	0
YGR051C	0	0	1	0	0	1
FMP48	0	1	0	0	1	0
YGR053C	0	0	1	0	0	1
YGR054W	0	0	1	0	0	1
MUP1	0	0	1	0	0	1
LST7	0	1	1	0	0	0
PEF1	0	1	1	0	0	0
SPR3	0	0	1	0	0	1
ERG25	1	1	0	0	0	0
ADE6	0	0	1	0	0	1
COX18	0	0	1	0	0	1
VHT1	1	1	0	0	0	0
ART5	0	1	1	0	0	0
ROM1	0	0	1	0	0	1
ENV11	0	1	1	0	0	0
UPF3	0	1	1	0	0	0
SMD1	1	1	0	0	0	0
PRP38	1	1	0	0	0	0
PEX8	0	1	1	0	0	0
PAC10	0	1	1	0	0	0
YGR079W	0	1	1	0	0	0
TWF1	0	1	1	0	0	0
SLX9	0	1	1	0	0	0
GCD2	0	1	0	0	1	0
MRP13	0	0	1	0	0	1
RPL11B	0	1	1	0	0	0
PIL1	0	0	1	0	0	1
PDC6	0	0	1	0	0	1
CTT1	0	0	1	0	0	1
NNF2	0	1	1	0	0	0
PRP31	1	1	0	0	0	0
DBF2	1	1	1	0	0	0
DRN1	0	1	1	0	0	0
VAS1	0	1	0	0	1	0
TPC1	0	1	0	0	1	0
ASK10	0	1	1	0	0	0
ESP1	1	1	0	0	0	0
TEL2	1	1	0	0	0	0
MDR1	0	1	1	0	0	0
PCP1	0	1	1	0	0	0
GTF1	0	1	0	0	1	0
NOP7	1	1	0	0	0	0
VMA21	0	1	1	0	0	0
VOA1	0	0	1	0	0	1
YGR107W	0	1	1	0	0	0
CLB1	0	0	1	0	0	1
CLB6	0	0	1	0	0	1
CLD1	0	0	1	0	0	1
YGR111W	0	1	1	0	0	0
SHY1	0	1	0	0	1	0
DAM1	1	1	0	0	0	0
YGR117C	0	1	1	0	0	0
RPS23A	0	1	1	0	0	0
NUP57	1	1	0	0	0	0
COG2	1	1	0	0	0	0
MEP1	0	0	1	0	0	1
YGR122C-A	0	1	1	0	0	0
YGR122W	0	1	1	0	0	0
PPT1	0	0	1	0	0	1
YGR125W	0	1	0	0	1	0
YGR126W	0	0	1	0	0	1
YGR127W	0	1	1	0	0	0
SYF2	0	1	1	0	0	0
YGR130C	0	1	1	0	0	0
FHN1	0	0	1	0	0	1
PHB1	0	0	1	0	0	1
PEX4	0	0	1	0	0	1
CAF130	0	1	1	0	0	0
PRE9	0	1	1	0	0	0
LSB1	0	0	1	0	0	1
YGR137W	0	1	1	0	0	0
TPO2	0	0	1	0	0	1
CBF2	1	1	0	0	0	0
VPS62	0	0	1	0	0	1
BTN2	0	0	1	0	0	1
SKN1	0	0	1	0	0	1
THI4	0	0	1	0	0	1
ENP2	0	1	0	0	1	0
ECL1	0	1	1	0	0	0
RPL24B	0	0	1	0	0	1
YGR149W	0	1	1	0	0	0
YGR151C	0	0	1	0	0	1
YGR153W	0	1	1	0	0	0
GTO1	0	0	1	0	0	1
CYS4	0	0	1	0	0	1
PTI1	1	1	0	0	0	0
CHO2	0	1	1	0	0	0
MTR3	1	1	0	0	0	0
RTS3	0	0	1	0	0	1
GTR2	0	1	1	0	0	0
YGR164W	0	1	1	0	0	0
TRS65	0	1	1	0	0	0
YGR168C	0	1	0	0	1	0
PUS6	0	0	1	0	0	1
LSO2	0	1	0	0	1	0
PSD2	0	1	1	0	0	0
YIP1	1	1	0	0	0	0
RBG2	0	1	1	0	0	0
CBP4	0	1	1	0	0	0
PBP1	0	1	1	0	0	0
OKP1	1	1	0	0	0	0
RNR4	0	0	1	0	0	1
TIM13	0	1	1	0	0	0
YGR182C	0	1	1	0	0	0
QCR9	0	1	1	0	0	0
UBR1	0	1	1	0	0	0
TYS1	0	1	0	0	1	0
TFG1	1	1	0	0	0	0
HGH1	0	1	1	0	0	0
CRH1	0	1	0	0	1	0
TDH3	0	0	1	0	0	1
PDX1	0	1	1	0	0	0
XKS1	0	0	1	0	0	1
SKI6	1	1	0	0	0	0
FYV8	0	1	1	0	0	0
SNG1	0	1	0	0	1	0
YPP1	1	1	0	0	0	0
PMT6	0	0	1	0	0	1
ELP2	0	1	1	0	0	0
PCT1	0	0	1	0	0	1
YCH1	0	0	1	0	0	1
YGR204C-A	0	1	0	0	1	0
TDA10	0	0	1	0	0	1
MVB12	0	0	1	0	0	1
CIR1	0	0	1	0	0	1
SER2	0	1	1	0	0	0
TRX2	0	0	1	0	0	1
YGR210C	0	0	1	0	0	1
ZPR1	1	1	0	0	0	0
RPS0A	0	1	1	0	0	0
GPI1	1	1	0	0	0	0
CCH1	0	1	1	0	0	0
CRM1	1	1	0	0	0	0
TOS2	0	1	1	0	0	0
PET54	0	1	1	0	0	0
HSV2	0	0	1	0	0	1
AZR1	0	1	1	0	0	0
AMA1	0	0	1	0	0	1
YGR226C	0	1	1	0	0	0
DIE2	0	1	1	0	0	0
YGR228W	0	1	1	0	0	0
SMI1	0	1	1	0	0	0
BNS1	0	0	1	0	0	1
PHB2	0	1	1	0	0	0
NAS6	0	1	1	0	0	0
PHO81	0	0	1	0	0	1
YHB1	0	0	1	0	0	1
SPG1	0	0	1	0	0	1
YGR237C	0	1	1	0	0	0
KEL2	0	1	1	0	0	0
PEX21	0	1	1	0	0	0
YGR240C-A	0	1	1	0	0	0
YAP1802	0	0	1	0	0	1
YGR242W	0	1	1	0	0	0
MPC3	0	1	1	0	0	0
LSC2	0	0	1	0	0	1
SDA1	1	1	0	0	0	0
CPD1	0	0	1	0	0	1
SOL4	0	0	1	0	0	1
MGA1	0	0	1	0	0	1
YGR250C	0	0	1	0	0	1
PUP2	0	1	0	0	1	0
ENO1	0	0	1	0	0	1
COQ6	0	0	1	0	0	1
GND2	0	1	1	0	0	0
YGR259C	0	1	1	0	0	0
TNA1	0	1	1	0	0	0
APL6	0	1	1	0	0	0
BUD32	0	0	1	0	0	1
SAY1	0	0	1	0	0	1
MES1	1	1	0	0	0	0
YGR266W	0	1	1	0	0	0
HUA1	0	1	1	0	0	0
YGR269W	0	0	1	0	0	1
YTA7	0	1	1	0	0	0
SLH1	0	0	1	0	0	1
YGR273C	0	0	1	0	0	1
TAF1	1	1	0	0	0	0
RTT102	0	1	1	0	0	0
RNH70	0	1	1	0	0	0
CAB4	1	1	0	0	0	0
CWC22	1	1	0	0	0	0
SCW4	0	1	1	0	0	0
YOR1	0	1	1	0	0	0
BGL2	0	1	1	0	0	0
YGR283C	0	1	1	0	0	0
ERV29	0	1	1	0	0	0
BIO2	0	1	1	0	0	0
MAL11	0	0	1	0	0	1
YGR291C	0	0	1	0	0	1
MAL12	0	1	1	0	0	0
PAU12	0	0	1	0	0	1
COS6	0	0	1	0	0	1
HSE1	0	0	1	0	0	1
LAG1	0	1	1	0	0	0
SHU1	0	0	1	0	0	1
YHL008C	0	0	1	0	0	1
ETP1	0	0	1	0	0	1
YHL012W	0	1	1	0	0	0
OTU2	0	1	1	0	0	0
YLF2	0	0	1	0	0	1
YHL015W-A	0	0	1	0	0	1
DUR3	0	0	1	0	0	1
YHL017W	0	0	1	0	0	1
YHL018W	0	0	1	0	0	1
APM2	0	0	1	0	0	1
OPI1	0	1	1	0	0	0
AIM17	0	1	1	0	0	0
SPO11	0	1	1	0	0	0
NPR3	0	1	1	0	0	0
RIM4	0	1	1	0	0	0
SNF6	0	1	1	0	0	0
YHL026C	0	1	1	0	0	0
RIM101	0	1	1	0	0	0
WSC4	0	0	1	0	0	1
OCA5	0	1	1	0	0	0
ECM29	0	0	1	0	0	1
GUT1	0	1	1	0	0	0
RPL8A	0	1	1	0	0	0
SBP1	0	1	1	0	0	0
CBP2	0	0	1	0	0	1
EFM1	0	1	1	0	0	0
ARN1	0	0	1	0	0	1
YHL041W	0	0	1	0	0	1
YHL042W	0	1	1	0	0	0
ECM34	0	1	1	0	0	0
YHL044W	0	1	1	0	0	0
PAU13	0	1	1	0	0	0
ARN2	0	0	1	0	0	1
YHL048C-A	0	0	1	0	0	1
QCR10	0	0	1	0	0	1
LEU5	0	0	1	0	0	1
TCD1	0	1	1	0	0	0
NEM1	0	1	1	0	0	0
STP2	0	0	1	0	0	1
ERG11	1	1	0	0	0	0
YHR007C-A	0	1	0	0	1	0
SOD2	0	1	1	0	0	0
TDA3	0	0	1	0	0	1
DIA4	0	1	0	0	1	0
VPS29	0	1	1	0	0	0
MIP6	0	1	1	0	0	0
YSC84	0	1	0	0	1	0
YSC83	0	0	1	0	0	1
DED81	1	1	0	0	0	0
YHR020W	0	1	0	0	1	0
ECM12	0	0	1	0	0	1
YHR022C	0	0	1	0	0	1
MAS2	1	1	0	0	0	0
RPN1	1	1	0	0	0	0
DAP2	0	0	1	0	0	1
YHI9	0	0	1	0	0	1
SLT2	0	1	1	0	0	0
RRM3	0	1	1	0	0	0
ERC1	0	1	1	0	0	0
YHR033W	0	0	1	0	0	1
PIH1	0	1	1	0	0	0
YHR035W	0	0	1	0	0	1
BRL1	1	1	0	0	0	0
PUT2	0	1	1	0	0	0
RRF1	0	0	1	0	0	1
MSC7	0	1	1	0	0	0
BCD1	1	1	0	0	0	0
SRB2	0	1	1	0	0	0
DOG2	0	0	1	0	0	1
DOG1	0	1	1	0	0	0
YHR045W	0	1	1	0	0	0
INM1	0	1	1	0	0	0
AAP1	0	0	1	0	0	1
YHK8	0	0	1	0	0	1
FSH1	0	0	1	0	0	1
SMF2	0	1	1	0	0	0
CUP1-2	0	0	1	0	0	1
CPR2	0	0	1	0	0	1
MED6	1	1	0	0	0	0
FYV4	0	1	1	0	0	0
GIC1	0	1	1	0	0	0
RPP1	1	1	0	0	0	0
RRP3	1	1	0	0	0	0
SSF1	0	1	1	0	0	0
HTD2	0	1	1	0	0	0
DYS1	1	1	0	0	0	0
RRP4	1	1	0	0	0	0
PCL5	0	1	1	0	0	0
ERG7	1	1	0	0	0	0
OSH3	0	0	1	0	0	1
QNS1	1	1	0	0	0	0
PPE1	0	1	1	0	0	0
NMD2	0	1	1	0	0	0
YHR078W	0	1	1	0	0	0
IRE1	0	1	1	0	0	0
LAM4	0	1	1	0	0	0
LRP1	0	1	1	0	0	0
KSP1	0	1	1	0	0	0
SAM35	1	1	0	0	0	0
IPI1	1	1	0	0	0	0
NAM8	0	1	1	0	0	0
YHR086W-A	0	1	0	0	1	0
RPF1	1	1	0	0	0	0
HXT4	0	0	1	0	0	1
HXT1	0	0	1	0	0	1
HXT5	0	0	1	0	0	1
YHR097C	0	1	0	0	1	0
SFB3	0	1	1	0	0	0
BIG1	1	1	0	0	0	0
SBE22	0	0	1	0	0	1
GRE3	0	0	1	0	0	1
YPT35	0	1	1	0	0	0
TRR2	0	0	1	0	0	1
CDC12	1	1	0	0	0	0
GGA2	0	1	1	0	0	0
CTM1	0	1	1	0	0	0
ERP5	0	0	1	0	0	1
UBA4	0	1	1	0	0	0
YHR112C	0	0	1	0	0	1
APE4	0	0	1	0	0	1
BZZ1	0	0	1	0	0	1
COX23	0	1	1	0	0	0
TOM71	0	1	1	0	0	0
ORC6	1	1	0	0	0	0
SET1	0	1	1	0	0	0
LSM12	0	1	1	0	0	0
YHR122W	1	1	0	0	0	0
EPT1	0	0	1	0	0	1
NDT80	0	1	1	0	0	0
YHR125W	0	0	1	0	0	1
ANS1	0	0	1	0	0	1
YHR127W	0	1	0	0	1	0
ARP1	0	1	1	0	0	0
YHR130C	0	0	1	0	0	1
YHR131C	0	1	1	0	0	0
ECM14	0	0	1	0	0	1
IGO2	0	0	1	0	0	1
NSG1	0	0	1	0	0	1
WSS1	0	0	1	0	0	1
YCK1	0	1	1	0	0	0
SPL2	0	0	1	0	0	1
ARO9	0	0	1	0	0	1
YHR138C	0	0	1	0	0	1
SPS100	0	0	1	0	0	1
YHR139C-A	0	1	1	0	0	0
YHR140W	0	0	1	0	0	1
CHS7	0	1	1	0	0	0
DSE2	0	1	1	0	0	0
DCD1	0	0	1	0	0	1
CRP1	0	1	1	0	0	0
PEX28	0	1	1	0	0	0
MTC6	0	1	1	0	0	0
SPO12	0	1	1	0	0	0
SPO16	0	1	1	0	0	0
RTT107	0	1	1	0	0	0
LAM1	0	0	1	0	0	1
LIN1	0	1	1	0	0	0
REC104	0	1	1	0	0	0
KEL1	0	0	1	0	0	1
TDA11	0	0	1	0	0	1
PEX18	0	0	1	0	0	1
YAP1801	0	1	1	0	0	0
MPC2	0	0	1	0	0	1
SOL3	0	1	1	0	0	0
DNA2	1	1	0	0	0	0
CDC23	1	1	0	0	0	0
THP2	0	1	1	0	0	0
NMD3	1	1	0	0	0	0
ATG7	0	0	1	0	0	1
SPC97	1	1	0	0	0	0
ENO2	0	0	1	0	0	1
FMO1	0	1	1	0	0	0
STB5	0	1	1	0	0	0
OYE2	0	0	1	0	0	1
YHR180W	0	0	1	0	0	1
SVP26	0	1	1	0	0	0
YHR182W	0	1	0	0	1	0
SSP1	0	1	1	0	0	0
PFS1	0	1	1	0	0	0
KOG1	1	1	0	0	0	0
IKI1	0	1	1	0	0	0
GPI16	1	1	0	0	0	0
PTH1	0	1	1	0	0	0
ERG9	1	1	0	0	0	0
CTF8	1	1	1	0	0	0
LNP1	0	0	1	0	0	1
EGD2	0	0	1	0	0	1
NVJ1	0	1	1	0	0	0
UTP9	1	1	0	0	0	0
RIX1	1	1	0	0	0	0
AIM18	0	0	1	0	0	1
NBL1	0	0	1	0	0	1
RPN10	0	1	1	0	0	0
YHR202W	0	0	1	0	0	1
RPS4B	0	1	1	0	0	0
SCH9	0	1	0	0	1	0
SKN7	0	1	1	0	0	0
SET5	0	0	1	0	0	1
BAT1	0	0	1	0	0	1
CRG1	0	1	1	0	0	0
YHR210C	0	0	1	0	0	1
YHR212W-A	0	0	1	0	0	1
PHO12	0	0	1	0	0	1
YIL001W	0	0	1	0	0	1
INP51	0	0	1	0	0	1
YIL002W-A	0	0	1	0	0	1
CFD1	1	1	0	0	0	0
BET1	1	1	0	0	0	0
EPS1	0	0	1	0	0	1
YIA6	0	1	1	0	0	0
NAS2	0	1	1	0	0	0
URM1	0	1	1	0	0	0
EST3	0	0	1	0	0	1
DOT5	0	1	1	0	0	0
PDR11	0	1	1	0	0	0
MNT3	0	1	1	0	0	0
BAR1	0	0	1	0	0	1
SNL1	0	0	1	0	0	1
VID28	0	0	1	0	0	1
FAF1	1	1	0	0	0	0
TIM44	1	1	0	0	0	0
YKE4	0	1	1	0	0	0
YIL024C	0	0	1	0	0	1
YIL025C	0	0	1	0	0	1
IRR1	1	1	0	0	0	0
EMC5	0	0	1	0	0	1
YIL028W	0	0	1	0	0	1
YIL029C	0	0	1	0	0	1
SSM4	0	1	1	0	0	0
YIL032C	0	0	1	0	0	1
BCY1	0	0	1	0	0	1
CAP2	0	1	1	0	0	0
CKA1	0	1	1	0	0	0
CST6	0	1	1	0	0	0
PRM2	0	1	1	0	0	0
NOT3	0	0	1	0	0	1
TED1	0	1	1	0	0	0
APQ12	0	1	1	0	0	0
GVP36	0	0	1	0	0	1
PKP1	0	0	1	0	0	1
CBR1	0	0	1	0	0	1
AGE2	0	1	1	0	0	0
PIG2	0	0	1	0	0	1
MET30	1	1	0	0	0	0
YIL046W-A	0	0	1	0	0	1
SYG1	0	1	1	0	0	0
NEO1	1	1	0	0	0	0
PCL7	0	0	1	0	0	1
GPP1	0	1	1	0	0	0
YIL054W	0	1	1	0	0	0
YIL055C	0	1	1	0	0	0
VHR1	0	1	1	0	0	0
RGI2	0	1	1	0	0	0
YIL058W	0	1	1	0	0	0
YIL059C	0	0	1	0	0	1
ARC15	1	1	0	0	0	0
EFM4	0	1	1	0	0	0
FIS1	0	1	1	0	0	0
RNR3	0	0	1	0	0	1
YIL067C	0	0	1	0	0	1
SEC6	1	1	0	0	0	0
RPS24B	0	0	1	0	0	1
PCI8	0	0	1	0	0	1
HOP1	0	0	1	0	0	1
SPO22	0	0	1	0	0	1
SER33	0	0	1	0	0	1
SEC28	0	0	1	0	0	1
YIL077C	0	0	1	0	0	1
AIR1	0	1	1	0	0	0
SDS3	0	1	1	0	0	0
KTR7	0	0	1	0	0	1
YIL086C	0	0	1	0	0	1
AVT7	0	0	1	0	0	1
YIL089W	0	1	1	0	0	0
ICE2	0	1	1	0	0	0
UTP25	1	1	0	0	0	0
YIL092W	0	1	1	0	0	0
PRK1	0	1	1	0	0	0
BMT5	0	0	1	0	0	1
FYV10	0	1	1	0	0	0
FMC1	0	1	1	0	0	0
SGA1	0	0	1	0	0	1
YIL100W	0	0	1	0	0	1
XBP1	0	0	1	0	0	1
YIL102C	0	0	1	0	0	1
DPH1	0	1	1	0	0	0
SHQ1	1	1	0	0	0	0
SLM1	0	1	1	0	0	0
MOB1	1	1	0	0	0	0
PFK26	0	1	1	0	0	0
YIL108W	0	0	1	0	0	1
SEC24	1	1	0	0	0	0
HPM1	0	1	1	0	0	0
COX5B	0	0	1	0	0	1
HOS4	0	1	1	0	0	0
SDP1	0	0	1	0	0	1
POR2	0	0	1	0	0	1
NUP159	1	1	0	0	0	0
PRM5	0	0	1	0	0	1
RHO3	1	1	0	0	0	0
RPI1	0	1	1	0	0	0
QDR1	0	1	1	0	0	0
POG1	0	1	1	0	0	0
SIM1	0	1	1	0	0	0
AYR1	0	0	1	0	0	1
KGD1	0	0	1	0	0	1
RRT14	0	1	1	0	0	0
MET18	0	1	0	0	1	0
TAO3	1	1	0	0	0	0
ASG1	0	0	1	0	0	1
FKH1	0	1	1	0	0	0
CSM2	0	0	1	0	0	1
RPL16A	0	1	1	0	0	0
YIL134C-A	0	1	0	0	1	0
FLX1	0	1	1	0	0	0
VHS2	0	0	1	0	0	1
OM45	0	1	1	0	0	0
TMA108	0	0	1	0	0	1
TPM2	0	0	1	0	0	1
REV7	0	0	1	0	0	1
AXL2	0	1	1	0	0	0
YIL141W	0	1	1	0	0	0
CCT2	1	1	0	0	0	0
NDC80	1	1	0	0	0	0
PAN6	0	0	1	0	0	1
ATG32	0	1	1	0	0	0
SLN1	1	1	0	0	0	0
RPL40A	0	1	1	0	0	0
MLP2	0	1	1	0	0	0
MCM10	1	1	0	0	0	0
ESL1	0	1	1	0	0	0
YIL152W	0	0	1	0	0	1
RRD1	0	1	1	0	0	0
IMP2'	0	1	1	0	0	0
GUT2	0	0	1	0	0	1
UBP7	0	0	1	0	0	1
COA1	0	0	1	0	0	1
AIM20	0	0	1	0	0	1
BNR1	0	1	1	0	0	0
POT1	0	1	1	0	0	0
YIL161W	0	0	1	0	0	1
SUC2	0	1	1	0	0	0
NIT1	0	1	1	0	0	0
YIL165C	0	0	1	0	0	1
YIL166C	0	0	1	0	0	1
SDL1	0	1	1	0	0	0
YIL168W	0	0	1	0	0	1
YIL171W	0	0	1	0	0	1
VTH1	0	0	1	0	0	1
YIL174W	0	0	1	0	0	1
YIL175W	0	1	0	0	1	0
SGN1	0	1	1	0	0	0
MPH1	0	1	1	0	0	0
AIM21	0	1	1	0	0	0
DJP1	0	0	1	0	0	1
IST3	0	1	1	0	0	0
PAN1	1	1	0	0	0	0
YIR007W	0	1	1	0	0	0
PRI1	1	1	0	0	0	0
DSN1	1	1	0	0	0	0
STS1	1	1	0	0	0	0
SQT1	0	1	0	0	1	0
GAT4	0	1	0	0	1	0
YIR014W	0	1	1	0	0	0
YIR016W	0	1	1	0	0	0
MET28	0	0	1	0	0	1
YIR018C-A	0	1	0	0	1	0
YAP5	0	1	1	0	0	0
FLO11	0	1	1	0	0	0
YIR020C	0	1	1	0	0	0
MRS1	0	0	1	0	0	1
SEC11	0	1	0	0	1	0
DAL81	0	1	1	0	0	0
INA22	0	0	1	0	0	1
MND2	0	1	1	0	0	0
YVH1	0	0	1	0	0	1
DAL1	0	1	1	0	0	0
DAL4	0	0	1	0	0	1
DAL2	0	0	1	0	0	1
DCG1	0	0	1	0	0	1
DAL7	0	0	1	0	0	1
DAL3	0	1	1	0	0	0
MGA2	0	1	1	0	0	0
YIR035C	0	0	1	0	0	1
HYR1	0	0	1	0	0	1
GTT1	0	0	1	0	0	1
YPS6	0	0	1	0	0	1
PAU15	0	0	1	0	0	1
YIR042C	0	0	1	0	0	1
YIR043C	0	1	1	0	0	0
YIR044C	0	0	1	0	0	1
PRE3	1	1	0	0	0	0
OST1	1	1	0	0	0	0
COX16	0	0	1	0	0	1
SYS1	0	1	1	0	0	0
CYR1	1	1	0	0	0	0
YJL007C	0	0	1	0	0	1
NOP9	1	1	0	0	0	0
RPC17	1	1	0	0	0	0
VTC4	0	0	1	0	0	1
MAD3	0	1	1	0	0	0
CCT3	1	1	0	0	0	0
YJL016W	0	0	1	0	0	1
BBC1	0	1	1	0	0	0
YJL022W	0	1	1	0	0	0
APS3	0	1	1	0	0	0
RRN7	1	1	0	0	0	0
YJL027C	0	0	1	0	0	1
MAD2	0	1	1	0	0	0
HCA4	1	1	0	0	0	0
KAR2	1	1	0	0	0	0
TAD2	1	1	0	0	0	0
SNX4	0	1	1	0	0	0
IRC18	0	1	0	0	1	0
LOH1	0	0	1	0	0	1
NUP192	1	1	0	0	0	0
MHP1	0	0	1	0	0	1
YJL043W	0	0	1	0	0	1
GYP6	0	0	1	0	0	1
AIM22	0	1	1	0	0	0
RTT101	0	1	1	0	0	0
UBX6	0	0	1	0	0	1
YJL049W	0	1	1	0	0	0
MTR4	1	1	0	0	0	0
IRC8	0	0	1	0	0	1
YJL052C-A	0	1	0	0	1	0
PEP8	0	1	1	0	0	0
TIM54	1	1	0	0	0	0
YJL055W	0	0	1	0	0	1
IKS1	0	1	1	0	0	0
BIT61	0	0	1	0	0	1
YHC3	0	0	1	0	0	1
BNA3	0	1	1	0	0	0
NUP82	1	1	0	0	0	0
LAS21	0	1	1	0	0	0
COA3	0	1	1	0	0	0
YJL064W	0	1	1	0	0	0
DLS1	0	0	1	0	0	1
MPM1	0	0	1	0	0	1
YJL067W	0	0	1	0	0	1
YJL068C	0	0	1	0	0	1
UTP18	1	1	0	0	0	0
YJL070C	0	0	1	0	0	1
PSF2	1	1	0	0	0	0
JEM1	0	0	1	0	0	1
SMC3	1	1	0	0	0	0
ICS3	0	1	1	0	0	0
YJL077W-B	0	0	1	0	0	1
PRY3	0	0	1	0	0	1
PRY1	0	0	1	0	0	1
ARP4	1	1	0	0	0	0
TAX4	0	0	1	0	0	1
ALY2	0	0	1	0	0	1
EXO70	1	1	0	0	0	0
SIP4	0	1	1	0	0	0
GWT1	1	1	0	0	0	0
SRS2	0	1	1	0	0	0
KHA1	0	0	1	0	0	1
BCK1	0	1	1	0	0	0
PHS1	1	1	0	0	0	0
SAP185	0	1	1	0	0	0
CHS6	0	1	1	0	0	0
GSH1	0	1	1	0	0	0
MEF2	0	0	1	0	0	1
PAM16	1	1	0	0	0	0
SET4	0	1	1	0	0	0
IME2	0	1	1	0	0	0
PRM10	0	1	1	0	0	0
GZF3	0	0	1	0	0	1
CCT7	1	1	0	0	0	0
MDV1	0	1	1	0	0	0
ASF1	0	1	1	0	0	0
NCA3	0	1	1	0	0	0
PHO86	0	1	1	0	0	0
YJL118W	0	0	1	0	0	1
YJL120W	0	1	1	0	0	0
RPE1	0	1	1	0	0	0
ALB1	0	1	1	0	0	0
MTC1	0	1	1	0	0	0
LSM1	0	1	1	0	0	0
GCD14	1	1	0	0	0	0
NIT2	0	0	1	0	0	1
YJL127C-B	0	0	1	0	0	1
PBS2	0	1	1	0	0	0
URA2	0	1	1	0	0	0
AIM23	0	0	1	0	0	1
YJL132W	0	0	1	0	0	1
YJL133C-A	0	0	1	0	0	1
MRS3	0	0	1	0	0	1
LCB3	0	1	1	0	0	0
YJL135W	0	1	1	0	0	0
RPS21B	0	1	1	0	0	0
YJL136W-A	0	1	0	0	1	0
GLG2	0	0	1	0	0	1
TIF2	0	1	1	0	0	0
YUR1	0	1	1	0	0	0
YAK1	0	1	1	0	0	0
IRC9	0	0	1	0	0	1
YJL144W	0	1	1	0	0	0
SFH5	0	0	1	0	0	1
IDS2	0	1	0	0	1	0
MRX5	0	0	1	0	0	1
RPA34	0	1	1	0	0	0
DAS1	0	1	1	0	0	0
YJL150W	0	0	1	0	0	1
SNA3	0	0	1	0	0	1
YJL152W	0	0	1	0	0	1
INO1	0	0	1	0	0	1
VPS35	0	1	1	0	0	0
FBP26	0	1	1	0	0	0
CIS3	0	0	1	0	0	1
HSP150	0	1	1	0	0	0
PIR5	0	1	1	0	0	0
FMP33	0	0	1	0	0	1
JJJ2	0	0	1	0	0	1
YJL163C	0	1	1	0	0	0
TPK1	0	0	1	0	0	1
HAL5	0	0	1	0	0	1
QCR8	0	0	1	0	0	1
SET2	0	1	1	0	0	0
YJL169W	0	1	1	0	0	0
ASG7	0	0	1	0	0	1
YJL171C	0	0	1	0	0	1
CPS1	0	1	1	0	0	0
RFA3	1	1	0	0	0	0
KRE9	1	1	0	0	0	0
YJL175W	0	1	1	0	0	0
RPL17B	0	1	1	0	0	0
ATG27	0	0	1	0	0	1
PFD1	0	1	0	0	1	0
ATP12	0	0	1	0	0	1
YJL181W	0	0	1	0	0	1
YJL182C	0	0	1	0	0	1
MNN11	0	1	1	0	0	0
ATG36	0	0	1	0	0	1
MNN5	0	0	1	0	0	1
SWE1	0	1	1	0	0	0
BUD19	0	1	1	0	0	0
RPS22A	0	0	1	0	0	1
RPS14B	0	1	1	0	0	0
SOP4	0	1	1	0	0	0
YJL193W	0	0	1	0	0	1
CDC6	1	1	0	0	0	0
ELO1	0	0	1	0	0	1
MBB1	0	0	1	0	0	1
ECM25	0	0	1	0	0	1
PRP21	1	1	0	0	0	0
NCE101	0	0	1	0	0	1
YJL206C	0	0	1	0	0	1
NUC1	0	1	1	0	0	0
CBP1	0	0	1	0	0	1
PEX2	0	1	1	0	0	0
YJL211C	0	0	1	0	0	1
OPT1	0	0	1	0	0	1
YJL213W	0	0	1	0	0	1
YJL215C	0	1	1	0	0	0
IMA5	0	0	1	0	0	1
REE1	0	0	1	0	0	1
YJL218W	0	0	1	0	0	1
MRX12	0	0	1	0	0	1
SAG1	0	0	1	0	0	1
LSO1	0	1	0	0	1	0
POL31	1	1	0	0	0	0
SUI2	1	1	0	0	0	0
YJR008W	0	1	0	0	1	0
TDH2	0	0	1	0	0	1
SPC1	0	1	1	0	0	0
MET3	0	1	1	0	0	0
YJR011C	0	1	1	0	0	0
TMA22	0	1	1	0	0	0
YJR015W	0	0	1	0	0	1
ESS1	1	1	0	0	0	0
YJR020W	0	0	1	0	0	1
REC107	0	1	1	0	0	0
MDE1	0	0	1	0	0	1
BNA1	0	0	1	0	0	1
YJR030C	0	0	1	0	0	1
GEA1	0	0	1	0	0	1
CPR7	0	1	1	0	0	0
RAV1	0	1	1	0	0	0
PET191	0	0	1	0	0	1
RAD26	0	1	1	0	0	0
HUL4	0	0	1	0	0	1
YJR037W	0	0	1	0	0	1
YJR038C	0	0	1	0	0	1
YJR039W	0	1	1	0	0	0
GEF1	0	0	1	0	0	1
NUP85	1	1	0	0	0	0
POL32	0	1	1	0	0	0
VPS55	0	1	1	0	0	0
SSC1	1	1	0	0	0	0
TAH11	1	1	0	0	0	0
CYC1	0	1	1	0	0	0
UTR1	0	0	1	0	0	1
ISY1	0	1	1	0	0	0
OSM1	0	0	1	0	0	1
RAD7	0	0	1	0	0	1
BFA1	0	1	1	0	0	0
YJR054W	0	1	1	0	0	0
HIT1	0	0	1	0	0	1
YJR056C	0	1	1	0	0	0
CDC8	1	1	0	0	0	0
APS2	0	0	1	0	0	1
PTK2	0	1	1	0	0	0
CBF1	0	1	1	0	0	0
YJR061W	0	1	1	0	0	0
NTA1	0	1	1	0	0	0
CCT5	1	1	0	0	0	0
ARP3	1	1	0	0	0	0
TOR1	0	1	1	0	0	0
RFC2	1	1	0	0	0	0
LIA1	0	1	1	0	0	0
NPA3	1	1	0	0	0	0
OPI3	0	1	1	0	0	0
MOG1	0	1	1	0	0	0
HOC1	0	1	1	0	0	0
CDC11	1	1	0	0	0	0
MIR1	0	1	1	0	0	0
BNA2	0	1	1	0	0	0
AIM24	0	0	1	0	0	1
EAF6	0	1	1	0	0	0
ACF4	0	0	1	0	0	1
CSN12	0	1	1	0	0	0
YJR087W	0	1	1	0	0	0
EMC2	0	1	1	0	0	0
JSN1	0	0	1	0	0	1
BUD4	0	1	1	0	0	0
FIP1	1	1	0	0	0	0
IME1	0	1	1	0	0	0
RPL43B	0	1	1	0	0	0
SFC1	0	1	1	0	0	0
YJR096W	0	0	1	0	0	1
JJJ3	0	1	1	0	0	0
YJR098C	0	1	1	0	0	0
YUH1	0	1	1	0	0	0
AIM25	0	0	1	0	0	1
URA8	0	0	1	0	0	1
ECM27	0	1	0	0	1	0
YJR107W	0	1	1	0	0	0
ABM1	0	1	1	0	0	0
YMR1	0	0	1	0	0	1
NNF1	1	1	0	0	0	0
RSM7	0	0	1	0	0	1
YJR114W	0	1	0	0	1	0
YJR115W	0	1	1	0	0	0
TDA4	0	1	1	0	0	0
STE24	0	1	1	0	0	0
ILM1	0	0	1	0	0	1
JHD2	0	0	1	0	0	1
YJR120W	0	1	1	0	0	0
ATP2	0	0	1	0	0	1
YJR124C	0	0	1	0	0	1
ENT3	0	1	1	0	0	0
VPS70	0	0	1	0	0	1
RSF2	0	0	1	0	0	1
YJR128W	0	0	1	0	0	1
EFM3	0	0	1	0	0	1
STR2	0	1	1	0	0	0
MNS1	0	1	1	0	0	0
XPT1	0	0	1	0	0	1
SGM1	0	0	1	0	0	1
MCM22	0	1	1	0	0	0
TIM8	0	0	1	0	0	1
MET5	0	1	1	0	0	0
IML1	0	1	1	0	0	0
HOM6	0	1	1	0	0	0
HIR3	0	1	1	0	0	0
YJR141W	1	1	0	0	0	0
YJR142W	0	1	0	0	1	0
PMT4	0	0	1	0	0	1
MGM101	0	0	1	0	0	1
RPS4A	0	0	1	0	0	1
YJR146W	0	0	1	0	0	1
HMS2	0	1	1	0	0	0
BAT2	0	0	1	0	0	1
YJR149W	0	0	1	0	0	1
DAN1	0	1	1	0	0	0
DAN4	0	0	1	0	0	1
YJR151W-A	0	0	1	0	0	1
DAL5	0	0	1	0	0	1
PGU1	0	0	1	0	0	1
YJR154W	0	0	1	0	0	1
SOR1	0	0	1	0	0	1
COS5	0	0	1	0	0	1
MET14	0	0	1	0	0	1
DID4	0	0	1	0	0	1
BYE1	0	1	1	0	0	0
RPL14A	0	1	1	0	0	0
CAP1	0	1	1	0	0	0
LAC1	0	1	1	0	0	0
MRT4	0	1	1	0	0	0
UFD4	0	0	1	0	0	1
CCE1	0	0	1	0	0	1
PUT3	0	0	1	0	0	1
ATP7	0	0	1	0	0	1
HCS1	0	1	1	0	0	0
YKL018C-A	0	1	0	0	1	0
SWD2	1	1	0	0	0	0
RAM2	1	1	0	0	0	0
SPT23	0	1	1	0	0	0
MAK11	1	1	0	0	0	0
CDC16	1	1	0	0	0	0
YKL023W	0	0	1	0	0	1
URA6	1	1	0	0	0	0
PAN3	0	0	1	0	0	1
GPX1	0	0	1	0	0	1
TCD2	0	1	1	0	0	0
MAE1	0	0	1	0	0	1
YKL030W	0	0	1	0	0	1
YKL031W	0	0	1	0	0	1
IXR1	0	1	1	0	0	0
YKL033W-A	0	1	1	0	0	0
TUL1	0	0	1	0	0	1
UGP1	1	1	0	0	0	0
AIM26	0	1	1	0	0	0
RGT1	0	0	1	0	0	1
PTM1	0	0	1	0	0	1
NFU1	0	1	1	0	0	0
VPS24	0	1	1	0	0	0
SPC42	1	1	0	0	0	0
PHD1	0	0	1	0	0	1
YKL044W	0	1	1	0	0	0
PRI2	1	1	0	0	0	0
DCW1	0	1	1	0	0	0
ANR2	0	1	1	0	0	0
ELM1	0	1	1	0	0	0
CSE4	1	1	0	0	0	0
YKL050C	0	1	1	0	0	0
SFK1	0	1	1	0	0	0
ASK1	1	1	0	0	0	0
MDM35	0	1	1	0	0	0
YKL053W	0	1	1	0	0	0
DEF1	0	0	1	0	0	1
OAR1	0	1	1	0	0	0
TMA19	0	1	1	0	0	0
NUP120	0	0	1	0	0	1
BLI1	0	0	1	0	0	1
MSN4	0	0	1	0	0	1
YKL063C	0	1	1	0	0	0
MNR2	0	0	1	0	0	1
YET1	0	1	0	0	1	0
YKL066W	0	1	0	0	1	0
YNK1	0	0	1	0	0	1
NUP100	0	1	1	0	0	0
YKL068W-A	0	1	0	0	1	0
YKL069W	0	1	1	0	0	0
LHS1	0	1	1	0	0	0
MUD2	0	1	1	0	0	0
YKL075C	0	1	1	0	0	0
PSY1	0	1	1	0	0	0
YKL077W	0	1	1	0	0	0
SMY1	0	1	1	0	0	0
VMA5	0	0	1	0	0	1
TEF4	0	1	1	0	0	0
RRP14	1	1	0	0	0	0
HOT13	0	0	1	0	0	1
MDH1	0	1	1	0	0	0
SRX1	0	0	1	0	0	1
CYT2	0	1	1	0	0	0
MIF2	1	1	0	0	0	0
YKL091C	0	0	1	0	0	1
BUD2	0	0	1	0	0	1
MBR1	0	0	1	0	0	1
YJU3	0	0	1	0	0	1
YJU2	1	1	0	0	0	0
YKL096C-B	0	0	1	0	0	1
CWP1	0	1	1	0	0	0
CWP2	0	0	1	0	0	1
MTC2	0	1	1	0	0	0
YKL100C	0	0	1	0	0	1
HSL1	0	1	1	0	0	0
YKL102C	0	0	1	0	0	1
APE1	0	0	1	0	0	1
GFA1	1	1	0	0	0	0
SEG2	0	0	1	0	0	1
YKL106C-A	0	1	1	0	0	0
AAT1	0	0	1	0	0	1
YKL107W	0	0	1	0	0	1
HAP4	0	1	1	0	0	0
KTI12	0	1	1	0	0	0
ABF1	1	1	0	0	0	0
RAD27	0	1	1	0	0	0
APN1	0	0	1	0	0	1
YKL115C	0	0	1	0	0	1
PRR1	0	1	1	0	0	0
SBA1	0	1	1	0	0	0
OAC1	0	0	1	0	0	1
DGR2	0	0	1	0	0	1
YKL123W	0	1	1	0	0	0
SSH4	0	1	1	0	0	0
RRN3	1	1	0	0	0	0
PGM1	0	1	1	0	0	0
PMU1	0	1	1	0	0	0
MYO3	0	0	1	0	0	1
SHE2	0	0	1	0	0	1
RMA1	0	0	1	0	0	1
YKL133C	0	0	1	0	0	1
APL2	0	0	1	0	0	1
YKL136W	0	1	1	0	0	0
CMC1	0	1	1	0	0	0
TGL1	0	0	1	0	0	1
MRP8	0	0	1	0	0	1
RPC25	0	1	0	0	1	0
RPT1	1	1	0	0	0	0
AVT3	0	1	1	0	0	0
SDH1	0	1	1	0	0	0
DBR1	0	1	1	0	0	0
MCR1	0	1	1	0	0	0
YKL151C	0	0	1	0	0	1
SRP102	1	1	0	0	0	0
RSM22	0	0	1	0	0	1
RPS27A	0	1	1	0	0	0
APE2	0	1	1	0	0	0
RCN1	0	1	1	0	0	0
ELF1	0	1	1	0	0	0
KDX1	0	0	1	0	0	1
YKL162C	0	0	1	0	0	1
PIR3	0	1	0	0	1	0
PIR1	0	0	1	0	0	1
TPK3	0	0	1	0	0	1
MRP49	0	1	1	0	0	0
KKQ8	0	0	1	0	0	1
NNK1	0	1	1	0	0	0
EBP2	1	1	0	0	0	0
SNU114	1	1	0	0	0	0
TPO5	0	0	1	0	0	1
ZRT3	0	0	1	0	0	1
LST4	0	1	1	0	0	0
COY1	0	0	1	0	0	1
YKL183C-A	0	0	1	0	0	1
LOT5	0	0	1	0	0	1
SPE1	0	1	1	0	0	0
ASH1	0	1	1	0	0	0
YKL187C	0	0	1	0	0	1
PXA2	0	0	1	0	0	1
HYM1	0	1	0	0	1	0
CNB1	0	1	1	0	0	0
DPH2	0	1	1	0	0	0
SDS22	1	1	0	0	0	0
YKT6	1	1	0	0	0	0
PEX1	0	0	1	0	0	1
PTK1	0	0	1	0	0	1
YKL202W	0	0	1	0	0	1
TOR2	1	1	0	0	0	0
LOS1	0	1	1	0	0	0
ADD66	0	1	1	0	0	0
EMC3	0	1	1	0	0	0
CBT1	0	1	1	0	0	0
STE6	0	1	1	0	0	0
UBA1	1	1	0	0	0	0
TRP3	0	0	1	0	0	1
SAC1	0	1	1	0	0	0
DOA1	0	1	1	0	0	0
YRA2	0	1	1	0	0	0
OXP1	0	0	1	0	0	1
URA1	0	1	1	0	0	0
SRY1	0	0	1	0	0	1
FRE2	0	0	1	0	0	1
MCH2	0	0	1	0	0	1
YKL222C	0	0	1	0	0	1
OSH6	0	0	1	0	0	1
YKR005C	0	1	1	0	0	0
MEH1	0	1	1	0	0	0
RSC4	1	1	0	0	0	0
FOX2	0	0	1	0	0	1
TOF2	0	1	1	0	0	0
YKR011C	0	0	1	0	0	1
YKR012C	0	0	1	0	0	1
PRY2	0	0	1	0	0	1
YPT52	0	0	1	0	0	1
YKR015C	0	1	1	0	0	0
MIC60	0	1	1	0	0	0
HEL1	0	0	1	0	0	1
YKR018C	0	0	1	0	0	1
IRS4	0	1	1	0	0	0
VPS51	0	1	1	0	0	0
ALY1	0	0	1	0	0	1
NTR2	1	0	0	1	0	0
YKR023W	0	0	1	0	0	1
DBP7	0	1	1	0	0	0
RPC37	1	1	0	0	0	0
GCN3	0	1	1	0	0	0
BCH2	0	1	1	0	0	0
SAP190	0	1	1	0	0	0
SET3	0	1	1	0	0	0
GMH1	0	0	1	0	0	1
SPO14	0	1	1	0	0	0
YKR032W	0	0	1	0	0	1
YKR033C	0	0	1	0	0	1
DAL80	0	1	1	0	0	0
OPI8	0	1	1	0	0	0
DID2	0	1	1	0	0	0
CAF4	0	1	1	0	0	0
KAE1	1	1	0	0	0	0
GAP1	0	0	1	0	0	1
YKR040C	0	1	1	0	0	0
YKR041W	0	1	1	0	0	0
UTH1	0	1	1	0	0	0
SHB17	0	1	1	0	0	0
UIP5	0	0	1	0	0	1
YKR045C	0	0	1	0	0	1
PET10	0	0	1	0	0	1
YKR047W	0	1	1	0	0	0
NAP1	0	1	1	0	0	0
FMP46	0	1	1	0	0	0
YKR051W	0	1	1	0	0	0
MRS4	0	0	1	0	0	1
YSR3	0	0	1	0	0	1
DYN1	0	1	1	0	0	0
RHO4	0	0	1	0	0	1
TRM2	0	0	1	0	0	1
RPS21A	0	1	1	0	0	0
GLG1	0	0	1	0	0	1
TIF1	0	1	1	0	0	0
UTP30	0	1	1	0	0	0
KTR2	0	1	1	0	0	0
TFA2	1	1	0	0	0	0
LAS1	1	1	0	0	0	0
OAF3	0	0	1	0	0	1
PAM17	0	1	1	0	0	0
GPT2	0	0	1	0	0	1
BET3	1	1	0	0	0	0
MET1	0	0	1	0	0	1
SIS2	0	1	1	0	0	0
AIM29	0	1	1	0	0	0
YKR075C	0	0	1	0	0	1
ECM4	0	0	1	0	0	1
MSA2	0	0	1	0	0	1
YKR078W	0	1	1	0	0	0
RPF2	1	1	0	0	0	0
NUP133	0	1	1	0	0	0
DAD2	1	1	0	0	0	0
HBS1	0	1	1	0	0	0
MRPL20	0	0	1	0	0	1
PRP16	1	1	0	0	0	0
OMA1	0	0	1	0	0	1
TVP38	0	1	1	0	0	0
TGL4	0	0	1	0	0	1
SRL3	0	1	1	0	0	0
SRP40	0	1	1	0	0	0
PTR2	0	0	1	0	0	1
RPL40B	0	1	1	0	0	0
MLP1	0	1	1	0	0	0
ESL2	0	0	1	0	0	1
PCK1	0	0	1	0	0	1
UBP11	0	1	1	0	0	0
BAS1	0	1	1	0	0	0
SKG1	0	0	1	0	0	1
FLO10	0	0	1	0	0	1
VBA5	0	1	1	0	0	0
GEX2	0	1	1	0	0	0
DNM1	0	0	1	0	0	1
RTT109	0	1	1	0	0	0
SFI1	1	1	0	0	0	0
ORC3	1	1	0	0	0	0
SPO75	0	1	1	0	0	0
MMM1	0	1	1	0	0	0
YLL006W-A	0	1	1	0	0	0
YLL007C	0	0	1	0	0	1
DRS1	1	1	0	0	0	0
COX17	0	0	1	0	0	1
PSR1	0	0	1	0	0	1
SOF1	1	1	0	0	0	0
YEH1	0	0	1	0	0	1
PUF3	0	1	1	0	0	0
EMC6	0	1	1	0	0	0
BPT1	0	1	1	0	0	0
SDC25	0	0	1	0	0	1
YLL017W	0	1	1	0	0	0
COX19	0	0	1	0	0	1
KNS1	0	1	1	0	0	0
YLL020C	0	1	1	0	0	0
SPA2	0	1	1	0	0	0
HIF1	0	0	1	0	0	1
POM33	0	1	1	0	0	0
SSA2	0	0	1	0	0	1
PAU17	0	0	1	0	0	1
HSP104	0	1	1	0	0	0
ISA1	0	0	1	0	0	1
TPO1	0	1	1	0	0	0
FRA1	0	1	1	0	0	0
GPI13	1	1	0	0	0	0
YLL032C	0	1	1	0	0	0
GRC3	1	0	0	1	0	0
PRP19	1	1	0	0	0	0
ENT4	0	1	1	0	0	0
UBI4	0	1	1	0	0	0
VPS13	0	1	1	0	0	0
SDH2	0	1	1	0	0	0
ATG10	0	1	1	0	0	0
FPS1	0	1	1	0	0	0
RPL8B	0	1	1	0	0	0
RNP1	0	1	1	0	0	0
YLL047W	0	0	1	0	0	1
YBT1	0	1	1	0	0	0
LDB18	0	1	1	0	0	0
COF1	1	1	0	0	0	0
YLL053C	0	1	1	0	0	0
YLL054C	0	0	1	0	0	1
YCT1	0	0	1	0	0	1
YLL056C	0	0	1	0	0	1
JLP1	0	0	1	0	0	1
YLL058W	0	0	1	0	0	1
GTT2	0	0	1	0	0	1
MHT1	0	0	1	0	0	1
AYT1	0	1	1	0	0	0
NOC3	1	1	0	0	0	0
CMS1	0	1	1	0	0	0
THI73	0	1	1	0	0	0
SSL1	1	1	0	0	0	0
SSK1	0	0	1	0	0	1
NSE1	1	1	0	0	0	0
PAM18	1	1	0	0	0	0
LOT6	0	0	1	0	0	1
YLR012C	0	1	1	0	0	0
GAT3	0	1	1	0	0	0
PPR1	0	1	1	0	0	0
BRE2	0	1	1	0	0	0
PML1	0	1	1	0	0	0
MEU1	0	1	0	0	1	0
POM34	0	1	1	0	0	0
PSR2	0	0	1	0	0	1
YEH2	0	0	1	0	0	1
IRC25	0	1	1	0	0	0
SDO1	1	1	0	0	0	0
IZH3	0	0	1	0	0	1
UBR2	0	1	1	0	0	0
SED5	1	1	0	0	0	0
ADE16	0	1	1	0	0	0
YLR031W	0	0	1	0	0	1
RAD5	0	1	1	0	0	0
RSC58	1	1	0	0	0	0
SMF3	0	0	1	0	0	1
MLH2	0	0	1	0	0	1
YLR036C	0	1	1	0	0	0
PAU23	0	1	1	0	0	0
COX12	0	1	1	0	0	0
RIC1	0	1	1	0	0	0
YLR041W	0	0	1	0	0	1
YLR042C	0	0	1	0	0	1
TRX1	0	0	1	0	0	1
PDC1	0	0	1	0	0	1
STU2	1	1	0	0	0	0
YLR046C	0	1	1	0	0	0
FRE8	0	0	1	0	0	1
RPS0B	0	1	1	0	0	0
YLR049C	0	0	1	0	0	1
YLR050C	0	0	1	0	0	1
IES3	0	1	1	0	0	0
YLR053C	0	1	1	0	0	0
OSW2	0	0	1	0	0	1
SPT8	0	1	1	0	0	0
ERG3	0	1	1	0	0	0
MNL2	0	1	1	0	0	0
SHM2	0	0	1	0	0	1
REX2	0	0	1	0	0	1
FRS1	1	1	0	0	0	0
RPL22A	0	1	1	0	0	0
BMT6	0	0	1	0	0	1
PER33	0	1	1	0	0	0
ENV10	0	1	1	0	0	0
SPC3	1	1	0	0	0	0
PET309	0	0	1	0	0	1
FYV7	0	0	1	0	0	1
RGR1	1	1	0	0	0	0
LAM6	0	1	1	0	0	0
RFU1	0	0	1	0	0	1
BOS1	1	1	0	0	0	0
SIC1	0	1	1	0	0	0
EMP46	0	1	1	0	0	0
GAL2	0	0	1	0	0	1
SRL2	0	1	1	0	0	0
EMP70	0	0	1	0	0	1
RAX2	0	1	1	0	0	0
ARP6	0	1	1	0	0	0
SMC4	1	1	0	0	0	0
CSF1	0	1	1	0	0	0
GAA1	1	1	0	0	0	0
ALT1	0	1	1	0	0	0
XDJ1	0	1	1	0	0	0
GEP5	0	1	0	0	1	0
SUL2	0	0	1	0	0	1
GIS3	0	0	1	0	0	1
IOC2	0	0	1	0	0	1
KIN2	0	1	1	0	0	0
HRT3	0	1	1	0	0	0
CHA4	0	0	1	0	0	1
ICT1	0	0	1	0	0	1
ERG27	1	1	0	0	0	0
APC9	0	1	1	0	0	0
CDC45	1	1	0	0	0	0
LCL2	0	0	1	0	0	1
SEN2	0	1	0	0	1	0
REX3	0	1	1	0	0	0
YLR108C	0	0	1	0	0	1
AHP1	0	0	1	0	0	1
CCW12	0	1	1	0	0	0
YLR111W	0	1	1	0	0	0
YLR112W	0	1	0	0	1	0
HOG1	0	1	1	0	0	0
AVL9	0	1	1	0	0	0
CFT2	1	1	0	0	0	0
MSL5	1	1	0	0	0	0
CLF1	1	1	0	0	0	0
YLR118C	0	1	1	0	0	0
SRN2	0	1	1	0	0	0
YPS1	0	1	1	0	0	0
YPS3	0	0	1	0	0	1
YLR122C	0	1	1	0	0	0
YLR124W	0	0	1	0	0	1
YLR125W	0	1	1	0	0	0
YLR126C	0	0	1	0	0	1
APC2	1	1	0	0	0	0
DCN1	0	0	1	0	0	1
DIP2	1	1	0	0	0	0
ZRT2	0	0	1	0	0	1
ACE2	0	1	1	0	0	0
CKI1	0	0	1	0	0	1
SLX4	0	1	1	0	0	0
TIS11	0	0	1	0	0	1
RKM5	0	1	1	0	0	0
NHA1	0	0	1	0	0	1
RRN5	1	1	0	0	0	0
PUT1	0	0	1	0	0	1
DPH6	0	1	1	0	0	0
ACF2	0	0	1	0	0	1
RMP1	1	1	0	0	0	0
SPE4	0	1	1	0	0	0
YLR149C	0	0	1	0	0	1
STM1	0	1	1	0	0	0
PCD1	0	0	1	0	0	1
YLR152C	0	0	1	0	0	1
ACS2	1	1	0	0	0	0
RNH203	0	1	1	0	0	0
YLR154C-G	0	0	1	0	0	1
YLR154C-H	0	1	0	0	1	0
ART2	0	0	1	0	0	1
YLR156C-A	0	0	1	0	0	1
YLR156W	0	1	0	0	1	0
ASP3-2	0	0	1	0	0	1
ASP3-3	0	0	1	0	0	1
YLR159C-A	0	0	1	0	0	1
YLR159W	0	0	1	0	0	1
YLR161W	0	1	0	0	1	0
YLR162W	0	0	1	0	0	1
RRT15	0	1	0	0	1	0
MAS1	1	1	0	0	0	0
SHH4	0	0	1	0	0	1
PUS5	0	1	1	0	0	0
SEC10	1	1	0	0	0	0
UPS2	0	1	1	0	0	0
YLR169W	0	1	1	0	0	0
APS1	0	0	1	0	0	1
YLR171W	0	0	1	0	0	1
DPH5	0	0	1	0	0	1
YLR173W	0	0	1	0	0	1
IDP2	0	0	1	0	0	1
RFX1	0	1	1	0	0	0
YLR177W	0	0	1	0	0	1
TFS1	0	0	1	0	0	1
YLR179C	0	0	1	0	0	1
SAM1	0	1	1	0	0	0
VTA1	0	1	1	0	0	0
SWI6	0	1	1	0	0	0
TOS4	0	0	1	0	0	1
RPL37A	0	1	1	0	0	0
EMG1	1	1	0	0	0	0
SKG3	0	0	1	0	0	1
MDL1	0	0	1	0	0	1
ATG26	0	0	1	0	0	1
MMR1	0	1	1	0	0	0
PEX13	0	1	1	0	0	0
HCR1	0	1	1	0	0	0
UPS1	0	0	1	0	0	1
YLR194C	0	1	1	0	0	0
NMT1	1	1	0	0	0	0
PWP1	1	1	0	0	0	0
NOP56	1	1	0	0	0	0
PBA1	0	1	1	0	0	0
YKE2	0	1	1	0	0	0
COQ9	0	1	1	0	0	0
MSS51	0	1	1	0	0	0
QRI5	0	0	1	0	0	1
HMX1	0	0	1	0	0	1
ENT2	0	1	1	0	0	0
HRD3	0	1	1	0	0	0
SEC13	1	1	0	0	0	0
PNP1	0	1	0	0	1	0
CLB4	0	1	1	0	0	0
ATG38	0	0	1	0	0	1
TUB4	1	1	0	0	0	0
CRR1	0	0	1	0	0	1
FRE1	0	0	1	0	0	1
CDC123	1	1	0	0	0	0
CPR6	0	0	1	0	0	1
YLR217W	0	0	1	0	0	1
COA4	0	1	1	0	0	0
MSC3	0	0	1	0	0	1
CCC1	0	0	1	0	0	1
RSA3	0	1	1	0	0	0
UTP13	1	1	0	0	0	0
YLR224W	0	1	1	0	0	0
YLR225C	0	0	1	0	0	1
ADY4	0	0	1	0	0	1
ECM22	0	0	1	0	0	1
CDC42	1	1	0	0	0	0
BNA5	0	0	1	0	0	1
YLR232W	0	0	1	0	0	1
EST1	0	0	1	0	0	1
YLR236C	0	1	1	0	0	0
THI7	0	1	1	0	0	0
FAR10	0	1	1	0	0	0
LIP2	0	1	1	0	0	0
CSC1	0	0	1	0	0	1
ARV1	0	0	1	0	0	1
CDD1	0	0	1	0	0	1
ERF2	0	0	1	0	0	1
IRC20	0	1	0	0	1	0
SSP120	0	0	1	0	0	1
SYM1	0	0	1	0	0	1
YLR252W	0	0	1	0	0	1
MCP2	0	0	1	0	0	1
NDL1	0	1	1	0	0	0
YLR255C	0	1	1	0	0	0
HAP1	0	0	1	0	0	1
YLR257W	0	0	1	0	0	1
GSY2	0	0	1	0	0	1
HSP60	1	1	0	0	0	0
LCB5	0	0	1	0	0	1
VPS63	0	1	1	0	0	0
YPT6	0	1	1	0	0	0
RED1	0	0	1	0	0	1
YLR264C-A	0	0	1	0	0	1
RPS28B	0	1	1	0	0	0
NEJ1	0	0	1	0	0	1
PDR8	0	1	1	0	0	0
BOP2	0	1	1	0	0	0
SEC22	1	1	1	0	0	0
YLR269C	0	1	1	0	0	0
DCS1	0	0	1	0	0	1
YLR271W	0	0	1	0	0	1
YCS4	1	1	0	0	0	0
PIG1	0	1	1	0	0	0
MCM5	1	1	0	0	0	0
DBP9	1	1	0	0	0	0
YLR278C	0	1	1	0	0	0
YLR279W	0	0	1	0	0	1
YLR280C	0	0	1	0	0	1
YLR281C	0	1	0	0	1	0
YLR282C	0	1	1	0	0	0
YLR283W	0	0	1	0	0	1
ECI1	0	0	1	0	0	1
NNT1	0	1	1	0	0	0
CTS1	0	0	1	0	0	1
YLR287C	0	1	1	0	0	0
RPS30A	0	1	1	0	0	0
MEC3	0	0	1	0	0	1
GUF1	0	0	1	0	0	1
COQ11	0	1	1	0	0	0
GCD7	1	1	0	0	0	0
SEC72	0	1	1	0	0	0
GSP1	1	1	0	0	0	0
ATP14	0	0	1	0	0	1
YLR296W	0	1	1	0	0	0
YLR297W	0	0	1	0	0	1
YHC1	1	1	0	0	0	0
ECM38	0	0	1	0	0	1
EXG1	0	1	1	0	0	0
HRI1	0	0	1	0	0	1
MET17	0	1	1	0	0	0
STT4	1	1	0	0	0	0
UBC12	0	1	1	0	0	0
YLR307C-A	0	1	0	0	1	0
CDA1	0	0	1	0	0	1
CDA2	0	0	1	0	0	1
IMH1	0	1	1	0	0	0
YLR311C	0	0	1	0	0	1
ATG39	0	0	1	0	0	1
SPH1	0	0	1	0	0	1
CDC3	1	1	0	0	0	0
NKP2	0	1	1	0	0	0
TAD3	1	1	0	0	0	0
YLR317W	1	1	0	0	0	0
EST2	0	1	0	0	1	0
BUD6	0	1	1	0	0	0
MMS22	0	1	1	0	0	0
SFH1	0	1	0	0	1	0
CWC24	1	1	0	0	0	0
PEX30	0	1	1	0	0	0
RPL38	0	1	1	0	0	0
TMA10	0	0	1	0	0	1
NMA1	0	1	1	0	0	0
REC102	0	1	1	0	0	0
CHS5	0	1	1	0	0	0
MID2	0	1	1	0	0	0
RPS25B	0	0	1	0	0	1
YLR334C	0	1	1	0	0	0
NUP2	0	1	1	0	0	0
VRP1	0	1	1	0	0	0
RPP0	1	1	0	0	0	0
SPO77	0	1	1	0	0	0
FKS1	0	1	1	0	0	0
GAS2	0	0	1	0	0	1
RPL26A	0	0	1	0	0	1
YLR345W	0	1	1	0	0	0
YLR346C	0	0	1	0	0	1
KAP95	1	1	0	0	0	0
DIC1	0	0	1	0	0	1
YLR349W	0	0	1	0	0	1
YLR352W	0	0	1	0	0	1
BUD8	0	1	1	0	0	0
TAL1	0	0	1	0	0	1
ILV5	0	1	0	0	1	0
VPS38	0	1	1	0	0	0
DCR2	0	0	1	0	0	1
YLR361C-A	0	1	0	0	1	0
NMD4	0	1	1	0	0	0
YLR363W-A	0	0	1	0	0	1
GRX8	0	1	1	0	0	0
YLR365W	0	0	1	0	0	1
YLR366W	0	0	1	0	0	1
RPS22B	0	0	1	0	0	1
MDM30	0	1	1	0	0	0
ARC18	0	1	1	0	0	0
ROM2	0	1	1	0	0	0
ELO3	0	1	1	0	0	0
VID22	0	1	1	0	0	0
YLR374C	0	1	1	0	0	0
STP3	0	0	1	0	0	1
PSY3	0	0	1	0	0	1
FBP1	0	0	1	0	0	1
SEC61	1	1	0	0	0	0
CSR1	0	0	1	0	0	1
CTF3	0	1	1	0	0	0
SMC6	1	1	0	0	0	0
IKI3	0	1	1	0	0	0
SWC7	0	1	1	0	0	0
VAC14	0	1	1	0	0	0
REH1	0	0	1	0	0	1
RPS29A	0	1	1	0	0	0
STE23	0	0	1	0	0	1
ECM19	0	0	1	0	0	1
CCW14	0	0	1	0	0	1
ART10	0	1	1	0	0	0
ATP10	0	1	1	0	0	0
CST9	0	1	1	0	0	0
COX8	0	1	1	0	0	0
AFG2	1	1	0	0	0	0
SKI2	0	1	1	0	0	0
BDF1	0	1	1	0	0	0
YLR400W	0	1	1	0	0	0
DUS3	0	1	1	0	0	0
SEI1	0	1	1	0	0	0
DUS4	0	0	1	0	0	1
RPL31B	0	1	1	0	0	0
YLR407W	0	1	1	0	0	0
BLS1	0	0	1	0	0	1
UTP21	1	1	0	0	0	0
VIP1	0	1	1	0	0	0
YLR412C-A	0	1	1	0	0	0
BER1	0	1	1	0	0	0
YLR413W	0	0	1	0	0	1
PUN1	0	0	1	0	0	1
YLR415C	0	0	1	0	0	1
VPS36	0	0	1	0	0	1
CDC73	0	1	1	0	0	0
URA4	0	1	1	0	0	0
RPN13	0	1	1	0	0	0
YLR422W	0	0	1	0	0	1
ATG17	0	1	0	0	1	0
SPP382	1	1	0	0	0	0
TUS1	0	0	1	0	0	1
MAG2	0	1	1	0	0	0
YLR428C	0	1	1	0	0	0
CRN1	0	1	1	0	0	0
SEN1	1	1	0	0	0	0
ATG23	0	0	1	0	0	1
IMD3	0	0	1	0	0	1
CNA1	0	0	1	0	0	1
YLR434C	0	0	1	0	0	1
ECM30	0	1	1	0	0	0
SEC39	1	1	0	0	0	0
RPS1A	0	1	1	0	0	0
ECM7	0	1	1	0	0	0
YLR444C	0	1	1	0	0	0
GMC2	0	0	1	0	0	1
YLR446W	0	0	1	0	0	1
RPL6B	0	1	1	0	0	0
FPR4	0	0	1	0	0	1
HMG2	0	1	1	0	0	0
LEU3	0	1	0	0	1	0
SST2	0	1	1	0	0	0
RIF2	0	1	1	0	0	0
FMP27	0	0	1	0	0	1
YLR455W	0	1	0	0	1	0
YLR456W	0	1	1	0	0	0
NBP1	1	1	0	0	0	0
GAB1	1	1	0	0	0	0
YLR460C	0	1	0	0	1	0
PAU4	0	0	1	0	0	1
YLR464W	0	0	1	0	0	1
YLR466C-B	0	0	1	0	0	1
YPT7	0	1	1	0	0	0
YML002W	0	0	1	0	0	1
YML003W	0	1	1	0	0	0
GLO1	0	0	1	0	0	1
TRM12	0	0	1	0	0	1
GIS4	0	1	1	0	0	0
YML007C-A	0	0	1	0	0	1
YAP1	0	1	1	0	0	0
ERG6	0	1	1	0	0	0
MRPL39	0	0	1	0	0	1
RAD33	0	0	1	0	0	1
ERV25	0	1	1	0	0	0
TRM9	0	1	1	0	0	0
TAF11	1	1	0	0	0	0
PPZ1	0	1	1	0	0	0
PSP2	0	1	1	0	0	0
YML018C	0	0	1	0	0	1
OST6	0	1	1	0	0	0
YML020W	0	1	1	0	0	0
APT1	0	0	1	0	0	1
NSE5	1	1	0	0	0	0
RPS17A	0	0	1	0	0	1
RPS18B	0	1	1	0	0	0
YOX1	0	1	1	0	0	0
TSA1	0	1	1	0	0	0
USA1	0	0	1	0	0	1
RCF1	0	0	1	0	0	1
RAD52	0	1	1	0	0	0
SRC1	0	1	1	0	0	0
AMD1	0	0	1	0	0	1
CGI121	0	1	1	0	0	0
YML037C	0	0	1	0	0	1
YMD8	0	0	1	0	0	1
VPS71	0	1	1	0	0	0
RRN11	0	1	0	0	1	0
PRP39	1	1	0	0	0	0
PRM6	0	1	1	0	0	0
GSF2	0	1	1	0	0	0
RSE1	1	1	0	0	0	0
AIM32	0	1	1	0	0	0
GAL80	0	0	1	0	0	1
SUR7	0	0	1	0	0	1
YML053C	0	0	1	0	0	1
SPC2	0	1	1	0	0	0
CMP2	0	0	1	0	0	1
SML1	0	0	1	0	0	1
HUG1	0	1	0	0	1	0
NTE1	0	0	1	0	0	1
OGG1	0	1	1	0	0	0
PIF1	0	1	1	0	0	0
MFT1	0	1	0	0	1	0
RPS1B	0	0	1	0	0	1
TEM1	1	1	0	0	0	0
ORC1	1	1	0	0	0	0
SMA2	0	0	1	0	0	1
ERV41	0	1	1	0	0	0
ITT1	0	0	1	0	0	1
POB3	1	1	0	0	0	0
DAK1	0	0	1	0	0	1
COG8	0	1	1	0	0	0
TCB3	0	0	1	0	0	1
FPR3	0	0	1	0	0	1
HMG1	0	1	1	0	0	0
WAR1	0	0	1	0	0	1
BET5	1	1	0	0	0	0
CPR3	0	0	1	0	0	1
ATP18	0	1	1	0	0	0
TDA9	0	1	0	0	1	0
YML082W	0	0	1	0	0	1
ALO1	0	0	1	0	0	1
AIM33	0	1	1	0	0	0
UFO1	0	0	1	0	0	1
YML090W	0	1	1	0	0	0
PRE8	1	1	0	0	0	0
RAD10	0	1	1	0	0	0
YML096W	0	1	1	0	0	0
VPS9	0	1	1	0	0	0
TAF13	1	1	0	0	0	0
ARG81	0	0	1	0	0	1
TSL1	0	0	1	0	0	1
YML100W-A	0	0	1	0	0	1
CUE4	0	0	1	0	0	1
CAC2	0	1	1	0	0	0
NUP188	0	1	1	0	0	0
MDM1	0	1	1	0	0	0
SEC65	1	1	0	0	0	0
URA5	0	1	1	0	0	0
PML39	0	1	1	0	0	0
YML108W	0	1	1	0	0	0
ZDS2	0	0	1	0	0	1
COQ5	0	0	1	0	0	1
BUL2	0	1	1	0	0	0
CTK3	0	1	1	0	0	0
DAT1	0	0	1	0	0	1
TAF8	1	1	0	0	0	0
VAN1	0	0	1	0	0	1
ATR1	0	0	1	0	0	1
NAB6	0	1	1	0	0	0
YML119W	0	0	1	0	0	1
GTR1	0	1	1	0	0	0
PHO84	0	1	1	0	0	0
TUB3	0	1	1	0	0	0
PGA3	1	1	0	0	0	0
ERG13	1	1	0	0	0	0
RSC9	1	1	0	0	0	0
MSC1	0	1	1	0	0	0
COX14	0	0	1	0	0	1
ERO1	1	1	0	0	0	0
YML131W	0	0	1	0	0	1
YMR001C-A	0	0	1	0	0	1
MIX17	0	0	1	0	0	1
AIM34	0	1	1	0	0	0
MVP1	0	1	1	0	0	0
TAF4	1	1	0	0	0	0
PLB2	0	0	1	0	0	1
PLB1	0	1	0	0	1	0
ADI1	0	0	1	0	0	1
YMR010W	0	1	1	0	0	0
HXT2	0	0	1	0	0	1
CLU1	0	0	1	0	0	1
SEC59	1	1	0	0	0	0
YMR013W-A	0	0	1	0	0	1
ERG5	0	1	1	0	0	0
SOK2	0	0	1	0	0	1
SPO20	0	0	1	0	0	1
YMR018W	0	1	1	0	0	0
STB4	0	1	1	0	0	0
FMS1	0	0	1	0	0	1
MAC1	0	1	0	0	1	0
UBC7	0	1	1	0	0	0
MSS1	0	0	1	0	0	1
CSI1	0	1	1	0	0	0
PEX12	0	1	1	0	0	0
YMR027W	0	1	1	0	0	0
TAP42	1	1	0	0	0	0
FAR8	0	1	1	0	0	0
RSF1	0	0	1	0	0	1
YMR030W-A	0	1	1	0	0	0
EIS1	0	0	1	0	0	1
YMR031W-A	0	1	1	0	0	0
ARP9	1	1	0	0	0	0
YMR034C	0	1	1	0	0	0
IMP2	0	1	1	0	0	0
MIH1	0	1	1	0	0	0
MSN2	0	1	1	0	0	0
SUB1	0	1	1	0	0	0
YET2	0	0	1	0	0	1
ARA2	0	0	1	0	0	1
ARG80	0	1	0	0	1	0
MCM1	1	1	0	0	0	0
IOC4	0	0	1	0	0	1
CSM3	0	1	1	0	0	0
ERB1	1	1	0	0	0	0
YMR052C-A	0	1	1	0	0	0
FAR3	0	1	1	0	0	0
STB2	0	0	1	0	0	1
STV1	0	0	1	0	0	1
BUB2	0	1	1	0	0	0
AAC1	0	0	1	0	0	1
YMR057C	0	0	1	0	0	1
FET3	0	1	1	0	0	0
SAM37	0	1	1	0	0	0
RNA14	1	1	0	0	0	0
RIM9	0	0	1	0	0	1
AEP1	0	0	1	0	0	1
KAR5	0	0	1	0	0	1
SOV1	0	0	1	0	0	1
UBX4	0	1	1	0	0	0
AVO2	0	1	1	0	0	0
NAT4	0	0	1	0	0	1
MOT3	0	1	1	0	0	0
TVP18	0	0	1	0	0	1
ABF2	0	1	0	0	1	0
IRC21	0	1	1	0	0	0
YMR074C	0	1	1	0	0	0
YMR075C-A	0	1	1	0	0	0
RCO1	0	1	1	0	0	0
PDS5	1	1	0	0	0	0
VPS20	0	0	1	0	0	1
CTF18	0	1	1	0	0	0
SEC14	1	1	0	0	0	0
NAM7	0	1	1	0	0	0
ISF1	0	0	1	0	0	1
YMR084W	0	0	1	0	0	1
YMR085W	0	0	1	0	0	1
YMR086C-A	0	0	1	0	0	1
SEG1	0	0	1	0	0	1
YMR087W	0	0	1	0	0	1
VBA1	0	1	1	0	0	0
YTA12	0	0	1	0	0	1
YMR090W	0	0	1	0	0	1
AIP1	0	1	1	0	0	0
UTP15	1	1	0	0	0	0
CTF13	1	1	0	0	0	0
SNO1	0	1	1	0	0	0
SNZ1	0	0	1	0	0	1
MTG1	0	0	1	0	0	1
YMR099C	0	1	1	0	0	0
MUB1	0	1	1	0	0	0
SRT1	0	0	1	0	0	1
YMR102C	0	1	1	0	0	0
YMR103C	0	0	1	0	0	1
YPK2	0	1	1	0	0	0
PGM2	0	0	1	0	0	1
YKU80	0	1	1	0	0	0
SPG4	0	0	1	0	0	1
MYO5	0	1	1	0	0	0
HFD1	0	0	1	0	0	1
YMR111C	0	0	1	0	0	1
MED11	1	1	0	0	0	0
MGR3	0	1	1	0	0	0
ASC1	0	1	1	0	0	0
SPC24	1	1	0	0	0	0
SHH3	0	0	1	0	0	1
ASI1	0	0	1	0	0	1
YMR119W-A	0	1	1	0	0	0
ADE17	0	0	1	0	0	1
RPL15B	0	0	1	0	0	1
YMR122C	0	1	1	0	0	0
PKR1	0	1	1	0	0	0
YMR124W	0	1	1	0	0	0
DLT1	0	1	1	0	0	0
SAS2	0	0	1	0	0	1
POM152	0	1	1	0	0	0
YMR130W	0	0	1	0	0	1
JLP2	0	1	1	0	0	0
GID8	0	0	1	0	0	1
PSO2	0	0	1	0	0	1
CIN4	0	1	1	0	0	0
RIM11	0	0	1	0	0	1
SIP5	0	0	1	0	0	1
YMR141C	0	0	1	0	0	1
RPS16A	0	1	1	0	0	0
YMR144W	0	1	1	0	0	0
NDE1	0	0	1	0	0	1
TIF34	1	1	0	0	0	0
YMR147W	0	1	1	0	0	0
OSW5	0	1	1	0	0	0
SWP1	1	1	0	0	0	0
IMP1	0	1	0	0	1	0
YIM1	0	0	1	0	0	1
YMR153C-A	0	1	1	0	0	0
NUP53	0	1	1	0	0	0
RIM13	0	1	1	0	0	0
TPP1	0	0	1	0	0	1
AIM36	0	0	1	0	0	1
YMR158C-A	0	0	1	0	0	1
ATG16	0	1	1	0	0	0
YMR160W	0	0	1	0	0	1
HLJ1	0	1	1	0	0	0
DNF3	0	0	1	0	0	1
INP2	0	0	1	0	0	1
MSS11	0	0	1	0	0	1
YMR166C	0	0	1	0	0	1
MLH1	0	0	1	0	0	1
CEP3	1	1	0	0	0	0
ALD3	0	0	1	0	0	1
ALD2	0	0	1	0	0	1
EAR1	0	1	1	0	0	0
YMR172C-A	0	1	0	0	1	0
PAI3	0	1	1	0	0	0
SIP18	0	0	1	0	0	1
MMT1	0	1	1	0	0	0
SPT21	0	0	1	0	0	1
CTL1	0	0	1	0	0	1
YMR181C	0	1	1	0	0	0
RGM1	0	0	1	0	0	1
YMR182W-A	0	1	0	0	1	0
SSO2	0	1	1	0	0	0
HSC82	0	1	1	0	0	0
YMR187C	0	0	1	0	0	1
MRPS17	0	0	1	0	0	1
GCV2	0	0	1	0	0	1
SGS1	0	1	1	0	0	0
SPG5	0	1	0	0	1	0
GYL1	0	1	1	0	0	0
YMR193C-A	0	1	1	0	0	0
YMR194C-A	0	1	1	0	0	0
CMC4	0	0	1	0	0	1
RPL36A	0	0	1	0	0	1
ICY1	0	0	1	0	0	1
YMR196W	0	0	1	0	0	1
VTI1	1	1	0	0	0	0
CIK1	0	1	1	0	0	0
CLN1	0	0	1	0	0	1
ROT1	1	1	0	0	0	0
RAD14	0	1	1	0	0	0
ERG2	0	1	0	0	1	0
INP1	0	0	1	0	0	1
YMR206W	0	1	1	0	0	0
HFA1	0	1	1	0	0	0
YMR209C	0	0	1	0	0	1
YMR210W	0	1	1	0	0	0
DML1	1	1	0	0	0	0
CEF1	1	1	0	0	0	0
SCJ1	0	1	1	0	0	0
GAS3	0	0	1	0	0	1
SKY1	0	1	1	0	0	0
TRS130	1	1	0	0	0	0
ESC1	0	1	1	0	0	0
ERG8	1	1	0	0	0	0
FMP42	0	0	1	0	0	1
FSH2	0	0	1	0	0	1
UBP8	0	1	1	0	0	0
MRE11	0	1	1	0	0	0
MRPL44	0	0	1	0	0	1
YMR226C	0	1	1	0	0	0
TAF7	1	1	0	0	0	0
RRP5	1	1	0	0	0	0
RPS10B	0	1	1	0	0	0
YMR230W-A	0	0	1	0	0	1
FUS2	0	0	1	0	0	1
TRI1	0	1	1	0	0	0
RNH1	0	0	1	0	0	1
RNA1	1	1	0	0	0	0
TAF9	1	1	0	0	0	0
BCH1	0	0	1	0	0	1
DFG5	0	1	1	0	0	0
RNT1	1	1	0	0	0	0
CUS1	1	1	0	0	0	0
YHM2	0	0	1	0	0	1
YMR242W-A	0	0	1	0	0	1
ZRC1	0	0	1	0	0	1
COA6	0	1	1	0	0	0
YMR244W	0	1	1	0	0	0
YMR245W	0	0	1	0	0	1
FAA4	0	1	1	0	0	0
RKR1	0	1	1	0	0	0
GTO3	0	1	0	0	1	0
YMR253C	0	0	1	0	0	1
GFD1	0	0	1	0	0	1
COX7	0	1	1	0	0	0
PET111	0	0	1	0	0	1
ROY1	0	1	0	0	1	0
YMR262W	0	0	1	0	0	1
SAP30	0	1	1	0	0	0
CUE1	0	0	1	0	0	1
RSN1	0	0	1	0	0	1
PRP24	1	1	0	0	0	0
TMA23	0	1	1	0	0	0
RRN9	0	1	0	0	1	0
URA10	0	0	1	0	0	1
SCS7	0	1	1	0	0	0
YMR272W-B	0	0	1	0	0	1
ZDS1	0	1	1	0	0	0
RCE1	0	1	1	0	0	0
BUL1	0	1	1	0	0	0
DSK2	0	0	1	0	0	1
PRM15	0	1	1	0	0	0
YMR279C	0	0	1	0	0	1
CAT8	0	0	1	0	0	1
GPI12	1	1	0	0	0	0
AEP2	0	1	1	0	0	0
RIT1	0	1	1	0	0	0
YKU70	0	0	1	0	0	1
NGL2	0	0	1	0	0	1
DSS1	0	0	1	0	0	1
ABZ2	0	0	1	0	0	1
HAS1	1	1	0	0	0	0
TDA1	0	1	1	0	0	0
GOT1	0	1	1	0	0	0
HER2	0	1	0	0	1	0
JNM1	0	1	1	0	0	0
YMR294W-A	0	0	1	0	0	1
YMR295C	0	0	1	0	0	1
LCB1	1	1	0	0	0	0
PRC1	0	1	1	0	0	0
LIP1	1	1	0	0	0	0
DYN3	0	1	1	0	0	0
ADE4	0	1	1	0	0	0
ATM1	1	1	0	0	0	0
YME2	0	1	1	0	0	0
YMR304C-A	0	0	1	0	0	1
UBP15	0	0	1	0	0	1
FKS3	0	1	0	0	1	0
GAS1	0	1	1	0	0	0
NIP1	1	1	0	0	0	0
YMR310C	0	1	1	0	0	0
GLC8	0	0	1	0	0	1
ELP6	0	1	1	0	0	0
TGL3	0	0	1	0	0	1
YMR315W	0	0	1	0	0	1
YMR315W-A	0	1	0	0	1	0
YMR316C-B	0	0	1	0	0	1
DIA1	0	1	1	0	0	0
YMR317W	0	1	0	0	1	0
ADH6	0	0	1	0	0	1
FET4	0	1	1	0	0	0
YMR320W	0	0	1	0	0	1
YMR321C	0	0	1	0	0	1
PAU19	0	0	1	0	0	1
YMR326C	0	0	1	0	0	1
DOM34	0	1	1	0	0	0
RLP7	1	1	0	0	0	0
HRB1	0	1	1	0	0	0
MRP7	0	1	1	0	0	0
LST8	1	1	0	0	0	0
ASI3	0	0	1	0	0	1
IDP3	0	1	1	0	0	0
YNL010W	0	1	1	0	0	0
SPO1	0	1	1	0	0	0
YNL013C	0	1	1	0	0	0
HEF3	0	1	1	0	0	0
PBI2	0	0	1	0	0	1
PUB1	0	1	1	0	0	0
YNL018C	0	1	0	0	1	0
YNL019C	0	1	0	0	1	0
ARK1	0	0	1	0	0	1
HDA1	0	1	1	0	0	0
RCM1	0	0	1	0	0	1
FAP1	0	1	1	0	0	0
EFM6	0	0	1	0	0	1
SSN8	0	0	1	0	0	1
CRZ1	0	1	1	0	0	0
YNL028W	0	0	1	0	0	1
KTR5	0	0	1	0	0	1
HHF2	0	1	1	0	0	0
HHT2	0	0	1	0	0	1
SIW14	0	1	1	0	0	0
YNL033W	0	0	1	0	0	1
YNL034W	0	1	1	0	0	0
YNL035C	0	0	1	0	0	1
NCE103	0	0	1	0	0	1
IDH1	0	1	1	0	0	0
GPI15	1	1	0	0	0	0
YNL040W	0	1	1	0	0	0
COG6	0	1	1	0	0	0
BOP3	0	0	1	0	0	1
YNL042W-B	0	0	1	0	0	1
YNL043C	0	1	1	0	0	0
YIP3	0	0	1	0	0	1
LAP2	0	1	1	0	0	0
YNL046W	0	1	1	0	0	0
SLM2	0	1	1	0	0	0
SFB2	0	1	1	0	0	0
YNL050C	0	1	0	0	1	0
COG5	0	1	1	0	0	0
COX5A	0	1	1	0	0	0
MSG5	0	1	1	0	0	0
VAC7	0	0	1	0	0	1
POR1	0	0	1	0	0	1
YNL057W	0	1	1	0	0	0
YNL058C	0	0	1	0	0	1
NOP2	1	1	0	0	0	0
GCD10	1	1	0	0	0	0
MTQ1	0	0	1	0	0	1
YDJ1	0	1	1	0	0	0
AQR1	0	0	1	0	0	1
SUN4	0	1	1	0	0	0
RPL9B	0	1	1	0	0	0
YNL067W-B	0	0	1	0	0	1
FKH2	0	1	1	0	0	0
RPL16B	0	0	1	0	0	1
TOM7	0	1	1	0	0	0
LAT1	0	0	1	0	0	1
RNH201	0	1	1	0	0	0
MLF3	0	1	1	0	0	0
APJ1	0	1	1	0	0	0
NIS1	0	0	1	0	0	1
PMS1	0	1	1	0	0	0
MKT1	0	1	1	0	0	0
SNN1	0	0	1	0	0	1
TCB2	0	1	1	0	0	0
YNL089C	0	1	1	0	0	0
RHO2	0	1	1	0	0	0
NST1	0	1	1	0	0	0
YNL092W	0	0	1	0	0	1
YPT53	0	0	1	0	0	1
APP1	0	0	1	0	0	1
YNL095C	0	0	1	0	0	1
RPS7B	0	0	1	0	0	1
PHO23	0	1	1	0	0	0
YNL097C-B	0	1	0	0	1	0
RAS2	0	1	1	0	0	0
OCA1	0	1	1	0	0	0
MIC27	0	1	1	0	0	0
AVT4	0	0	1	0	0	1
POL1	1	1	0	0	0	0
LEU4	0	1	1	0	0	0
RRT16	0	1	1	0	0	0
YAF9	0	0	1	0	0	1
YNL108C	0	1	1	0	0	0
YNL109W	0	0	1	0	0	1
CYB5	0	1	1	0	0	0
DBP2	0	1	0	0	1	0
YNL115C	0	1	1	0	0	0
DMA2	0	0	1	0	0	1
DCP2	1	1	0	0	0	0
NCS2	0	1	1	0	0	0
YNL120C	0	1	1	0	0	0
TOM70	0	1	1	0	0	0
YNL122C	0	1	1	0	0	0
NMA111	0	1	1	0	0	0
ESBP6	0	1	1	0	0	0
SPC98	1	1	0	0	0	0
FAR11	0	1	1	0	0	0
TEP1	0	1	1	0	0	0
NRK1	0	0	1	0	0	1
CPT1	0	1	1	0	0	0
KRE33	1	1	0	0	0	0
YNL134C	0	0	1	0	0	1
FPR1	0	1	1	0	0	0
EAF7	0	1	1	0	0	0
SRV2	1	1	0	0	0	0
YNL140C	0	1	1	0	0	0
AAH1	0	1	1	0	0	0
YNL143C	0	0	1	0	0	1
YNL144C	0	0	1	0	0	1
MFA2	0	0	1	0	0	1
YNL146C-A	0	0	1	0	0	1
YNL146W	0	1	1	0	0	0
LSM7	0	1	1	0	0	0
RPC31	1	1	0	0	0	0
GIM3	0	1	1	0	0	0
YCK2	0	1	1	0	0	0
CUZ1	0	0	1	0	0	1
NSG2	0	0	1	0	0	1
PGA1	1	1	0	0	0	0
ASI2	0	0	1	0	0	1
YNL162W-A	0	0	1	0	0	1
RIA1	1	1	0	0	0	0
IBD2	0	1	0	0	1	0
BNI5	0	0	1	0	0	1
FMP41	0	0	1	0	0	1
PSD1	0	0	1	0	0	1
NOP13	0	0	1	0	0	1
YNL181W	1	1	0	0	0	0
IPI3	1	1	0	0	0	0
NPR1	0	0	1	0	0	1
MRPL19	0	0	1	0	0	1
SRP1	1	1	0	0	0	0
YNL190W	0	1	1	0	0	0
YNL193W	0	1	0	0	1	0
YNL194C	0	0	1	0	0	1
YNL195C	0	1	0	0	1	0
WHI3	0	0	1	0	0	1
GCR2	0	0	1	0	0	1
RIO2	1	1	0	0	0	0
YNL208W	0	0	1	0	0	1
SSB2	0	0	1	0	0	1
MER1	0	1	0	0	1	0
MRX7	0	1	0	0	1	0
MGS1	0	1	0	0	1	0
ALG9	0	0	1	0	0	1
POP1	1	1	0	0	0	0
SSU72	1	1	0	0	0	0
JJJ1	0	0	1	0	0	1
URE2	0	0	1	0	0	1
ELA1	0	0	1	0	0	1
CSL4	1	1	0	0	0	0
BNI4	0	0	1	0	0	1
YNL234W	0	0	1	0	0	1
SIN4	0	1	1	0	0	0
NAR1	1	1	0	0	0	0
YNL247W	1	1	0	0	0	0
MPA43	0	0	1	0	0	1
RAD50	0	1	1	0	0	0
TEX1	0	0	1	0	0	1
RTC4	0	1	0	0	1	0
LTO1	1	1	0	0	0	0
ORC5	1	1	0	0	0	0
POL2	1	1	0	0	0	0
PDR17	0	0	1	0	0	1
PIK1	1	1	0	0	0	0
BSC4	0	0	1	0	0	1
ALP1	0	0	1	0	0	1
BNI1	0	1	1	0	0	0
SEC2	1	1	0	0	0	0
TOF1	0	0	1	0	0	1
BOR1	0	0	1	0	0	1
CAF120	0	1	0	0	1	0
HCH1	0	0	1	0	0	1
POP3	1	1	0	0	0	0
CUS2	0	0	1	0	0	1
SEC21	0	1	0	0	1	0
CAF40	0	0	1	0	0	1
PCL1	0	0	1	0	0	1
MID1	0	0	1	0	0	1
PUS4	0	0	1	0	0	1
RIM21	0	0	1	0	0	1
TRF5	0	1	1	0	0	0
RPL18B	0	0	1	0	0	1
RPS19B	0	0	1	0	0	1
BXI1	0	1	0	0	1	0
MCK1	0	0	1	0	0	1
STB1	0	0	1	0	0	1
RFA2	0	1	0	0	1	0
DAL82	0	0	1	0	0	1
ATP11	0	1	1	0	0	0
PHA2	0	0	1	0	0	1
HXT14	0	0	1	0	0	1
YNL320W	0	0	1	0	0	1
VNX1	0	0	1	0	0	1
KRE1	0	0	1	0	0	1
FIG4	0	0	1	0	0	1
PFA3	0	0	1	0	0	1
PEX6	0	0	1	0	0	1
RPD3	0	0	1	0	0	1
SNZ2	0	0	1	0	0	1
CIT1	0	0	1	0	0	1
RPC34	1	1	0	0	0	0
SWM2	0	1	1	0	0	0
YNR005C	0	1	1	0	0	0
VPS27	0	1	1	0	0	0
ATG3	0	1	1	0	0	0
LRO1	0	0	1	0	0	1
NRM1	0	0	1	0	0	1
CSE2	0	1	1	0	0	0
PRP2	1	1	0	0	0	0
URK1	0	0	1	0	0	1
PHO91	0	1	1	0	0	0
YNR014W	0	0	1	0	0	1
SMM1	0	1	1	0	0	0
TIM23	1	1	0	0	0	0
RCF2	0	0	1	0	0	1
ARE2	0	1	1	0	0	0
ATP23	0	1	1	0	0	0
YNR021W	0	1	1	0	0	0
MRPL50	0	1	1	0	0	0
MPP6	0	1	0	0	1	0
YNR025C	0	1	1	0	0	0
SEC12	1	1	0	0	0	0
BUD17	0	0	1	0	0	1
CPR8	0	0	1	0	0	1
YNR029C	0	0	1	0	0	1
ALG12	0	1	1	0	0	0
SSK2	0	0	1	0	0	1
HUB1	0	1	1	0	0	0
PPG1	0	1	1	0	0	0
ABZ1	0	0	1	0	0	1
SOL1	0	0	1	0	0	1
ARC35	1	1	0	0	0	0
DBP6	1	1	0	0	0	0
ZRG17	0	0	1	0	0	1
YNR040W	0	0	1	0	0	1
COQ2	0	1	1	0	0	0
YNR042W	0	0	1	0	0	1
MVD1	1	1	0	0	0	0
AGA1	0	1	1	0	0	0
PET494	0	1	1	0	0	0
FPK1	0	0	1	0	0	1
MSO1	0	1	1	0	0	0
BRE5	0	1	1	0	0	0
NOG2	1	1	0	0	0	0
ESF2	1	1	0	0	0	0
HOL1	0	1	1	0	0	0
BIO5	0	0	1	0	0	1
MNT4	0	1	1	0	0	0
FRE4	0	0	1	0	0	1
YNR061C	0	1	1	0	0	0
YNR063W	0	0	1	0	0	1
YNR064C	0	1	1	0	0	0
YNR065C	0	0	1	0	0	1
YNR066C	0	0	1	0	0	1
DSE4	0	0	1	0	0	1
YNR068C	0	0	1	0	0	1
BSC5	0	1	1	0	0	0
PDR18	0	1	0	0	1	0
YNR071C	0	1	1	0	0	0
YNR073C	0	0	1	0	0	1
AIF1	0	0	1	0	0	1
YNR075C-A	0	1	0	0	1	0
COS10	0	0	1	0	0	1
PHO80	0	1	1	0	0	0
IZH2	0	1	1	0	0	0
PFA4	0	1	1	0	0	0
SIN3	0	1	1	0	0	0
TOP1	0	1	1	0	0	0
COQ10	0	1	1	0	0	0
MDM12	0	1	1	0	0	0
PLB3	0	0	1	0	0	1
HTZ1	0	0	1	0	0	1
HRD1	0	0	1	0	0	1
YOL013W-A	0	0	1	0	0	1
YOL014W	0	0	1	0	0	1
IRC10	0	1	1	0	0	0
CMK2	0	0	1	0	0	1
ESC8	0	0	1	0	0	1
TLG2	0	1	1	0	0	0
YOL019W	0	0	1	0	0	1
YOL019W-A	0	0	1	0	0	1
TAT2	0	0	1	0	0	1
DIS3	1	1	0	0	0	0
TSR4	1	1	0	0	0	0
IFM1	0	1	1	0	0	0
YOL024W	0	0	1	0	0	1
LAG2	0	0	1	0	0	1
MDM38	0	1	1	0	0	0
YAP7	0	0	1	0	0	1
YOL029C	0	0	1	0	0	1
GAS5	0	1	1	0	0	0
SIL1	0	1	1	0	0	0
OPI10	0	0	1	0	0	1
SMC5	1	1	0	0	0	0
YOL035C	0	0	1	0	0	1
YOL036W	0	1	1	0	0	0
YOL038C-A	0	0	1	0	0	1
PRE6	1	1	0	0	0	0
RPP2A	0	1	1	0	0	0
NOP12	0	1	1	0	0	0
NGL1	0	0	1	0	0	1
NTG2	0	0	1	0	0	1
PEX15	0	1	1	0	0	0
PSK2	0	1	1	0	0	0
YOL046C	0	1	1	0	0	0
LDS2	0	1	1	0	0	0
RRT8	0	1	0	0	1	0
GSH2	0	1	1	0	0	0
YOL050C	0	1	1	0	0	0
SPE2	0	1	1	0	0	0
AIM39	0	1	1	0	0	0
PSH1	0	1	1	0	0	0
THI20	0	1	1	0	0	0
GPM3	0	0	1	0	0	1
YOL057W	0	0	1	0	0	1
GPD2	0	0	1	0	0	1
MAM3	0	0	1	0	0	1
PRS5	0	1	1	0	0	0
APM4	0	0	1	0	0	1
CRT10	0	0	1	0	0	1
MET22	0	1	1	0	0	0
INP54	0	0	1	0	0	1
RIB2	0	1	0	0	1	0
RTG1	0	1	1	0	0	0
HST1	0	1	1	0	0	0
NUF2	1	1	0	0	0	0
NBA1	0	1	1	0	0	0
SDH5	0	0	1	0	0	1
YOL073C	0	1	1	0	0	0
YOL075C	0	0	1	0	0	1
BRX1	1	1	0	0	0	0
YOL079W	0	1	1	0	0	0
REX4	0	1	1	0	0	0
IRA2	0	1	1	0	0	0
ATG19	0	0	1	0	0	1
ATG34	0	0	1	0	0	1
PHM7	0	0	1	0	0	1
ADH1	0	1	1	0	0	0
MHF1	0	1	0	0	1	0
YOL087C	0	1	1	0	0	0
MPD2	0	0	1	0	0	1
HAL9	0	0	1	0	0	1
MSH2	0	1	1	0	0	0
SPO21	0	0	1	0	0	1
TRM10	0	1	1	0	0	0
RFC4	1	1	0	0	0	0
HMI1	0	0	1	0	0	1
WRS1	1	1	0	0	0	0
YOL097W-A	0	1	0	0	1	0
YOL098C	0	1	1	0	0	0
YOL099C	0	0	1	0	0	1
TPT1	1	1	0	0	0	0
ITR2	0	0	1	0	0	1
WSC3	0	1	1	0	0	0
INO4	0	1	1	0	0	0
ZEO1	0	1	1	0	0	0
SHR5	0	1	1	0	0	0
MDY2	0	1	1	0	0	0
MSB4	0	1	1	0	0	0
SKM1	0	0	1	0	0	1
YOL114C	0	1	1	0	0	0
MSN1	0	1	1	0	0	0
RRI2	0	1	0	0	1	0
YOL118C	0	0	1	0	0	1
MCH4	0	1	1	0	0	0
RPS19A	0	1	1	0	0	0
SMF1	0	1	1	0	0	0
HRP1	1	1	0	0	0	0
TRM11	0	1	1	0	0	0
MDH2	0	1	1	0	0	0
YGK3	0	0	1	0	0	1
VPS68	0	1	1	0	0	0
YOL131W	0	1	1	0	0	0
GAS4	0	0	1	0	0	1
MED7	1	1	0	0	0	0
PFK27	0	0	1	0	0	1
BSC6	0	1	1	0	0	0
PPM2	0	0	1	0	0	1
NOP8	1	1	0	0	0	0
PSF3	1	1	0	0	0	0
PEX11	0	0	1	0	0	1
YOL150C	0	0	1	0	0	1
GRE2	0	0	1	0	0	1
FRE7	0	0	1	0	0	1
YOL153C	0	1	1	0	0	0
HPF1	0	0	1	0	0	1
ENB1	0	0	1	0	0	1
YOL159C	0	0	1	0	0	1
YOL159C-A	0	0	1	0	0	1
YOL160W	0	1	0	0	1	0
PAU20	0	1	1	0	0	0
YOL162W	0	0	1	0	0	1
YOL163W	0	0	1	0	0	1
YOL164W-A	0	0	1	0	0	1
AAD15	0	1	1	0	0	0
YOL166W-A	0	1	0	0	1	0
ALG6	0	1	1	0	0	0
YSP3	0	0	1	0	0	1
UTP23	1	1	0	0	0	0
DNL4	0	0	1	0	0	1
TSR3	0	1	1	0	0	0
SGT2	0	1	1	0	0	0
YOR008C-A	0	0	1	0	0	1
TIR4	0	0	1	0	0	1
TIR2	0	0	1	0	0	1
YOR011W-A	0	1	0	0	1	0
YOR012W	0	0	1	0	0	1
RTS1	0	1	1	0	0	0
ERP4	0	0	1	0	0	1
PET127	0	0	1	0	0	1
ROD1	0	0	1	0	0	1
YOR019W	0	0	1	0	0	1
HSP10	1	1	0	0	0	0
SFM1	0	0	1	0	0	1
YOR022C	0	1	0	0	1	0
AHC1	0	1	1	0	0	0
YOR024W	0	1	1	0	0	0
HST3	0	1	1	0	0	0
BUB3	0	1	1	0	0	0
STI1	0	1	1	0	0	0
CIN5	0	0	1	0	0	1
YOR029W	0	1	1	0	0	0
DFG16	0	1	1	0	0	0
CRS5	0	1	1	0	0	0
HMS1	0	0	1	0	0	1
YOR032W-A	0	0	1	0	0	1
EXO1	0	1	1	0	0	0
AKR2	0	0	1	0	0	1
SHE4	0	1	1	0	0	0
CYC2	0	0	1	0	0	1
HIR2	0	1	1	0	0	0
CKB2	0	1	1	0	0	0
GLO4	0	0	1	0	0	1
YOR041C	0	1	1	0	0	0
CUE5	0	1	1	0	0	0
WHI2	0	0	1	0	0	1
IRC23	0	0	1	0	0	1
TOM6	0	1	1	0	0	0
DBP5	1	1	0	0	0	0
STD1	0	0	1	0	0	1
RAT1	1	1	0	0	0	0
RSB1	0	0	1	0	0	1
YOR050C	0	0	1	0	0	1
ETT1	0	1	1	0	0	0
TMC1	0	1	1	0	0	0
YOR053W	0	1	1	0	0	0
VHS3	0	1	1	0	0	0
YOR055W	0	0	1	0	0	1
NOB1	1	0	0	1	0	0
SGT1	1	1	0	0	0	0
ASE1	0	1	1	0	0	0
YOR059C	0	0	1	0	0	1
CKA2	0	1	1	0	0	0
YOR062C	0	0	1	0	0	1
RPL3	1	1	0	0	0	0
YNG1	0	0	1	0	0	1
CYT1	0	1	1	0	0	0
MSA1	0	1	1	0	0	0
ALG8	0	1	1	0	0	0
VAM10	0	1	1	0	0	0
VPS5	0	1	1	0	0	0
GYP1	0	1	1	0	0	0
NRT1	0	0	1	0	0	1
UFE1	1	1	0	0	0	0
SKI7	0	1	1	0	0	0
BUD21	0	1	1	0	0	0
ATX2	0	1	1	0	0	0
DIA2	0	1	1	0	0	0
TGL5	0	0	1	0	0	1
YOR082C	0	1	1	0	0	0
WHI5	0	1	1	0	0	0
LPX1	0	1	1	0	0	0
OST3	0	1	1	0	0	0
TCB1	0	1	1	0	0	0
YVC1	0	0	1	0	0	1
VPS21	0	1	1	0	0	0
PTC5	0	1	1	0	0	0
TMA46	0	0	1	0	0	1
YOR093C	0	0	1	0	0	1
ARF3	0	0	1	0	0	1
RKI1	1	1	0	0	0	0
RPS7A	0	0	1	0	0	1
YOR097C	0	1	1	0	0	0
KTR1	0	1	1	0	0	0
CRC1	0	0	1	0	0	1
RAS1	0	0	1	0	0	1
OST2	1	1	0	0	0	0
PIN2	0	0	1	0	0	1
YOR105W	0	0	1	0	0	1
VAM3	0	1	1	0	0	0
RGS2	0	0	1	0	0	1
INP53	0	1	1	0	0	0
YOR111W	0	0	1	0	0	1
CEX1	0	1	1	0	0	0
AZF1	0	0	1	0	0	1
YOR114W	0	0	1	0	0	1
TRS33	0	1	1	0	0	0
RPO31	1	1	0	0	0	0
RTC5	0	0	1	0	0	1
RIO1	1	1	0	0	0	0
GCY1	0	0	1	0	0	1
YOR121C	0	0	1	0	0	1
PFY1	1	1	0	0	0	0
LEO1	0	1	1	0	0	0
UBP2	0	0	1	0	0	1
CAT5	0	1	1	0	0	0
IAH1	0	0	1	0	0	1
RGA1	0	1	1	0	0	0
ADE2	0	1	1	0	0	0
AFI1	0	0	1	0	0	1
YOR131C	0	1	1	0	0	0
VPS17	0	1	1	0	0	0
EFT1	0	0	1	0	0	1
BAG7	0	0	1	0	0	1
IRC14	0	1	1	0	0	0
IDH2	0	1	1	0	0	0
SIA1	0	0	1	0	0	1
RUP1	0	0	1	0	0	1
YOR139C	0	1	1	0	0	0
SFL1	0	1	1	0	0	0
LSC1	0	1	1	0	0	0
THI80	1	1	0	0	0	0
ELG1	0	1	1	0	0	0
MDM32	0	1	1	0	0	0
SMP3	1	1	0	0	0	0
RPB2	1	1	0	0	0	0
ATG40	0	0	1	0	0	1
PDR5	0	1	1	0	0	0
SLP1	0	1	1	0	0	0
ISN1	0	0	1	0	0	1
NFI1	0	1	1	0	0	0
PUP1	1	1	0	0	0	0
PNS1	0	0	1	0	0	1
DDP1	0	0	1	0	0	1
GET4	0	1	1	0	0	0
SEY1	0	1	1	0	0	0
SWT1	0	0	1	0	0	1
RPS28A	0	0	1	0	0	1
GLN4	1	1	0	0	0	0
YOR170W	0	0	1	0	0	1
LCB4	0	0	1	0	0	1
YRM1	0	0	1	0	0	1
DCS2	0	0	1	0	0	1
MED4	1	1	0	0	0	0
ALE1	0	0	1	0	0	1
MPC54	0	0	1	0	0	1
GAC1	0	0	1	0	0	1
SYC1	0	1	1	0	0	0
DCI1	0	1	1	0	0	0
LAS17	1	1	0	0	0	0
RPS30B	0	1	1	0	0	0
FYV12	0	0	1	0	0	1
SER1	0	1	1	0	0	0
GSP2	0	1	1	0	0	0
YOR186W	0	0	1	0	0	1
MSB1	0	1	1	0	0	0
IES4	0	1	1	0	0	0
SPR1	0	0	1	0	0	1
ULS1	0	1	1	0	0	0
THI72	0	0	1	0	0	1
YOR192C-C	0	0	1	0	0	1
PEX27	0	0	1	0	0	1
TOA1	1	1	0	0	0	0
SLK19	0	1	1	0	0	0
LIP5	0	1	1	0	0	0
MRM1	0	0	1	0	0	1
DED1	1	1	0	0	0	0
GEP3	0	0	1	0	0	1
PTP2	0	0	1	0	0	1
NPT1	0	1	1	0	0	0
SAS5	0	0	1	0	0	1
YOR214C	0	1	1	0	0	0
AIM41	0	0	1	0	0	1
RUD3	0	1	1	0	0	0
RCN2	0	0	1	0	0	1
MCT1	0	1	1	0	0	0
ODC2	0	0	1	0	0	1
YOR223W	0	0	1	0	0	1
RPB8	1	1	0	0	0	0
YOR225W	0	0	1	0	0	1
ISU2	0	0	1	0	0	1
HER1	0	0	1	0	0	1
MCP1	0	1	1	0	0	0
WTM2	0	0	1	0	0	1
WTM1	0	1	1	0	0	0
MKK1	0	1	1	0	0	0
MGE1	1	1	0	0	0	0
KIN4	0	1	1	0	0	0
RPL33B	0	0	1	0	0	1
IRC13	0	1	1	0	0	0
DFR1	0	1	0	0	1	0
YOR238W	0	1	1	0	0	0
ABP140	0	0	1	0	0	1
SSP2	0	1	1	0	0	0
PUS7	0	1	1	0	0	0
ESA1	1	1	0	0	0	0
DGA1	0	1	1	0	0	0
ENV9	0	1	1	0	0	0
SRL1	0	1	0	0	1	0
YOR248W	0	1	0	0	1	0
APC5	1	1	0	0	0	0
CLP1	1	1	0	0	0	0
TUM1	0	1	1	0	0	0
TMA16	0	1	1	0	0	0
NAT5	0	0	1	0	0	1
SEC63	1	1	0	0	0	0
OSW1	0	1	1	0	0	0
RPT4	1	1	0	0	0	0
GCD1	1	1	0	0	0	0
GPN2	1	1	0	0	0	0
YOR263C	0	0	1	0	0	1
DSE3	0	1	1	0	0	0
RBL2	0	1	1	0	0	0
PNT1	0	0	1	0	0	1
HRK1	0	0	1	0	0	1
YOR268C	0	0	1	0	0	1
PAC1	0	1	1	0	0	0
FSF1	0	1	1	0	0	0
YTM1	1	1	0	0	0	0
TPO4	0	0	1	0	0	1
MOD5	0	1	1	0	0	0
RIM20	0	1	1	0	0	0
CAF20	0	1	0	0	1	0
YOR277C	0	1	0	0	1	0
RFM1	0	1	1	0	0	0
FSH3	0	0	1	0	0	1
PLP2	1	1	0	0	0	0
YOR283W	0	1	1	0	0	0
RDL1	0	1	1	0	0	0
RDL2	0	1	1	0	0	0
MPD1	0	0	1	0	0	1
YOR289W	0	1	1	0	0	0
YPK9	0	1	1	0	0	0
YOR292C	0	0	1	0	0	1
YOR293C-A	0	1	0	0	1	0
RPS10A	0	1	1	0	0	0
RRS1	1	1	0	0	0	0
YOR296W	0	0	1	0	0	1
TIM18	0	0	1	0	0	1
MBF1	0	1	1	0	0	0
MUM3	0	1	1	0	0	0
BUD7	0	0	1	0	0	1
YOR300W	0	0	1	0	0	1
RAX1	0	1	1	0	0	0
YOR304C-A	0	0	1	0	0	1
ISW2	0	1	1	0	0	0
RRG7	0	1	0	0	1	0
MCH5	0	1	1	0	0	0
SNU66	0	1	1	0	0	0
YOR309C	0	1	1	0	0	0
DGK1	0	1	1	0	0	0
RPL20B	0	0	1	0	0	1
SPS4	0	1	1	0	0	0
YOR314W	0	0	1	0	0	1
SFG1	0	0	1	0	0	1
COT1	0	0	1	0	0	1
YOR316C-A	0	0	1	0	0	1
FAA1	0	0	1	0	0	1
YOR318C	0	0	1	0	0	1
GNT1	0	0	1	0	0	1
PMT3	0	1	1	0	0	0
LDB19	0	1	1	0	0	0
FRT1	0	0	1	0	0	1
MYO2	1	1	0	0	0	0
SNC2	0	1	1	0	0	0
PDR10	0	0	1	0	0	1
YOR333C	0	0	1	0	0	1
MRS2	0	0	1	0	0	1
ALA1	1	1	0	0	0	0
KRE5	1	1	0	0	0	0
TEA1	0	0	1	0	0	1
YOR338W	0	0	1	0	0	1
UBC11	0	0	1	0	0	1
RPA43	0	1	0	0	1	0
RPA190	1	1	0	0	0	0
YOR342C	0	1	0	0	1	0
YOR343C	0	0	1	0	0	1
TYE7	0	1	1	0	0	0
YOR345C	0	1	1	0	0	0
REV1	0	0	1	0	0	1
PYK2	0	1	1	0	0	0
PUT4	0	0	1	0	0	1
CIN1	0	1	1	0	0	0
MNE1	0	0	1	0	0	1
MEK1	0	0	1	0	0	1
YOR352W	0	0	1	0	0	1
MSC6	0	1	1	0	0	0
GDS1	0	1	1	0	0	0
CIR2	0	0	1	0	0	1
SNX3	0	1	1	0	0	0
HAP5	0	1	1	0	0	0
VTS1	0	0	1	0	0	1
PDE2	0	1	1	0	0	0
PRT1	1	1	0	0	0	0
PRE10	1	1	0	0	0	0
PIP2	0	0	1	0	0	1
YOR364W	0	0	1	0	0	1
YOR365C	0	1	1	0	0	0
YOR366W	0	0	1	0	0	1
SCP1	0	0	1	0	0	1
RAD17	0	1	1	0	0	0
MRS6	1	1	0	0	0	0
GPB1	0	0	1	0	0	1
ALD4	0	0	1	0	0	1
RDR1	0	0	1	0	0	1
FRE3	0	1	1	0	0	0
YOR381W-A	0	0	1	0	0	1
FIT2	0	1	1	0	0	0
FIT3	0	0	1	0	0	1
FRE5	0	1	0	0	1	0
YOR385W	0	0	1	0	0	1
YOR389W	0	1	0	0	1	0
HSP33	0	0	1	0	0	1
ERR1	0	0	1	0	0	1
HAT1	0	1	1	0	0	0
SNF8	0	0	1	0	0	1
ULA1	0	1	1	0	0	0
LSP1	0	0	1	0	0	1
AEP3	0	1	0	0	1	0
NCR1	0	0	1	0	0	1
TFC8	1	1	0	0	0	0
CHL1	0	1	1	0	0	0
RQC2	0	0	1	0	0	1
RET3	1	1	0	0	0	0
TAF3	1	1	0	0	0	0
YPL014W	0	1	1	0	0	0
HST2	0	0	1	0	0	1
IRC15	0	1	1	0	0	0
CTF19	0	1	1	0	0	0
VTC3	0	1	1	0	0	0
ULP1	1	1	0	0	0	0
ECM23	0	0	1	0	0	1
RAD1	0	1	1	0	0	0
MET12	0	1	1	0	0	0
RMI1	0	1	0	0	1	0
YPL025C	0	0	1	0	0	1
SKS1	0	0	1	0	0	1
SMA1	0	0	1	0	0	1
ERG10	1	1	0	0	0	0
TRM44	0	1	1	0	0	0
PHO85	0	0	1	0	0	1
SVL3	0	0	1	0	0	1
SRL4	0	0	1	0	0	1
YPL034W	0	1	1	0	0	0
YPL035C	0	1	0	0	1	0
PMA2	0	1	1	0	0	0
EGD1	0	1	1	0	0	0
MET31	0	1	1	0	0	0
YPL038W-A	0	1	0	0	1	0
YPL039W	0	1	0	0	1	0
MRX11	0	1	1	0	0	0
SSN3	0	0	1	0	0	1
NOP4	1	1	0	0	0	0
ELC1	0	1	1	0	0	0
SGF11	0	1	1	0	0	0
CAM1	0	1	1	0	0	0
DIG1	0	1	1	0	0	0
ARL3	0	1	1	0	0	0
OAZ1	0	0	1	0	0	1
KTR6	0	0	1	0	0	1
LEE1	0	0	1	0	0	1
LGE1	0	1	1	0	0	0
LCL1	0	0	1	0	0	1
SUR1	0	1	1	0	0	0
PDR12	0	1	1	0	0	0
MFM1	0	0	1	0	0	1
ALD6	0	0	1	0	0	1
YPL062W	0	1	1	0	0	0
TIM50	1	1	0	0	0	0
CWC27	0	1	1	0	0	0
YPL066W	0	1	1	0	0	0
YPL068C	0	1	1	0	0	0
BTS1	0	1	1	0	0	0
MUK1	0	1	1	0	0	0
YPL071C	0	0	1	0	0	1
UBP16	0	0	1	0	0	1
YTA6	0	1	1	0	0	0
GPI2	1	1	0	0	0	0
YPL077C	0	0	1	0	0	1
RPL21B	0	1	1	0	0	0
YPL080C	0	1	1	0	0	0
RPS9A	0	0	1	0	0	1
MOT1	1	1	0	0	0	0
SEN54	1	1	0	0	0	0
SEC16	1	1	0	0	0	0
ELP3	0	1	1	0	0	0
YDC1	0	0	1	0	0	1
AAD16	0	0	1	0	0	1
RLM1	0	1	1	0	0	0
RPS6A	0	1	1	0	0	0
GLR1	0	0	1	0	0	1
SSU1	0	1	1	0	0	0
SEC62	1	1	0	0	0	0
EEB1	0	0	1	0	0	1
ERI1	0	1	1	0	0	0
PNG1	0	0	1	0	0	1
MSY1	0	0	1	0	0	1
MGR2	0	1	1	0	0	0
INA17	0	1	1	0	0	0
ATG21	0	0	1	0	0	1
ELP4	0	1	1	0	0	0
YPL102C	0	1	1	0	0	0
FMP30	0	1	1	0	0	0
SYH1	0	0	1	0	0	1
SSE1	0	1	1	0	0	0
YPL107W	0	0	1	0	0	1
YPL108W	0	0	1	0	0	1
YPL109C	0	1	1	0	0	0
GDE1	0	0	1	0	0	1
CAR1	0	0	1	0	0	1
PEX25	0	0	1	0	0	1
YPL113C	0	0	1	0	0	1
YPL114W	0	0	1	0	0	1
BEM3	0	1	1	0	0	0
HOS3	0	0	1	0	0	1
IDI1	1	1	0	0	0	0
MRP51	0	0	1	0	0	1
DBP1	0	0	1	0	0	1
VPS30	0	1	1	0	0	0
MEI5	0	1	1	0	0	0
TFB2	1	1	0	0	0	0
RNY1	0	1	1	0	0	0
HHO1	0	0	1	0	0	1
TBF1	1	1	0	0	0	0
SPO19	0	0	1	0	0	1
COX11	0	1	0	0	1	0
RDS2	0	1	0	0	1	0
ODC1	0	1	0	0	1	0
ISU1	0	1	1	0	0	0
GIP3	0	0	1	0	0	1
SPP1	0	1	1	0	0	0
UME1	0	1	1	0	0	0
MKK2	0	0	1	0	0	1
FRK1	0	1	1	0	0	0
POC4	0	1	1	0	0	0
KES1	0	1	1	0	0	0
PXA1	0	0	1	0	0	1
PPT2	0	0	1	0	0	1
ATG5	0	1	1	0	0	0
YPL150W	0	0	1	0	0	1
PRP46	1	1	0	0	0	0
RRD2	0	1	1	0	0	0
YPL152W-A	0	1	0	0	1	0
PEP4	0	1	1	0	0	0
KIP2	0	1	1	0	0	0
PRM4	0	0	1	0	0	1
TGS1	0	1	1	0	0	0
AIM44	0	1	1	0	0	0
PET20	0	1	1	0	0	0
CDC60	1	1	0	0	0	0
BEM4	0	1	1	0	0	0
YPL162C	0	1	1	0	0	0
SVS1	0	0	1	0	0	1
MLH3	0	0	1	0	0	1
SET6	0	0	1	0	0	1
ATG29	0	1	1	0	0	0
REV3	0	0	1	0	0	1
MRX4	0	0	1	0	0	1
MEX67	1	1	0	0	0	0
DAP1	0	1	1	0	0	0
OYE3	0	0	1	0	0	1
COX10	0	1	1	0	0	0
NIP100	0	1	1	0	0	0
CUP9	0	1	1	0	0	0
CBC2	0	1	1	0	0	0
PPQ1	0	1	1	0	0	0
CTI6	0	1	1	0	0	0
YPL182C	0	1	1	0	0	0
RTT10	0	0	1	0	0	1
RTC6	0	1	1	0	0	0
MRN1	0	1	1	0	0	0
YPL185W	0	1	1	0	0	0
COA2	0	1	0	0	1	0
GUP2	0	0	1	0	0	1
NAB3	1	1	0	0	0	0
YPL191C	0	0	1	0	0	1
PRM3	0	1	1	0	0	0
DDC1	0	1	1	0	0	0
APL5	0	1	1	0	0	0
OXR1	0	0	1	0	0	1
YPL197C	0	0	1	0	0	1
RPL7B	0	1	1	0	0	0
YPL199C	0	0	1	0	0	1
YIG1	0	0	1	0	0	1
AFT2	0	1	1	0	0	0
TPK2	0	0	1	0	0	1
HRR25	1	1	0	0	0	0
YPL205C	0	1	1	0	0	0
PGC1	0	0	1	0	0	1
TYW1	0	0	1	0	0	1
RKM1	0	1	1	0	0	0
IPL1	1	1	0	0	0	0
SRP72	0	1	0	0	1	0
NIP7	1	1	0	0	0	0
PUS1	0	1	1	0	0	0
LEA1	0	1	1	0	0	0
THI6	0	1	1	0	0	0
YPL216W	0	1	1	0	0	0
PCL8	0	1	1	0	0	0
RPL1A	0	0	1	0	0	1
FLC1	0	0	1	0	0	1
GRE1	0	0	1	0	0	1
MMT2	0	1	1	0	0	0
YPL225W	0	1	1	0	0	0
NEW1	0	1	1	0	0	0
ALG5	0	1	1	0	0	0
CET1	1	1	0	0	0	0
YPL229W	0	0	1	0	0	1
USV1	0	0	1	0	0	1
FAS2	1	1	0	0	0	0
SSO1	0	0	1	0	0	1
NSL1	1	1	0	0	0	0
VMA11	0	0	1	0	0	1
RVB2	0	1	0	0	1	0
ENV7	0	1	1	0	0	0
YAR1	0	1	1	0	0	0
HSP82	0	1	1	0	0	0
CIN2	0	1	1	0	0	0
SRP68	1	1	0	0	0	0
HUT1	0	1	1	0	0	0
YPL245W	0	1	1	0	0	0
RBD2	0	1	1	0	0	0
YPL247C	0	1	0	0	1	0
GAL4	0	1	1	0	0	0
ATG41	0	1	1	0	0	0
VIK1	0	1	1	0	0	0
CLN2	0	1	1	0	0	0
YPL257W	0	1	1	0	0	0
THI21	0	0	1	0	0	1
APM1	0	1	1	0	0	0
YPL260W	0	0	1	0	0	1
YPL261C	0	1	1	0	0	0
FUM1	0	1	1	0	0	0
KEL3	0	1	0	0	1	0
DIP5	0	1	1	0	0	0
DIM1	1	1	0	0	0	0
ACM1	0	1	1	0	0	0
KAR9	0	1	1	0	0	0
MDL2	0	1	1	0	0	0
YPL272C	0	0	1	0	0	1
SAM4	0	0	1	0	0	1
SAM3	0	0	1	0	0	1
HSP32	0	0	1	0	0	1
PAU22	0	0	1	0	0	1
CIT3	0	1	1	0	0	0
PDH1	0	0	1	0	0	1
AIM45	0	0	1	0	0	1
HAL1	0	0	1	0	0	1
ICL2	0	1	1	0	0	0
REC8	0	0	1	0	0	1
HAA1	0	1	0	0	1	0
SUT2	0	0	1	0	0	1
YPR011C	0	1	1	0	0	0
YPR012W	0	0	1	0	0	1
YPR013C	0	1	1	0	0	0
YPR014C	0	0	1	0	0	1
YPR015C	0	0	1	0	0	1
TIF6	1	1	0	0	0	0
DSS4	0	1	1	0	0	0
RLF2	0	1	1	0	0	0
MCM4	1	1	0	0	0	0
ATP20	0	0	1	0	0	1
AGC1	0	0	1	0	0	1
YPR022C	0	1	1	0	0	0
EAF3	0	1	1	0	0	0
YME1	0	1	1	0	0	0
CCL1	1	1	0	0	0	0
ATH1	0	0	1	0	0	1
YOP1	0	0	1	0	0	1
APL4	0	0	1	0	0	1
CSR2	0	1	1	0	0	0
NTO1	0	1	1	0	0	0
SRO7	0	1	1	0	0	0
HTS1	1	1	0	0	0	0
ARP7	1	1	0	0	0	0
GLN1	1	1	0	0	0	0
ERV2	0	0	1	0	0	1
IRC16	0	1	1	0	0	0
YPR039W	0	0	1	0	0	1
TIP41	0	1	1	0	0	0
RPL43A	0	1	1	0	0	0
OPI11	0	1	1	0	0	0
THP3	0	1	1	0	0	0
MCM16	0	1	1	0	0	0
TAH18	1	1	0	0	0	0
ATG11	0	0	1	0	0	1
MAK3	0	1	1	0	0	0
NHP6A	0	1	1	0	0	0
YPR053C	0	0	1	0	0	1
SEC8	1	1	0	0	0	0
TFB4	1	1	0	0	0	0
BRR1	0	1	1	0	0	0
YMC1	0	0	1	0	0	1
YPR059C	0	0	1	0	0	1
ARO7	0	1	1	0	0	0
JID1	0	0	1	0	0	1
FCY1	0	0	1	0	0	1
YPR063C	0	0	1	0	0	1
YPR064W	0	1	1	0	0	0
ROX1	0	1	1	0	0	0
UBA3	0	1	1	0	0	0
HOS1	0	0	1	0	0	1
SPE3	0	1	1	0	0	0
MED1	0	1	1	0	0	0
LTP1	0	1	1	0	0	0
TKL1	0	1	1	0	0	0
OPY2	0	1	1	0	0	0
YPR076W	0	1	1	0	0	0
YPR077C	0	0	1	0	0	1
YPR078C	0	0	1	0	0	1
MRL1	0	1	1	0	0	0
TEF1	0	0	1	0	0	1
DIB1	1	1	0	0	0	0
MDM36	0	1	1	0	0	0
YPR084W	0	1	1	0	0	0
ASA1	1	1	0	0	0	0
SUA7	1	1	0	0	0	0
SRP54	1	1	0	0	0	0
YPR089W	0	1	1	0	0	0
YPR091C	0	1	1	0	0	0
YPR092W	0	0	1	0	0	1
ASR1	0	1	1	0	0	0
RDS3	1	1	0	0	0	0
SYT1	0	1	1	0	0	0
YPR096C	0	0	1	0	0	1
YPR097W	0	0	1	0	0	1
YPR098C	0	1	1	0	0	0
SNT309	0	0	1	0	0	1
RPL11A	0	1	0	0	1	0
PRE2	1	1	0	0	0	0
COG4	1	1	0	0	0	0
ISR1	0	1	1	0	0	0
RPN7	1	1	0	0	0	0
YPR109W	0	1	1	0	0	0
DBF20	0	0	1	0	0	1
YPR114W	0	0	1	0	0	1
RGC1	0	0	1	0	0	1
YPR117W	0	0	1	0	0	1
MRI1	0	0	1	0	0	1
CLB2	0	1	1	0	0	0
CLB5	0	1	1	0	0	0
THI22	0	1	1	0	0	0
AXL1	0	1	1	0	0	0
CTR1	0	0	1	0	0	1
YLH47	0	0	1	0	0	1
YPR126C	0	1	1	0	0	0
YPR127W	0	0	1	0	0	1
ANT1	0	0	1	0	0	1
SCD6	0	0	1	0	0	1
YPR130C	0	1	0	0	1	0
NAT3	0	1	0	0	1	0
SPN1	1	1	0	0	0	0
TOM5	0	0	1	0	0	1
MSS18	0	0	1	0	0	1
CTF4	0	1	1	0	0	0
RRP9	1	1	0	0	0	0
MEP3	0	0	1	0	0	1
TAZ1	0	1	1	0	0	0
KAR3	0	1	1	0	0	0
RRP15	1	1	0	0	0	0
ASN1	0	0	1	0	0	1
YPR146C	0	0	1	0	0	1
YPR147C	0	0	1	0	0	1
YPR150W	0	1	1	0	0	0
SUE1	0	1	1	0	0	0
URN1	0	1	1	0	0	0
YPR153W	0	1	1	0	0	0
PIN3	0	0	1	0	0	1
TDA6	0	0	1	0	0	1
CUR1	0	0	1	0	0	1
YPR159C-A	0	1	1	0	0	0
GPH1	0	0	1	0	0	1
SGV1	1	1	0	0	0	0
ORC4	1	1	0	0	0	0
MMS1	0	1	1	0	0	0
MET16	0	1	1	0	0	0
NUT2	1	1	0	0	0	0
JIP5	0	1	0	0	1	0
BSP1	0	0	1	0	0	1
YPR172W	0	0	1	0	0	1
VPS4	0	0	1	0	0	1
YPR174C	0	1	1	0	0	0
BET2	1	1	0	0	0	0
PRP4	1	1	0	0	0	0
HDA3	0	1	1	0	0	0
AOS1	0	1	0	0	1	0
SEC23	1	1	0	0	0	0
DPM1	1	1	0	0	0	0
GDB1	0	0	1	0	0	1
ATG13	0	1	1	0	0	0
MLC2	0	1	0	0	1	0
SKI3	0	1	1	0	0	0
RPC82	1	1	0	0	0	0
QCR2	0	1	1	0	0	0
AQY1	0	1	1	0	0	0
HPA2	0	1	1	0	0	0
OPT2	0	1	1	0	0	0
YPR195C	0	0	1	0	0	1
YPR197C	0	1	1	0	0	0
SGE1	0	0	1	0	0	1
ARR1	0	1	1	0	0	0
ARR3	0	1	1	0	0	0
