names	in_Costanzo	in_Gavin	in_Krogan	unique_to_Costanzo	unique_to_Gavin	unique_to_Krogan
AI1	0	0	1	0	0	1
BI2	0	0	1	0	0	1
COX2	0	0	1	0	0	1
TFC3	1	0	1	0	0	0
VPS8	1	0	0	1	0	0
EFB1	1	1	0	0	0	0
YAL004W	1	0	0	1	0	0
SSA1	1	1	0	0	0	0
ERP2	1	1	1	0	0	0
FUN14	1	0	1	0	0	0
SPO7	1	0	0	1	0	0
MDM10	1	0	0	1	0	0
SWC3	1	0	0	1	0	0
CYS3	1	0	1	0	0	0
DEP1	1	1	1	0	0	0
SYN8	1	0	0	1	0	0
NTG1	1	0	0	1	0	0
YAL016C-B	1	0	0	1	0	0
TPD3	0	1	1	0	0	0
PSK1	1	1	0	0	0	0
LDS1	1	0	0	1	0	0
FUN30	1	0	1	0	0	0
ATS1	1	0	1	0	0	0
CCR4	1	1	1	0	0	0
FUN26	1	0	0	1	0	0
PMT2	1	0	1	0	0	0
LTE1	1	1	1	0	0	0
MAK16	1	0	0	1	0	0
DRS2	0	1	1	0	0	0
SAW1	1	0	1	0	0	0
FRT2	1	0	1	0	0	0
MYO4	1	1	1	0	0	0
SNC1	1	0	0	1	0	0
GIP4	1	0	0	1	0	0
PRP45	0	1	1	0	0	0
POP5	0	1	1	0	0	0
FUN19	1	1	1	0	0	0
MTW1	1	0	0	1	0	0
FUN12	0	1	0	0	1	0
RBG1	1	1	0	0	0	0
YAL037C-A	1	0	0	1	0	0
YAL037W	1	0	0	1	0	0
CDC19	1	1	0	0	0	0
CYC3	1	0	0	1	0	0
CLN3	1	0	0	1	0	0
CDC24	1	1	0	0	0	0
ERV46	1	1	1	0	0	0
PTA1	1	1	1	0	0	0
YAL045C	1	0	0	1	0	0
BOL3	1	0	1	0	0	0
SPC72	0	1	1	0	0	0
GEM1	1	1	0	0	0	0
AIM2	1	0	0	1	0	0
OAF1	0	0	1	0	0	1
FLC2	1	0	1	0	0	0
ACS1	1	0	0	1	0	0
PEX22	1	0	0	1	0	0
GPB2	1	0	0	1	0	0
CNE1	1	0	0	1	0	0
ECM1	1	0	1	0	0	0
BDH1	1	0	0	1	0	0
BDH2	1	0	0	1	0	0
GDH3	1	0	1	0	0	0
FLO9	1	0	0	1	0	0
TDA8	1	0	0	1	0	0
YAL065C	1	0	0	1	0	0
YAL066W	1	0	0	1	0	0
SEO1	1	0	1	0	0	0
PAU8	1	0	0	1	0	0
ERP1	1	1	1	0	0	0
NUP60	1	1	1	0	0	0
SWD1	1	1	1	0	0	0
RFA1	1	1	1	0	0	0
BUD14	1	1	1	0	0	0
ADE1	1	0	1	0	0	0
KIN3	1	0	0	1	0	0
CDC15	1	0	1	0	0	0
PAU7	1	0	0	1	0	0
YAR023C	1	0	0	1	0	0
UIP3	1	0	0	1	0	0
YAR028W	1	0	0	1	0	0
YAR029W	1	0	0	1	0	0
YAR030C	1	0	0	1	0	0
PRM9	1	0	0	1	0	0
MST28	1	0	0	1	0	0
YAR035C-A	1	0	0	1	0	0
SWH1	1	1	0	0	0	0
YAR047C	1	0	0	1	0	0
FLO1	1	0	0	1	0	0
YAR066W	1	0	0	1	0	0
PHO11	1	0	1	0	0	0
YAR075W	1	0	0	1	0	0
ECM15	1	0	0	1	0	0
HTB2	1	0	1	0	0	0
HTA2	1	1	1	0	0	0
UTP20	0	1	1	0	0	0
LDB7	1	0	0	1	0	0
SLA1	1	1	1	0	0	0
HIR1	1	0	1	0	0	0
ALK2	1	0	0	1	0	0
YBL010C	1	0	1	0	0	0
SCT1	1	0	0	1	0	0
FMT1	1	0	0	1	0	0
ACH1	1	0	0	1	0	0
FUS3	0	0	1	0	0	1
PEP1	1	1	1	0	0	0
POP8	0	1	0	0	1	0
APN2	1	0	1	0	0	0
RFT1	0	0	1	0	0	1
HAP3	1	0	0	1	0	0
PIM1	0	1	0	0	1	0
MCM2	1	1	1	0	0	0
NCL1	1	0	1	0	0	0
LSM2	1	1	1	0	0	0
RPL19B	1	0	0	1	0	0
YBL028C	1	0	0	1	0	0
YBL029W	1	0	0	1	0	0
PET9	0	1	1	0	0	0
SHE1	1	0	0	1	0	0
HEK2	1	1	1	0	0	0
STU1	1	0	0	1	0	0
POL12	1	1	1	0	0	0
YBL036C	1	0	1	0	0	0
APL3	1	0	1	0	0	0
MRPL16	0	1	1	0	0	0
URA7	1	1	1	0	0	0
YBL039W-B	1	0	0	1	0	0
ERD2	1	0	0	1	0	0
PRE7	1	1	1	0	0	0
FUI1	1	0	0	1	0	0
ECM13	1	0	0	1	0	0
YBL044W	1	0	1	0	0	0
COR1	0	1	1	0	0	0
PSY4	1	1	1	0	0	0
EDE1	1	1	1	0	0	0
RRT1	1	0	1	0	0	0
MOH1	1	0	0	1	0	0
SEC17	1	0	0	1	0	0
PIN4	1	0	0	1	0	0
SAS3	1	0	1	0	0	0
YBL053W	1	0	0	1	0	0
TOD6	1	0	1	0	0	0
YBL055C	1	0	1	0	0	0
PTC3	1	1	1	0	0	0
PTH2	1	0	1	0	0	0
SHP1	1	1	1	0	0	0
CMC2	1	0	0	1	0	0
YBL059W	1	0	1	0	0	0
YEL1	1	0	1	0	0	0
SKT5	1	1	1	0	0	0
YBL062W	1	0	0	1	0	0
KIP1	1	0	1	0	0	0
YBL065W	1	0	0	1	0	0
SEF1	1	0	0	1	0	0
UBP13	1	0	1	0	0	0
PRS4	1	0	0	1	0	0
AST1	1	0	0	1	0	0
YBL070C	1	0	0	1	0	0
YBL071C	1	0	1	0	0	0
KTI11	0	0	1	0	0	1
RPS8A	1	1	0	0	0	0
AAR2	1	1	1	0	0	0
SSA3	1	1	1	0	0	0
ILS1	1	1	1	0	0	0
ATG8	1	0	0	1	0	0
NUP170	1	0	1	0	0	0
PET112	1	0	0	1	0	0
YBL081W	1	0	1	0	0	0
ALG3	1	0	0	1	0	0
YBL083C	1	0	0	1	0	0
CDC27	1	1	1	0	0	0
BOI1	1	1	0	0	0	0
YBL086C	1	0	1	0	0	0
RPL23A	1	1	1	0	0	0
TEL1	1	0	0	1	0	0
AVT5	1	0	0	1	0	0
MRP21	0	1	1	0	0	0
MAP2	1	0	0	1	0	0
SCS22	1	0	0	1	0	0
ROX3	0	0	1	0	0	1
MRX3	1	0	0	1	0	0
YBL096C	1	0	0	1	0	0
BRN1	1	0	1	0	0	0
BNA4	1	0	0	1	0	0
ATP1	0	1	1	0	0	0
ECM21	1	0	1	0	0	0
SFT2	1	0	0	1	0	0
RTG3	1	0	1	0	0	0
SEA4	1	1	1	0	0	0
PKC1	1	0	1	0	0	0
SRO77	1	0	1	0	0	0
PAU9	1	0	0	1	0	0
YBL111C	1	0	1	0	0	0
NTH2	1	0	1	0	0	0
COQ1	1	0	0	1	0	0
GPI18	1	0	0	1	0	0
RCR1	1	0	0	1	0	0
UGA2	1	0	0	1	0	0
DSF2	1	0	0	1	0	0
FLR1	1	0	0	1	0	0
HHF1	1	1	1	0	0	0
HHT1	1	0	1	0	0	0
IPP1	1	1	1	0	0	0
YBR012C	1	0	0	1	0	0
YBR013C	1	0	0	1	0	0
GRX7	1	0	0	1	0	0
MNN2	1	0	0	1	0	0
YBR016W	1	0	0	1	0	0
KAP104	0	1	1	0	0	0
GAL7	1	0	0	1	0	0
GAL10	1	0	1	0	0	0
GAL1	1	0	0	1	0	0
POA1	1	0	0	1	0	0
CHS3	1	0	1	0	0	0
SCO2	1	0	0	1	0	0
OLA1	1	1	1	0	0	0
ETR1	1	0	1	0	0	0
YPK3	1	0	0	1	0	0
CDS1	1	0	0	1	0	0
RKM3	1	0	1	0	0	0
RPL4A	1	1	0	0	0	0
YBR032W	1	0	0	1	0	0
EDS1	1	0	0	1	0	0
HMT1	1	0	1	0	0	0
PDX3	1	0	0	1	0	0
CSG2	1	0	0	1	0	0
SCO1	1	0	0	1	0	0
ATP3	0	1	1	0	0	0
FIG1	1	0	0	1	0	0
FAT1	1	0	0	1	0	0
CST26	1	0	1	0	0	0
QDR3	1	0	0	1	0	0
TCM62	1	0	1	0	0	0
GIP1	1	0	0	1	0	0
ZTA1	1	0	0	1	0	0
FMP23	1	0	1	0	0	0
RPS11B	1	0	0	1	0	0
REB1	0	1	1	0	0	0
YBR051W	1	0	0	1	0	0
RFS1	0	1	0	0	1	0
YBR053C	1	0	0	1	0	0
YRO2	1	0	1	0	0	0
PRP6	1	1	1	0	0	0
YBR056W	1	0	0	1	0	0
MUM2	1	0	1	0	0	0
UBP14	1	0	1	0	0	0
TSC3	1	0	0	1	0	0
AKL1	1	0	1	0	0	0
ORC2	1	1	1	0	0	0
TRM7	0	0	1	0	0	1
YBR062C	1	0	1	0	0	0
YBR063C	1	0	0	1	0	0
YBR064W	1	0	0	1	0	0
ECM2	1	1	1	0	0	0
NRG2	1	0	1	0	0	0
TIP1	0	0	1	0	0	1
BAP2	1	0	0	1	0	0
TAT1	1	0	1	0	0	0
ALG14	1	0	0	1	0	0
YBR071W	1	0	0	1	0	0
HSP26	1	0	1	0	0	0
RDH54	1	0	1	0	0	0
PFF1	1	0	0	1	0	0
ECM8	1	0	0	1	0	0
SLM4	1	0	0	1	0	0
ECM33	1	0	0	1	0	0
RPG1	1	1	1	0	0	0
SEC18	1	0	1	0	0	0
SPT7	0	1	1	0	0	0
UBC4	1	0	1	0	0	0
TEC1	1	0	1	0	0	0
RPL19A	1	1	0	0	0	0
MIS1	1	1	1	0	0	0
AAC3	1	0	1	0	0	0
IST2	1	1	0	0	0	0
RFC5	1	1	1	0	0	0
POL30	0	0	1	0	0	1
NHP6B	1	0	0	1	0	0
YBR090C	1	0	0	1	0	0
PHO3	1	0	0	1	0	0
PHO5	1	0	1	0	0	0
PBY1	1	1	1	0	0	0
RXT2	1	1	1	0	0	0
YBR096W	1	0	0	1	0	0
VPS15	0	1	1	0	0	0
MMS4	1	0	0	1	0	0
YBR099C	1	0	0	1	0	0
FES1	1	0	1	0	0	0
EXO84	1	1	0	0	0	0
SIF2	1	1	1	0	0	0
YMC2	1	0	0	1	0	0
VID24	1	1	1	0	0	0
IML3	1	0	1	0	0	0
AIM3	1	0	1	0	0	0
CMD1	1	1	1	0	0	0
ALG1	1	0	0	1	0	0
YSA1	1	0	0	1	0	0
SUS1	1	0	0	1	0	0
CYC8	1	0	1	0	0	0
RAD16	1	1	0	0	0	0
LYS2	0	1	1	0	0	0
YBR116C	1	0	0	1	0	0
TKL2	1	0	1	0	0	0
TEF2	1	0	0	1	0	0
MUD1	1	1	1	0	0	0
CBP6	1	0	0	1	0	0
GRS1	1	1	0	0	0	0
MRPL36	0	1	0	0	1	0
TFC1	1	0	1	0	0	0
PTC4	1	1	1	0	0	0
TPS1	0	1	1	0	0	0
VMA2	0	1	1	0	0	0
ATG14	1	0	1	0	0	0
SHE3	1	1	1	0	0	0
CCZ1	1	0	1	0	0	0
AGP2	1	0	0	1	0	0
YBR134W	1	0	0	1	0	0
CKS1	1	1	1	0	0	0
MEC1	1	1	0	0	0	0
YBR137W	1	0	1	0	0	0
YBR138C	1	0	0	1	0	0
YBR139W	1	0	1	0	0	0
IRA1	0	0	1	0	0	1
BMT2	1	0	0	1	0	0
MAK5	1	1	1	0	0	0
SUP45	1	1	1	0	0	0
ADH5	1	0	0	1	0	0
MRPS9	1	1	1	0	0	0
RTC2	1	0	0	1	0	0
YSW1	0	0	1	0	0	1
ARA1	1	0	0	1	0	0
TBS1	1	0	1	0	0	0
APD1	1	0	1	0	0	0
SPP381	1	1	1	0	0	0
RIB7	1	0	0	1	0	0
RPB5	1	1	1	0	0	0
CNS1	0	0	1	0	0	1
SLI15	1	0	1	0	0	0
ICS2	1	0	0	1	0	0
AMN1	1	1	0	0	0	0
IFA38	0	0	1	0	0	1
CDC28	1	1	1	0	0	0
CSH1	1	0	1	0	0	0
TOS1	1	0	0	1	0	0
YSY6	1	0	0	1	0	0
ARL1	1	0	0	1	0	0
UBS1	1	0	0	1	0	0
TYR1	1	0	1	0	0	0
POP7	1	0	1	0	0	0
PEX32	1	0	1	0	0	0
SSE2	1	1	1	0	0	0
NPL4	1	1	1	0	0	0
SEC66	1	1	1	0	0	0
SMY2	1	0	0	1	0	0
UMP1	1	0	1	0	0	0
SWD3	1	1	1	0	0	0
ECM31	1	0	1	0	0	0
EHT1	1	1	0	0	0	0
YBR178W	1	0	0	1	0	0
FZO1	1	0	0	1	0	0
DTR1	1	0	1	0	0	0
RPS6B	1	0	0	1	0	0
SMP1	1	0	0	1	0	0
YPC1	1	0	0	1	0	0
YBR184W	1	0	0	1	0	0
MBA1	1	0	1	0	0	0
PCH2	1	0	0	1	0	0
GDT1	1	0	1	0	0	0
NTC20	1	0	1	0	0	0
RPS9B	0	1	1	0	0	0
RPL21A	1	0	0	1	0	0
MED8	1	1	1	0	0	0
AIM4	1	0	0	1	0	0
MSI1	1	0	1	0	0	0
PGI1	1	1	1	0	0	0
YBR196C-A	1	0	0	1	0	0
YBR196C-B	1	0	0	1	0	0
YBR197C	1	0	0	1	0	0
TAF5	1	1	1	0	0	0
KTR4	1	0	0	1	0	0
BEM1	1	0	0	1	0	0
YBR200W-A	1	0	0	1	0	0
DER1	1	0	0	1	0	0
MCM7	1	1	0	0	0	0
COS111	1	0	0	1	0	0
LDH1	1	0	0	1	0	0
KTR3	1	1	0	0	0	0
YBR206W	1	0	0	1	0	0
FTH1	1	0	0	1	0	0
"""DUR1,2"	1	1	0	0	0	0
ERV15	1	0	0	1	0	0
AME1	1	0	1	0	0	0
NGR1	1	0	1	0	0	0
MET8	1	0	0	1	0	0
SDS24	1	0	1	0	0	0
HPC2	1	0	1	0	0	0
YBP1	1	0	0	1	0	0
ATG12	1	0	0	1	0	0
PYC2	1	0	1	0	0	0
YBR220C	1	0	0	1	0	0
PDB1	1	1	1	0	0	0
YBR221W-A	1	0	0	1	0	0
PCS60	1	0	0	1	0	0
TDP1	1	0	1	0	0	0
YBR224W	1	0	0	1	0	0
YBR225W	1	0	1	0	0	0
YBR226C	1	0	0	1	0	0
MCX1	1	0	0	1	0	0
SLX1	1	0	1	0	0	0
ROT2	1	1	1	0	0	0
OM14	1	0	0	1	0	0
YBR230W-A	1	0	0	1	0	0
SWC5	1	0	0	1	0	0
YBR232C	1	0	0	1	0	0
PBP2	1	0	0	1	0	0
ARC40	1	1	1	0	0	0
VHC1	1	0	1	0	0	0
ABD1	1	0	0	1	0	0
PRP5	1	0	1	0	0	0
YBR238C	1	0	0	1	0	0
ERT1	1	0	0	1	0	0
THI2	1	0	0	1	0	0
GPX2	1	0	0	1	0	0
ISW1	1	1	1	0	0	0
RRT2	1	0	0	1	0	0
ENP1	1	1	1	0	0	0
HIS7	0	0	1	0	0	1
ARO4	0	0	1	0	0	1
SPO23	1	0	0	1	0	0
MRPS5	0	1	1	0	0	0
SRB6	1	1	1	0	0	0
TRS20	1	1	1	0	0	0
YBR255C-A	1	0	0	1	0	0
MTC4	1	0	0	1	0	0
POP4	0	0	1	0	0	1
SHG1	0	0	1	0	0	1
YBR259W	1	0	1	0	0	0
RGD1	1	0	0	1	0	0
TAE1	1	0	0	1	0	0
MIC12	1	0	0	1	0	0
SHM1	1	1	0	0	0	0
YPT10	1	0	0	1	0	0
TSC10	1	1	0	0	0	0
REI1	1	1	1	0	0	0
SDH8	1	0	0	1	0	0
BIT2	1	0	0	1	0	0
HSM3	1	0	0	1	0	0
UBX7	1	0	1	0	0	0
CHK1	1	0	1	0	0	0
RIF1	1	0	1	0	0	0
PPS1	1	0	0	1	0	0
YBR277C	1	0	0	1	0	0
DPB3	1	0	1	0	0	0
PAF1	0	1	1	0	0	0
SAF1	1	0	1	0	0	0
DUG2	1	0	1	0	0	0
MRPL27	0	1	0	0	1	0
SSH1	1	0	1	0	0	0
YBR284W	1	0	0	1	0	0
YBR285W	1	0	0	1	0	0
APE3	1	0	0	1	0	0
YBR287W	1	0	0	1	0	0
APM3	1	1	1	0	0	0
SNF5	0	1	1	0	0	0
BSD2	1	0	0	1	0	0
CTP1	1	0	1	0	0	0
YBR292C	1	0	0	1	0	0
VBA2	1	0	0	1	0	0
PCA1	1	0	0	1	0	0
PHO89	0	0	1	0	0	1
YBR296C-A	1	0	0	1	0	0
MAL33	1	0	0	1	0	0
YBR298C-A	1	0	0	1	0	0
MAL32	1	0	0	1	0	0
YBR300C	1	0	0	1	0	0
PAU24	1	0	0	1	0	0
RER1	1	0	0	1	0	0
YCL001W-A	1	0	0	1	0	0
YCL002C	1	0	0	1	0	0
LDB16	1	0	0	1	0	0
VMA9	1	0	0	1	0	0
STP22	1	0	0	1	0	0
ILV6	1	1	0	0	0	0
SGF29	1	1	1	0	0	0
GBP2	1	1	1	0	0	0
YCL012C	1	0	0	1	0	0
BUD3	1	1	1	0	0	0
DCC1	1	0	1	0	0	0
NFS1	0	1	1	0	0	0
YCL022C	1	0	0	1	0	0
YCL023C	1	0	0	1	0	0
KCC4	1	1	1	0	0	0
AGP1	1	0	0	1	0	0
FRM2	1	0	0	1	0	0
HBN1	1	0	0	1	0	0
FUS1	1	0	0	1	0	0
RNQ1	1	0	0	1	0	0
BIK1	1	0	1	0	0	0
HIS4	0	0	1	0	0	1
RRP7	0	1	1	0	0	0
STE50	0	0	1	0	0	1
MXR2	1	0	0	1	0	0
LSB5	1	0	0	1	0	0
GRX1	1	0	0	1	0	0
GFD2	1	0	1	0	0	0
SRO9	0	1	0	0	1	0
ATG22	1	0	0	1	0	0
GID7	1	0	1	0	0	0
GLK1	0	0	1	0	0	1
YCL042W	1	0	0	1	0	0
PDI1	0	0	1	0	0	1
MGR1	1	0	1	0	0	0
EMC1	1	0	0	1	0	0
YCL046W	1	0	0	1	0	0
POF1	1	0	1	0	0	0
SPS22	1	0	0	1	0	0
YCL049C	1	0	0	1	0	0
APA1	1	0	0	1	0	0
LRE1	1	0	0	1	0	0
PBN1	1	0	0	1	0	0
SPB1	0	1	1	0	0	0
KAR4	1	0	0	1	0	0
PEX34	1	0	0	1	0	0
MIC10	1	0	0	1	0	0
PRD1	0	0	1	0	0	1
KRR1	1	1	1	0	0	0
MRC1	1	0	1	0	0	0
VAC17	1	0	1	0	0	0
CHA1	1	0	1	0	0	0
HMLALPHA1	1	0	0	1	0	0
YCL068C	1	0	0	1	0	0
VBA3	1	0	0	1	0	0
TY5A	1	0	0	1	0	0
TY5B	1	0	0	1	0	0
YCL076W	1	0	0	1	0	0
CDC10	1	1	1	0	0	0
MRPL32	0	0	1	0	0	1
CIT2	0	0	1	0	0	1
YCR006C	1	0	0	1	0	0
SAT4	1	0	1	0	0	0
RVS161	1	1	1	0	0	0
ADY2	1	0	0	1	0	0
PGK1	0	1	0	0	1	0
POL4	1	0	1	0	0	0
YCR016W	1	0	1	0	0	0
CWH43	1	0	0	1	0	0
MAK32	1	0	0	1	0	0
PET18	1	0	0	1	0	0
MAK31	1	0	0	1	0	0
HTL1	1	0	1	0	0	0
HSP30	1	0	0	1	0	0
YCR023C	1	0	0	1	0	0
PMP1	1	0	0	1	0	0
YCR024C-B	1	0	0	1	0	0
NPP1	1	0	0	1	0	0
RHB1	1	0	0	1	0	0
RIM1	1	1	1	0	0	0
SYP1	1	1	1	0	0	0
RPS14A	1	1	0	0	0	0
BPH1	1	0	1	0	0	0
SNT1	1	1	1	0	0	0
ELO2	1	0	0	1	0	0
RRP43	0	1	1	0	0	0
RBK1	1	0	0	1	0	0
BUD5	0	0	1	0	0	1
MATALPHA2	1	0	0	1	0	0
TAF2	0	1	0	0	1	0
YCR043C	0	0	1	0	0	1
RRT12	1	0	0	1	0	0
IMG1	1	1	0	0	0	0
BUD23	0	0	1	0	0	1
ARE1	1	0	0	1	0	0
YCR049C	1	0	0	1	0	0
YCR050C	1	0	0	1	0	0
YCR051W	1	0	0	1	0	0
RSC6	1	1	1	0	0	0
THR4	1	0	1	0	0	0
CTR86	1	0	0	1	0	0
PWP2	0	1	1	0	0	0
YIH1	1	0	1	0	0	0
TAH1	1	0	1	0	0	0
YCR061W	1	0	0	1	0	0
BUD31	1	1	1	0	0	0
HCM1	1	0	1	0	0	0
RAD18	1	0	1	0	0	0
SED4	1	0	0	1	0	0
ATG15	1	0	0	1	0	0
CPR4	1	0	0	1	0	0
IMG2	1	1	1	0	0	0
RSA4	0	1	1	0	0	0
SSK22	1	0	0	1	0	0
SOL2	1	1	1	0	0	0
ERS1	1	0	0	1	0	0
YCR075W-A	1	0	0	1	0	0
FUB1	1	0	1	0	0	0
PAT1	1	1	1	0	0	0
PTC6	1	0	1	0	0	0
SRB8	0	1	1	0	0	0
AHC2	1	0	1	0	0	0
TUP1	0	1	1	0	0	0
CSM1	1	0	1	0	0	0
YCR087C-A	1	0	0	1	0	0
YCR087W	1	0	0	1	0	0
ABP1	1	0	0	1	0	0
FIG2	1	0	1	0	0	0
YCR090C	1	0	1	0	0	0
KIN82	1	0	0	1	0	0
MSH3	1	1	0	0	0	0
CDC39	1	1	1	0	0	0
CDC50	1	0	0	1	0	0
OCA4	1	0	0	1	0	0
YCR095W-A	1	0	0	1	0	0
HMRA1	1	0	0	1	0	0
GIT1	1	0	0	1	0	0
YCR099C	1	0	0	1	0	0
YCR100C	1	0	0	1	0	0
PAU3	1	0	0	1	0	0
ADH7	1	0	1	0	0	0
RDS1	1	0	0	1	0	0
AAD3	1	0	0	1	0	0
RMD1	1	0	0	1	0	0
NHP10	1	1	1	0	0	0
MCD1	1	0	1	0	0	0
ATP16	0	0	1	0	0	1
MED2	0	0	1	0	0	1
PTC1	1	0	1	0	0	0
RPT2	1	1	1	0	0	0
APC11	1	0	0	1	0	0
GRX6	1	0	0	1	0	0
YDL011C	1	0	0	1	0	0
YDL012C	1	0	0	1	0	0
SLX5	1	0	0	1	0	0
NOP1	1	1	1	0	0	0
TSC13	1	1	1	0	0	0
CDC7	1	0	1	0	0	0
ERP3	1	1	0	0	0	0
OSH2	1	1	1	0	0	0
RPN4	1	0	1	0	0	0
GPD1	1	0	1	0	0	0
YDL023C	1	0	0	1	0	0
RTK1	1	0	0	1	0	0
MRX9	1	0	0	1	0	0
MPS1	1	0	0	1	0	0
ARP2	1	1	1	0	0	0
PRP9	1	1	1	0	0	0
DBP10	1	1	1	0	0	0
SLM3	1	1	0	0	0	0
GPR1	1	0	0	1	0	0
PUS9	1	0	1	0	0	0
BSC1	1	0	0	1	0	0
PRM7	1	0	0	1	0	0
NAT1	0	1	1	0	0	0
SIR2	0	0	1	0	0	1
PRP11	1	1	1	0	0	0
MTF2	0	1	1	0	0	0
FAD1	1	0	0	1	0	0
MRP10	0	0	1	0	0	1
SIT4	0	1	1	0	0	0
STP4	0	0	1	0	0	1
YDL050C	1	0	0	1	0	0
LHP1	1	1	1	0	0	0
PBP4	1	0	1	0	0	0
MCH1	1	0	1	0	0	0
PSA1	0	1	1	0	0	0
MBP1	1	0	1	0	0	0
YDL057W	1	0	0	1	0	0
USO1	1	1	0	0	0	0
RAD59	1	0	1	0	0	0
TSR1	1	1	1	0	0	0
RPS29B	1	0	0	1	0	0
YDL062W	1	0	0	1	0	0
SYO1	1	0	0	1	0	0
UBC9	1	0	0	1	0	0
PEX19	1	0	1	0	0	0
IDP1	1	1	1	0	0	0
COX9	1	0	0	1	0	0
CBS1	1	0	1	0	0	0
BDF2	1	0	1	0	0	0
YDL071C	1	0	0	1	0	0
YDL073W	1	0	0	1	0	0
BRE1	1	0	1	0	0	0
RPL31A	0	1	0	0	1	0
RXT3	1	1	1	0	0	0
VAM6	1	0	1	0	0	0
MDH3	1	0	1	0	0	0
MRK1	1	0	0	1	0	0
THI3	1	0	0	1	0	0
RPP1A	0	0	1	0	0	1
RPL13A	1	1	0	0	0	0
RPS16B	1	0	0	1	0	0
SUB2	1	1	1	0	0	0
NDE2	1	0	1	0	0	0
YDL086W	1	0	0	1	0	0
LUC7	1	1	1	0	0	0
ASM4	1	0	0	1	0	0
NUR1	1	0	0	1	0	0
UBX3	1	0	0	1	0	0
SRP14	0	1	1	0	0	0
PMT5	1	0	1	0	0	0
YDL094C	1	0	0	1	0	0
PMT1	1	0	1	0	0	0
OPI6	1	0	0	1	0	0
RPN6	1	1	1	0	0	0
SNU23	1	1	1	0	0	0
BUG1	1	0	1	0	0	0
GET3	1	1	1	0	0	0
DUN1	1	0	0	1	0	0
POL3	1	0	0	1	0	0
QRI1	1	0	1	0	0	0
QRI7	1	0	0	1	0	0
NSE4	1	0	0	1	0	0
PHO2	1	0	0	1	0	0
MSS2	1	0	0	1	0	0
KIN28	1	0	1	0	0	0
YDL109C	1	0	0	1	0	0
TMA17	1	0	0	1	0	0
RRP42	1	1	1	0	0	0
TRM3	1	1	0	0	0	0
ATG20	1	1	0	0	0	0
IWR1	1	1	1	0	0	0
NUP84	1	1	1	0	0	0
CYK3	1	0	1	0	0	0
YDL118W	1	0	0	1	0	0
HEM25	1	0	0	1	0	0
YDL121C	1	0	0	1	0	0
UBP1	1	0	1	0	0	0
YDL124W	1	0	0	1	0	0
HNT1	1	0	1	0	0	0
CDC48	1	1	1	0	0	0
PCL2	1	0	0	1	0	0
YDL129W	1	0	0	1	0	0
RPP1B	1	0	1	0	0	0
STF1	1	0	1	0	0	0
LYS21	1	0	1	0	0	0
CDC53	1	0	1	0	0	0
RPL41B	1	0	0	1	0	0
SRF1	1	0	0	1	0	0
PPH21	1	1	1	0	0	0
RDI1	1	0	0	1	0	0
RPL35B	1	0	0	1	0	0
ARF2	1	0	1	0	0	0
RGT2	1	0	0	1	0	0
SCM3	0	0	1	0	0	1
RPO21	1	1	0	0	0	0
BPL1	0	0	1	0	0	1
CRD1	1	0	0	1	0	0
CCT4	1	1	1	0	0	0
YDL144C	0	0	1	0	0	1
COP1	1	1	1	0	0	0
LDB17	1	0	0	1	0	0
RPN5	1	1	1	0	0	0
NOP14	1	1	1	0	0	0
ATG9	1	1	0	0	0	0
RPC53	1	1	1	0	0	0
SAS10	1	0	1	0	0	0
MSH5	1	0	0	1	0	0
CLB3	1	1	1	0	0	0
CMR1	1	1	1	0	0	0
YDL157C	1	0	0	1	0	0
DHH1	0	1	1	0	0	0
MHF2	1	0	0	1	0	0
ENT1	1	0	0	1	0	0
YDL162C	1	0	0	1	0	0
CDC9	0	0	1	0	0	1
CDC36	1	1	0	0	0	0
FAP7	0	1	0	0	1	0
NRP1	1	1	0	0	0	0
SFA1	1	0	1	0	0	0
UGX2	1	0	0	1	0	0
UGA3	1	0	0	1	0	0
GLT1	1	1	0	0	0	0
YDL172C	1	0	0	1	0	0
PAR32	1	0	1	0	0	0
DLD1	1	0	0	1	0	0
AIR2	1	1	1	0	0	0
YDL176W	1	0	1	0	0	0
YDL177C	1	0	0	1	0	0
PCL9	1	0	1	0	0	0
YDL180W	1	0	0	1	0	0
INH1	1	0	1	0	0	0
LYS20	1	0	1	0	0	0
YDL183C	1	0	0	1	0	0
RPL41A	1	0	0	1	0	0
VMA1	1	1	0	0	0	0
YDL186W	1	0	0	1	0	0
YDL187C	1	0	0	1	0	0
PPH22	1	1	1	0	0	0
UFD2	1	0	1	0	0	0
RPL35A	1	1	0	0	0	0
ARF1	1	1	0	0	0	0
NUS1	1	0	0	1	0	0
SNF3	1	0	0	1	0	0
SEC31	1	1	1	0	0	0
ASF2	1	0	1	0	0	0
YDL199C	1	0	1	0	0	0
MGT1	1	0	0	1	0	0
TRM8	1	0	1	0	0	0
ACK1	1	1	1	0	0	0
RTN2	1	0	0	1	0	0
YDL206W	1	0	0	1	0	0
GLE1	1	0	0	1	0	0
NHP2	1	0	1	0	0	0
CWC2	1	1	0	0	0	0
UGA4	1	0	0	1	0	0
YDL211C	1	0	0	1	0	0
NOP6	1	1	0	0	0	0
PRR2	1	0	0	1	0	0
GDH2	1	0	1	0	0	0
RRI1	1	1	1	0	0	0
TIM22	1	0	0	1	0	0
YDL218W	1	0	0	1	0	0
DTD1	1	0	0	1	0	0
CDC13	1	0	1	0	0	0
FMP45	1	0	0	1	0	0
HBT1	1	0	0	1	0	0
WHI4	1	0	0	1	0	0
SHS1	1	1	1	0	0	0
GCS1	1	0	0	1	0	0
HO	1	0	0	1	0	0
SSB1	1	1	0	0	0	0
PTP1	1	0	0	1	0	0
BRE4	1	0	0	1	0	0
MFG1	1	0	0	1	0	0
GYP7	1	0	0	1	0	0
YPD1	0	0	1	0	0	1
PHO13	1	0	1	0	0	0
AIM6	1	0	0	1	0	0
GUD1	1	0	0	1	0	0
ADY3	1	0	1	0	0	0
LRG1	1	0	0	1	0	0
YDL241W	1	0	1	0	0	0
YDL242W	1	0	0	1	0	0
AAD4	1	0	0	1	0	0
SOR2	1	0	0	1	0	0
COS7	1	0	0	1	0	0
NTH1	0	1	1	0	0	0
YRB1	1	0	0	1	0	0
RCR2	1	0	0	1	0	0
YDR003W-A	1	0	0	1	0	0
RAD57	1	0	0	1	0	0
MAF1	1	1	1	0	0	0
SOK1	1	0	1	0	0	0
TRP1	1	0	0	1	0	0
GAL3	1	0	0	1	0	0
YDR010C	1	0	0	1	0	0
SNQ2	1	0	1	0	0	0
RPL4B	1	1	0	0	0	0
PSF1	1	0	1	0	0	0
RAD61	1	0	0	1	0	0
YDR015C	1	0	0	1	0	0
DAD1	1	0	1	0	0	0
KCS1	0	0	1	0	0	1
YDR018C	1	0	1	0	0	0
GCV1	1	0	0	1	0	0
DAS2	1	0	0	1	0	0
FAL1	1	0	1	0	0	0
ATG31	1	0	0	1	0	0
SES1	0	0	1	0	0	1
FYV1	1	0	0	1	0	0
RPS11A	1	1	0	0	0	0
NSI1	1	0	1	0	0	0
VPS54	0	1	0	0	1	0
REG1	0	1	1	0	0	0
YDR029W	1	0	0	1	0	0
RAD28	1	0	0	1	0	0
MIX14	1	0	0	1	0	0
PST2	1	1	1	0	0	0
MRH1	1	0	1	0	0	0
LYS14	0	0	1	0	0	1
YDR034C-A	1	0	0	1	0	0
YDR034W-B	1	0	0	1	0	0
ARO3	1	1	0	0	0	0
EHD3	1	1	0	0	0	0
KRS1	1	1	0	0	0	0
ENA1	1	0	0	1	0	0
RSM10	0	1	1	0	0	0
NRG1	1	0	1	0	0	0
HEM13	1	1	1	0	0	0
RPC11	1	1	1	0	0	0
BAP3	1	0	0	1	0	0
HEM12	0	0	1	0	0	1
VMS1	1	1	1	0	0	0
TPI1	1	1	0	0	0	0
DET1	0	0	1	0	0	1
DBF4	1	0	1	0	0	0
CDC34	1	0	1	0	0	0
PST1	1	0	1	0	0	0
YDR056C	1	0	0	1	0	0
YOS9	1	0	0	1	0	0
TGL2	1	0	1	0	0	0
UBC5	1	0	1	0	0	0
MAK21	1	1	1	0	0	0
YDR061W	1	0	0	1	0	0
LCB2	1	1	0	0	0	0
AIM7	1	0	0	1	0	0
RPS13	1	1	0	0	0	0
RRG1	1	0	1	0	0	0
RTR2	1	0	0	1	0	0
OCA6	1	0	0	1	0	0
DOS2	1	0	0	1	0	0
DOA4	0	1	1	0	0	0
PAA1	1	1	1	0	0	0
IPT1	1	0	0	1	0	0
SNF11	1	1	0	0	0	0
TPS2	1	1	1	0	0	0
PPH3	1	1	1	0	0	0
RAD55	1	0	0	1	0	0
SED1	1	0	0	1	0	0
PET100	1	0	0	1	0	0
VPS41	1	0	0	1	0	0
PDC2	1	0	1	0	0	0
STN1	1	0	0	1	0	0
RRP8	1	1	0	0	0	0
TVP23	1	0	0	1	0	0
AFR1	1	0	0	1	0	0
SSS1	1	0	1	0	0	0
RRP1	1	1	1	0	0	0
SLU7	1	0	0	1	0	0
YDR089W	1	0	0	1	0	0
YDR090C	1	0	0	1	0	0
RLI1	1	1	1	0	0	0
UBC13	1	0	1	0	0	0
DNF2	1	0	0	1	0	0
YDR094W	1	0	0	1	0	0
YDR095C	1	0	0	1	0	0
GIS1	1	0	0	1	0	0
MSH6	0	1	1	0	0	0
GRX3	1	0	1	0	0	0
BMH2	1	1	1	0	0	0
TVP15	1	0	0	1	0	0
ARX1	1	1	1	0	0	0
STE5	0	0	1	0	0	1
SPO71	1	0	0	1	0	0
TMS1	1	0	0	1	0	0
ARP10	1	0	0	1	0	0
TMN2	1	0	0	1	0	0
TRS85	1	1	0	0	0	0
YDR109C	1	0	0	1	0	0
FOB1	1	0	0	1	0	0
ALT2	1	0	1	0	0	0
IRC2	1	0	0	1	0	0
PDS1	1	0	1	0	0	0
MRPL1	1	1	1	0	0	0
TMA64	1	0	1	0	0	0
APC4	1	1	1	0	0	0
VBA4	1	0	0	1	0	0
TRM1	1	0	1	0	0	0
DPB4	1	1	1	0	0	0
KIN1	1	0	0	1	0	0
INO2	1	0	1	0	0	0
YDR124W	1	0	1	0	0	0
SWF1	1	0	0	1	0	0
ARO1	1	1	1	0	0	0
MTC5	1	0	1	0	0	0
SAC6	0	1	1	0	0	0
FIN1	1	0	0	1	0	0
YDR131C	1	0	0	1	0	0
YDR132C	1	0	0	1	0	0
CCW22	1	0	0	1	0	0
YCF1	1	0	0	1	0	0
RGP1	1	1	1	0	0	0
HPR1	0	1	1	0	0	0
RUB1	0	0	1	0	0	1
MTQ2	0	1	0	0	1	0
DOP1	1	1	1	0	0	0
PEX7	1	0	0	1	0	0
SAN1	1	0	1	0	0	0
MKC7	1	0	0	1	0	0
TAF12	1	1	0	0	0	0
SWI5	1	0	0	1	0	0
EKI1	1	0	0	1	0	0
KGD2	1	1	1	0	0	0
YDR149C	1	0	0	1	0	0
NUM1	1	1	0	0	0	0
CTH1	1	0	0	1	0	0
GIR2	1	0	1	0	0	0
ENT5	1	0	1	0	0	0
YDR154C	1	0	0	1	0	0
CPR1	1	1	1	0	0	0
RPA14	1	0	1	0	0	0
YDR157W	1	0	1	0	0	0
HOM2	1	0	0	1	0	0
SAC3	1	0	1	0	0	0
ACL4	1	1	0	0	0	0
NBP2	1	0	1	0	0	0
CWC15	1	0	0	1	0	0
SEC1	1	1	1	0	0	0
TRM82	1	0	1	0	0	0
SEC5	1	1	1	0	0	0
TAF10	0	1	0	0	1	0
CDC37	1	1	1	0	0	0
STB3	1	0	1	0	0	0
YDR169C-A	1	0	0	1	0	0
SEC7	1	1	0	0	0	0
HSP42	1	1	1	0	0	0
SUP35	1	1	1	0	0	0
ARG82	0	0	1	0	0	1
HMO1	1	1	1	0	0	0
RSM24	0	1	1	0	0	0
NGG1	1	1	1	0	0	0
SDH4	1	0	0	1	0	0
CSN9	1	1	1	0	0	0
YDR179W-A	1	0	0	1	0	0
SCC2	1	0	1	0	0	0
SAS4	1	0	1	0	0	0
CDC1	1	0	0	1	0	0
YDR182W-A	1	0	0	1	0	0
PLP1	1	0	0	1	0	0
ATC1	1	0	0	1	0	0
SND1	1	1	1	0	0	0
CCT6	1	1	1	0	0	0
SLY1	1	0	1	0	0	0
RVB1	1	1	1	0	0	0
HST4	1	0	0	1	0	0
NUP42	1	0	1	0	0	0
YDR193W	1	0	0	1	0	0
REF2	0	1	1	0	0	0
CAB5	1	0	0	1	0	0
CBS2	1	0	0	1	0	0
RKM2	1	0	0	1	0	0
YDR199W	1	0	0	1	0	0
VPS64	1	0	0	1	0	0
SPC19	1	0	1	0	0	0
RAV2	1	1	1	0	0	0
YDR203W	1	0	0	1	0	0
COQ4	1	0	0	1	0	0
MSC2	1	0	0	1	0	0
EBS1	1	0	0	1	0	0
UME6	1	1	1	0	0	0
MSS4	1	0	1	0	0	0
YDR210W	1	0	0	1	0	0
GCD6	1	1	1	0	0	0
TCP1	1	0	1	0	0	0
UPC2	1	0	1	0	0	0
AHA1	1	1	1	0	0	0
YDR215C	1	0	0	1	0	0
ADR1	1	0	0	1	0	0
RAD9	1	0	0	1	0	0
SPR28	1	0	0	1	0	0
MFB1	1	0	0	1	0	0
YDR220C	1	0	0	1	0	0
GTB1	1	0	1	0	0	0
YDR222W	1	0	0	1	0	0
CRF1	1	0	0	1	0	0
HTB1	0	1	1	0	0	0
HTA1	1	1	1	0	0	0
SIR4	0	0	1	0	0	1
PCF11	1	1	0	0	0	0
COX20	1	0	0	1	0	0
HEM1	1	0	0	1	0	0
RTN1	1	1	0	0	0	0
LYS4	0	0	1	0	0	1
PRP42	1	1	1	0	0	0
FMN1	1	0	0	1	0	0
MRPL7	0	1	1	0	0	0
SEC26	1	1	1	0	0	0
YDR239C	1	0	1	0	0	0
SNU56	1	1	1	0	0	0
AMD2	1	0	0	1	0	0
PRP28	1	0	1	0	0	0
PEX5	1	0	0	1	0	0
MNN10	1	1	0	0	0	0
TRS23	1	1	1	0	0	0
VHS1	1	0	0	1	0	0
YDR248C	1	0	1	0	0	0
YDR249C	1	0	0	1	0	0
PAM1	1	0	1	0	0	0
BTT1	1	0	1	0	0	0
MET32	1	0	0	1	0	0
CHL4	1	0	1	0	0	0
RMD5	1	0	1	0	0	0
CTA1	1	0	0	1	0	0
RKM4	1	0	0	1	0	0
HSP78	1	0	0	1	0	0
YAP6	1	0	0	1	0	0
SWM1	1	0	0	1	0	0
EXG2	1	0	0	1	0	0
YDR262W	1	0	0	1	0	0
DIN7	1	0	0	1	0	0
AKR1	0	1	1	0	0	0
PEX10	1	0	0	1	0	0
HEL2	1	0	1	0	0	0
MSW1	1	0	0	1	0	0
YDR269C	1	0	0	1	0	0
CCC2	1	0	1	0	0	0
YDR271C	1	0	0	1	0	0
GLO2	1	0	1	0	0	0
DON1	1	0	0	1	0	0
YDR274C	1	0	0	1	0	0
BSC2	0	0	1	0	0	1
PMP3	1	0	0	1	0	0
MTH1	1	0	0	1	0	0
RNH202	1	0	0	1	0	0
RRP45	1	1	1	0	0	0
PHM6	1	0	0	1	0	0
MRX10	1	0	0	1	0	0
GCN2	1	1	1	0	0	0
DPP1	1	0	0	1	0	0
ZIP1	1	0	0	1	0	0
YDR286C	1	0	0	1	0	0
INM2	1	0	0	1	0	0
NSE3	1	0	1	0	0	0
RTT103	1	0	1	0	0	0
YDR290W	1	0	0	1	0	0
HRQ1	1	0	1	0	0	0
SRP101	1	1	0	0	0	0
SSD1	1	0	1	0	0	0
DPL1	1	0	0	1	0	0
HDA2	1	1	0	0	0	0
MHR1	0	1	0	0	1	0
SUR2	1	0	0	1	0	0
ATP5	1	0	0	1	0	0
BFR2	1	1	1	0	0	0
PRO1	0	1	1	0	0	0
CFT1	1	1	1	0	0	0
GPI11	1	0	0	1	0	0
RSC3	1	1	1	0	0	0
CPR5	1	0	1	0	0	0
HNT2	1	0	0	1	0	0
PMT7	1	0	0	1	0	0
SRB7	0	1	1	0	0	0
GIC2	1	0	0	1	0	0
SUM1	1	0	1	0	0	0
TFB1	1	1	1	0	0	0
SSF2	1	0	1	0	0	0
PIB1	1	0	0	1	0	0
RAD34	1	1	1	0	0	0
IPK1	1	0	0	1	0	0
OMS1	1	0	0	1	0	0
HIM1	1	0	0	1	0	0
MCM21	1	0	1	0	0	0
YFT2	1	0	0	1	0	0
SWA2	1	0	1	0	0	0
ASP1	1	0	0	1	0	0
TIM11	0	0	1	0	0	1
MRPL35	1	1	1	0	0	0
UTP4	1	1	1	0	0	0
YCG1	1	0	1	0	0	0
YSP2	1	0	1	0	0	0
SKP1	0	1	1	0	0	0
PEX3	1	0	0	1	0	0
UBX5	1	0	1	0	0	0
GPI8	1	0	0	1	0	0
IRC3	1	0	1	0	0	0
SWR1	1	0	1	0	0	0
MSN5	1	1	0	0	0	0
MRX8	1	0	0	1	0	0
MRPS28	1	1	1	0	0	0
YDR338C	1	0	0	1	0	0
FCF1	1	0	0	1	0	0
YDR341C	1	0	0	1	0	0
HXT7	0	0	1	0	0	1
SVF1	1	1	1	0	0	0
MRP1	0	1	1	0	0	0
PAL1	1	1	1	0	0	0
YPS7	1	0	0	1	0	0
ATP22	1	0	0	1	0	0
SBE2	1	0	0	1	0	0
YPQ2	1	0	0	1	0	0
TRP4	1	0	1	0	0	0
SPC110	1	0	0	1	0	0
CNL1	1	0	1	0	0	0
GGA1	1	0	0	1	0	0
EAF1	1	1	0	0	0	0
OPI7	1	0	0	1	0	0
BCP1	1	1	1	0	0	0
TFC6	1	0	1	0	0	0
ESC2	1	0	0	1	0	0
SEM1	1	0	1	0	0	0
CDC40	1	1	0	0	0	0
ESF1	1	1	1	0	0	0
YPR1	1	0	0	1	0	0
XRS2	1	0	1	0	0	0
CTS2	1	0	0	1	0	0
VPS74	1	0	0	1	0	0
FRQ1	1	0	0	1	0	0
PHO92	1	0	1	0	0	0
BCS1	1	0	0	1	0	0
ARH1	1	0	0	1	0	0
LSM6	1	1	1	0	0	0
SDH6	1	0	0	1	0	0
RGA2	1	1	1	0	0	0
YDR381C-A	1	0	0	1	0	0
YRA1	0	1	1	0	0	0
RPP2B	1	1	0	0	0	0
NKP1	1	0	1	0	0	0
ATO3	1	0	0	1	0	0
EFT2	1	0	1	0	0	0
MUS81	1	0	0	1	0	0
YDR387C	1	0	0	1	0	0
RVS167	1	1	1	0	0	0
SAC7	1	0	0	1	0	0
UBA2	0	1	0	0	1	0
YDR391C	1	0	0	1	0	0
SPT3	1	1	1	0	0	0
SHE9	1	0	0	1	0	0
RPT3	1	1	1	0	0	0
SXM1	1	1	0	0	0	0
UTP5	1	0	1	0	0	0
HPT1	1	0	0	1	0	0
URH1	1	0	1	0	0	0
YDR401W	1	0	0	1	0	0
DIT2	1	0	0	1	0	0
DIT1	1	0	0	1	0	0
RPB7	1	1	1	0	0	0
MRP20	1	1	1	0	0	0
PDR15	0	0	1	0	0	1
TRS120	0	1	1	0	0	0
ADE8	1	0	1	0	0	0
SIZ1	1	0	1	0	0	0
DFM1	1	0	0	1	0	0
RRP17	0	0	1	0	0	1
ERD1	1	0	0	1	0	0
YDR415C	1	0	1	0	0	0
SYF1	1	1	1	0	0	0
RAD30	1	0	1	0	0	0
HKR1	1	0	0	1	0	0
SIP1	1	1	1	0	0	0
CAD1	1	0	0	1	0	0
DYN2	1	0	1	0	0	0
SNX41	1	1	0	0	0	0
YDR426C	1	0	0	1	0	0
RPN9	0	1	1	0	0	0
BNA7	1	0	0	1	0	0
TIF35	0	1	1	0	0	0
CYM1	1	1	0	0	0	0
YDR431W	1	0	0	1	0	0
NPL3	0	1	0	0	1	0
GPI17	1	1	0	0	0	0
PPM1	1	0	0	1	0	0
PPZ2	0	0	1	0	0	1
GPI19	1	0	0	1	0	0
THI74	1	0	0	1	0	0
LRS4	1	0	1	0	0	0
DOT1	1	0	1	0	0	0
APT2	1	0	0	1	0	0
SSN2	1	1	1	0	0	0
YDR444W	1	0	0	1	0	0
YDR445C	1	0	0	1	0	0
ECM11	1	0	0	1	0	0
RPS17B	1	1	0	0	0	0
ADA2	1	1	1	0	0	0
UTP6	1	1	1	0	0	0
RPS18A	1	1	0	0	0	0
YHP1	1	0	1	0	0	0
PPN1	1	0	1	0	0	0
TSA2	0	0	1	0	0	1
GUK1	1	0	1	0	0	0
YDR455C	1	0	0	1	0	0
NHX1	1	0	0	1	0	0
TOM1	1	1	1	0	0	0
PFA5	1	0	0	1	0	0
TFB3	1	0	1	0	0	0
MRPL28	1	1	1	0	0	0
STP1	1	0	1	0	0	0
RMT2	1	0	0	1	0	0
PKH3	0	0	1	0	0	1
SDC1	1	1	1	0	0	0
UGO1	1	0	1	0	0	0
RPL27B	1	0	0	1	0	0
TRS31	1	1	1	0	0	0
PRP3	1	1	1	0	0	0
YDR476C	1	0	0	1	0	0
SNF1	1	1	1	0	0	0
SNM1	1	0	1	0	0	0
PEX29	1	0	0	1	0	0
DIG2	1	0	1	0	0	0
CWC21	1	0	1	0	0	0
KRE2	1	0	0	1	0	0
VPS52	0	1	0	0	1	0
VPS72	1	0	1	0	0	0
VPS60	1	0	1	0	0	0
PAC11	1	0	1	0	0	0
SLD5	1	0	1	0	0	0
PKH1	1	0	1	0	0	0
YDR491C	1	0	0	1	0	0
IZH1	1	0	0	1	0	0
MZM1	1	0	0	1	0	0
RSM28	1	0	1	0	0	0
VPS3	0	0	1	0	0	1
PUF6	1	1	1	0	0	0
ITR1	1	0	0	1	0	0
SEC20	1	0	1	0	0	0
LCD1	0	1	1	0	0	0
RPL37B	1	0	1	0	0	0
PLM2	0	0	1	0	0	1
SAM2	1	1	1	0	0	0
SPG3	1	0	0	1	0	0
PSP1	1	0	0	1	0	0
GMC1	1	0	0	1	0	0
GIN4	1	1	1	0	0	0
GNP1	1	0	0	1	0	0
YDR509W	1	0	0	1	0	0
SMT3	1	0	1	0	0	0
SDH7	1	0	0	1	0	0
EMI1	1	0	0	1	0	0
GRX2	1	0	0	1	0	0
YDR514C	1	0	0	1	0	0
SLF1	1	0	1	0	0	0
EMI2	0	1	0	0	1	0
GRH1	1	1	1	0	0	0
EUG1	1	0	0	1	0	0
FPR2	0	0	1	0	0	1
URC2	1	0	1	0	0	0
SPS2	1	0	0	1	0	0
SPS1	0	0	1	0	0	1
AGE1	1	0	0	1	0	0
YDR524C-B	1	0	0	1	0	0
YDR524W-C	1	0	0	1	0	0
API2	1	0	0	1	0	0
SNA2	1	0	0	1	0	0
RBA50	1	0	0	1	0	0
HLR1	1	0	0	1	0	0
QCR7	1	0	0	1	0	0
APA2	1	0	0	1	0	0
CAB1	1	0	0	1	0	0
HSP31	1	0	1	0	0	0
FIT1	1	0	0	1	0	0
YDR535C	1	0	0	1	0	0
STL1	1	0	0	1	0	0
YDR537C	1	0	0	1	0	0
PAD1	1	0	1	0	0	0
FDC1	1	0	0	1	0	0
IRC4	1	0	0	1	0	0
YDR541C	1	0	0	1	0	0
PAU10	1	0	0	1	0	0
IRC22	0	0	1	0	0	1
WBP1	1	1	1	0	0	0
GIM4	1	0	1	0	0	0
YEA4	1	0	0	1	0	0
VAB2	0	0	1	0	0	1
YEA6	1	0	0	1	0	0
MIT1	1	0	0	1	0	0
UBC8	1	0	1	0	0	0
VAC8	0	0	1	0	0	1
EDC3	1	1	1	0	0	0
NPP2	0	0	1	0	0	1
GTT3	0	0	1	0	0	1
EAF5	1	1	1	0	0	0
MMS21	1	0	1	0	0	0
GEA2	0	1	0	0	1	0
YEL023C	0	0	1	0	0	1
RIP1	1	0	0	1	0	0
SNU13	1	0	1	0	0	0
VMA3	1	0	0	1	0	0
ECM10	1	0	1	0	0	0
SPF1	1	0	0	1	0	0
MCM3	1	0	0	1	0	0
HYP2	1	0	1	0	0	0
UTR5	1	0	0	1	0	0
ANP1	1	1	1	0	0	0
RAD23	1	0	1	0	0	0
CYC7	0	0	1	0	0	1
UTR2	1	0	1	0	0	0
YEF1	1	0	1	0	0	0
GDA1	1	0	0	1	0	0
YEL043W	1	0	1	0	0	0
IES6	0	0	1	0	0	1
FRD1	1	0	0	1	0	0
TCA17	1	0	0	1	0	0
PAU2	1	0	0	1	0	0
RML2	1	0	1	0	0	0
VMA8	1	1	1	0	0	0
MAK10	1	0	0	1	0	0
RPL12A	1	1	1	0	0	0
POL5	1	1	1	0	0	0
HAT2	0	1	1	0	0	0
YEL057C	0	0	1	0	0	1
SOM1	1	0	0	1	0	0
PRB1	1	0	1	0	0	0
CIN8	1	0	1	0	0	0
NPR2	1	0	0	1	0	0
SIT1	1	0	0	1	0	0
DSF1	1	0	1	0	0	0
RMD6	1	0	0	1	0	0
YEL073C	1	0	0	1	0	0
YEL076C	1	0	0	1	0	0
YEL077C	1	0	0	1	0	0
MNN1	1	0	1	0	0	0
NOP16	1	0	0	1	0	0
PMI40	1	0	1	0	0	0
FMP52	1	0	1	0	0	0
YND1	1	0	0	1	0	0
NUG1	1	1	1	0	0	0
TMA20	1	1	0	0	0	0
PAC2	0	0	1	0	0	1
SEC3	1	1	0	0	0	0
NTF2	1	0	0	1	0	0
YER010C	1	0	0	1	0	0
PRE1	0	1	1	0	0	0
PRP22	1	1	1	0	0	0
BIM1	1	0	1	0	0	0
AFG3	1	1	0	0	0	0
SPC25	1	0	0	1	0	0
SBH2	1	0	0	1	0	0
GPA2	0	0	1	0	0	1
RPN3	0	1	1	0	0	0
SRB4	1	1	1	0	0	0
PRO3	0	0	1	0	0	1
YAT2	1	0	0	1	0	0
GCD11	1	1	1	0	0	0
GAL83	1	1	1	0	0	0
MIG3	1	0	0	1	0	0
SMB1	0	1	1	0	0	0
CHZ1	1	0	1	0	0	0
YPT31	1	1	0	0	0	0
FIR1	1	0	1	0	0	0
ZRG8	1	0	1	0	0	0
YER034W	1	0	0	1	0	0
EDC2	1	0	1	0	0	0
ARB1	0	1	0	0	1	0
PHM8	1	0	0	1	0	0
KRE29	1	0	0	1	0	0
HVG1	1	0	0	1	0	0
YER039C-A	1	0	0	1	0	0
GLN3	0	0	1	0	0	1
YEN1	1	0	1	0	0	0
MXR1	1	0	0	1	0	0
SAH1	0	0	1	0	0	1
MEI4	1	0	0	1	0	0
ACA1	1	0	0	1	0	0
SPO73	1	0	0	1	0	0
YER046W-A	1	0	0	1	0	0
SAP1	1	0	0	1	0	0
CAJ1	1	0	1	0	0	0
ISD11	0	1	0	0	1	0
TPA1	1	0	1	0	0	0
RSM18	0	0	1	0	0	1
HOM3	1	0	0	1	0	0
PIC2	1	0	0	1	0	0
YER053C-A	1	0	0	1	0	0
GIP2	1	0	0	1	0	0
FCY2	1	0	0	1	0	0
PET117	1	0	0	1	0	0
PCL6	1	0	1	0	0	0
FCY21	1	0	1	0	0	0
CEM1	1	0	0	1	0	0
GPP2	1	0	0	1	0	0
THO1	1	0	1	0	0	0
VHR2	1	0	1	0	0	0
ICL1	0	0	1	0	0	1
RRT13	1	0	0	1	0	0
YER067C-A	1	0	0	1	0	0
RGI1	1	0	0	1	0	0
MOT2	0	0	1	0	0	1
"""ARG5,6"	0	0	1	0	0	1
RNR1	0	1	1	0	0	0
TDA2	1	1	1	0	0	0
VTC1	1	0	0	1	0	0
ALD5	1	0	0	1	0	0
RPS24A	1	0	0	1	0	0
PTP3	1	0	0	1	0	0
YER076C	1	0	0	1	0	0
MRX1	1	0	0	1	0	0
ICP55	1	0	0	1	0	0
YER078W-A	1	0	0	1	0	0
YER079W	1	0	0	1	0	0
AIM9	1	0	0	1	0	0
SER3	1	0	0	1	0	0
UTP7	1	1	0	0	0	0
GET2	1	0	1	0	0	0
YER084W	1	0	0	1	0	0
YER085C	1	0	0	1	0	0
ILV1	1	1	1	0	0	0
YER087C-A	1	0	0	1	0	0
SBH1	1	0	0	1	0	0
DOT6	1	0	1	0	0	0
PTC2	1	1	1	0	0	0
TRP2	1	1	1	0	0	0
MET6	1	1	1	0	0	0
YER091C-A	1	0	0	1	0	0
IES5	1	1	1	0	0	0
TSC11	1	0	0	1	0	0
AIM11	1	0	0	1	0	0
PUP3	1	1	1	0	0	0
RAD51	1	1	1	0	0	0
SHC1	1	0	0	1	0	0
YER097W	1	0	0	1	0	0
UBP9	1	0	1	0	0	0
PRS2	1	0	0	1	0	0
UBC6	1	0	0	1	0	0
AST2	1	0	0	1	0	0
RPS8B	1	0	0	1	0	0
SSA4	0	1	0	0	1	0
NUP157	1	0	0	1	0	0
MAM1	1	0	0	1	0	0
GLE2	1	1	1	0	0	0
FLO8	1	0	0	1	0	0
KAP123	1	1	1	0	0	0
SWI4	1	1	1	0	0	0
LSM4	0	1	1	0	0	0
TMN3	1	0	0	1	0	0
BOI2	1	1	0	0	0	0
SPR6	1	0	0	1	0	0
SLX8	1	0	1	0	0	0
RPL23B	1	0	0	1	0	0
SHO1	1	0	0	1	0	0
AVT6	1	0	0	1	0	0
YER119C-A	1	0	0	1	0	0
SCS2	1	1	1	0	0	0
YER121W	1	0	0	1	0	0
GLO3	0	0	1	0	0	1
YCK3	1	0	0	1	0	0
DSE1	1	0	0	1	0	0
RSP5	1	0	1	0	0	0
NSA2	0	1	0	0	1	0
LCP5	1	0	1	0	0	0
VFA1	1	0	0	1	0	0
SAK1	1	1	0	0	0	0
YER130C	1	0	0	1	0	0
RPS26B	1	0	1	0	0	0
PMD1	1	0	1	0	0	0
GLC7	1	1	1	0	0	0
YER134C	1	0	0	1	0	0
YER135C	1	0	0	1	0	0
GDI1	1	1	1	0	0	0
YER137C	1	0	0	1	0	0
RTR1	1	1	1	0	0	0
EMP65	1	0	0	1	0	0
MAG1	1	0	0	1	0	0
DDI1	1	0	1	0	0	0
UBP5	1	0	0	1	0	0
FTR1	1	0	1	0	0	0
LSM5	0	1	1	0	0	0
SCC4	1	0	1	0	0	0
SPT15	1	1	1	0	0	0
PEA2	1	0	1	0	0	0
UBP3	1	1	1	0	0	0
YER152C	1	0	0	1	0	0
PET122	1	0	0	1	0	0
OXA1	1	0	0	1	0	0
BEM2	1	1	1	0	0	0
YER156C	1	0	1	0	0	0
COG3	1	1	0	0	0	0
SPT2	1	0	1	0	0	0
RAD4	1	0	1	0	0	0
GCG1	1	0	0	1	0	0
CHD1	1	1	1	0	0	0
PAB1	1	1	0	0	0	0
DNF1	1	0	1	0	0	0
BCK2	1	0	0	1	0	0
CCA1	1	0	1	0	0	0
RPH1	1	0	0	1	0	0
ADK2	1	0	0	1	0	0
RAD3	0	1	1	0	0	0
BRR2	1	1	1	0	0	0
RAD24	1	0	0	1	0	0
GRX4	1	0	1	0	0	0
TMT1	1	0	0	1	0	0
YER175W-A	1	0	0	1	0	0
ECM32	1	0	0	1	0	0
BMH1	1	1	1	0	0	0
PDA1	1	1	1	0	0	0
DMC1	1	0	1	0	0	0
ISC10	1	0	0	1	0	0
FMP10	1	0	0	1	0	0
FAU1	1	0	0	1	0	0
YER184C	1	0	1	0	0	0
PUG1	1	0	0	1	0	0
YER186C	1	0	0	1	0	0
YER187W	1	0	0	1	0	0
YER188C-A	1	0	0	1	0	0
YER189W	1	0	0	1	0	0
DEG1	1	0	0	1	0	0
SPB4	0	1	1	0	0	0
MSH4	1	0	0	1	0	0
SEC4	1	0	0	1	0	0
BLM10	1	1	0	0	0	0
SMC1	1	1	1	0	0	0
CDC4	1	0	0	1	0	0
WWM1	1	0	0	1	0	0
AUA1	1	0	0	1	0	0
HXT10	1	0	0	1	0	0
YFL012W	1	0	0	1	0	0
IES1	1	1	1	0	0	0
YFL013W-A	1	0	0	1	0	0
HSP12	1	0	1	0	0	0
YFL015C	1	0	0	1	0	0
MDJ1	0	0	1	0	0	1
GNA1	1	0	1	0	0	0
SMX2	0	0	1	0	0	1
LPD1	0	1	0	0	1	0
YFL019C	1	0	0	1	0	0
PAU5	1	0	0	1	0	0
GAT1	1	0	1	0	0	0
FRS2	0	1	1	0	0	0
BUD27	1	0	0	1	0	0
EPL1	0	1	1	0	0	0
BST1	1	0	0	1	0	0
STE2	0	0	1	0	0	1
GYP8	1	0	0	1	0	0
CAF16	1	0	0	1	0	0
CAK1	1	0	1	0	0	0
HAC1	1	0	0	1	0	0
YFL032W	1	0	0	1	0	0
RIM15	1	0	1	0	0	0
MOB2	1	0	0	1	0	0
YFL034W	1	1	1	0	0	0
TUB2	1	1	1	0	0	0
YPT1	1	1	1	0	0	0
ACT1	1	1	0	0	0	0
FET5	1	0	1	0	0	0
YFL041W-A	1	0	0	1	0	0
LAM5	1	0	0	1	0	0
OTU1	1	0	1	0	0	0
SEC53	1	1	0	0	0	0
FMP32	1	0	0	1	0	0
RGD2	1	0	0	1	0	0
EMP47	1	0	0	1	0	0
SWP82	1	1	1	0	0	0
ALR2	1	0	0	1	0	0
YFL051C	1	0	0	1	0	0
YFL052W	1	0	0	1	0	0
DAK2	1	0	0	1	0	0
YFL054C	1	0	1	0	0	0
AAD6	1	0	0	1	0	0
YFL057C	1	0	0	1	0	0
DDI2	1	0	0	1	0	0
YFL064C	1	0	0	1	0	0
LOC1	0	1	1	0	0	0
NIC96	0	1	1	0	0	0
YPI1	0	0	1	0	0	1
RPN11	1	1	1	0	0	0
SAD1	1	0	0	1	0	0
YFR006W	1	1	0	0	0	0
YFH7	1	0	0	1	0	0
FAR7	1	0	1	0	0	0
GCN20	1	1	1	0	0	0
UBP6	1	1	1	0	0	0
MIC19	1	0	0	1	0	0
DCV1	1	0	0	1	0	0
IOC3	1	1	1	0	0	0
CMK1	1	0	1	0	0	0
GSY1	1	0	1	0	0	0
YFR016C	1	0	0	1	0	0
IGD1	1	0	1	0	0	0
YFR018C	1	0	0	1	0	0
FAB1	0	1	1	0	0	0
ATG18	1	0	0	1	0	0
ROG3	0	0	1	0	0	1
PES4	1	0	0	1	0	0
LSB3	1	1	1	0	0	0
HIS2	0	0	1	0	0	1
ULI1	1	0	0	1	0	0
ECO1	1	0	0	1	0	0
CDC14	1	1	1	0	0	0
MET10	1	1	1	0	0	0
SMC2	0	0	1	0	0	1
RPL2A	1	1	0	0	0	0
RRT5	1	0	1	0	0	0
RPL29	1	0	0	1	0	0
QCR6	1	0	0	1	0	0
PHO4	1	0	1	0	0	0
YFR035C	1	0	0	1	0	0
CDC26	1	0	1	0	0	0
RSC8	1	1	1	0	0	0
IRC5	1	0	0	1	0	0
OSW7	1	0	0	1	0	0
SAP155	1	1	1	0	0	0
ERJ5	1	0	0	1	0	0
IRC6	1	0	1	0	0	0
DUG1	1	1	1	0	0	0
YFR045W	1	0	0	1	0	0
CNN1	1	0	0	1	0	0
BNA6	1	0	0	1	0	0
RMD8	1	0	1	0	0	0
YMR31	1	1	0	0	0	0
PRE4	1	1	1	0	0	0
RET2	1	1	1	0	0	0
RPN12	1	1	1	0	0	0
HXK1	1	0	1	0	0	0
IRC7	1	0	1	0	0	0
YFR056C	1	0	0	1	0	0
YFR057W	1	0	0	1	0	0
ERG26	1	1	0	0	0	0
ERP6	1	0	0	1	0	0
CDH1	1	0	0	1	0	0
RPN14	1	0	1	0	0	0
COG7	1	1	0	0	0	0
PMC1	1	0	0	1	0	0
YGL006W-A	1	0	0	1	0	0
BRP1	1	0	0	1	0	0
PMA1	1	0	1	0	0	0
LEU1	0	0	1	0	0	1
YGL010W	1	0	0	1	0	0
SCL1	1	1	1	0	0	0
ERG4	1	0	0	1	0	0
PDR1	1	1	0	0	0	0
PUF4	1	0	1	0	0	0
YGL015C	1	0	0	1	0	0
KAP122	1	1	1	0	0	0
ATE1	1	0	1	0	0	0
CKB1	1	1	1	0	0	0
GET1	1	0	1	0	0	0
ALK1	1	0	0	1	0	0
STT3	1	1	1	0	0	0
PIB2	1	0	0	1	0	0
YGL024W	1	0	0	1	0	0
PGD1	0	1	1	0	0	0
CWH41	1	0	1	0	0	0
RPL30	0	1	0	0	1	0
RPL24A	1	1	0	0	0	0
AGA2	1	0	0	1	0	0
HOP2	1	0	0	1	0	0
YGL034C	1	0	0	1	0	0
MIG1	1	0	1	0	0	0
YGL036W	1	0	0	1	0	0
PNC1	1	0	0	1	0	0
YGL039W	0	1	1	0	0	0
YGL041C	1	0	0	1	0	0
YGL042C	1	0	0	1	0	0
DST1	1	0	1	0	0	0
RNA15	1	1	0	0	0	0
RIM8	1	0	1	0	0	0
ALG13	1	0	0	1	0	0
RPT6	1	1	1	0	0	0
TIF4632	0	1	1	0	0	0
TYW3	1	0	1	0	0	0
PRM8	1	0	0	1	0	0
ERV14	1	0	0	1	0	0
OLE1	1	0	1	0	0	0
SDS23	1	0	0	1	0	0
GEP7	1	0	0	1	0	0
RAD6	1	0	1	0	0	0
PKP2	1	0	0	1	0	0
YBP2	1	0	0	1	0	0
DUO1	1	0	1	0	0	0
PYC1	1	0	1	0	0	0
PUS2	0	0	1	0	0	1
MRH4	0	0	1	0	0	1
ALG2	1	0	0	1	0	0
SGF73	1	1	1	0	0	0
NPY1	1	0	1	0	0	0
MNP1	0	0	1	0	0	1
RPB9	0	1	1	0	0	0
AFT1	1	0	0	1	0	0
HSF1	1	0	1	0	0	0
RPL7A	0	1	0	0	1	0
HNM1	1	0	0	1	0	0
DBP3	1	0	1	0	0	0
KXD1	1	0	1	0	0	0
MPC1	1	0	0	1	0	0
YGL081W	1	0	0	1	0	0
YGL082W	1	0	1	0	0	0
GUP1	1	0	0	1	0	0
LCL3	1	0	0	1	0	0
MAD1	1	0	0	1	0	0
MMS2	1	0	1	0	0	0
LIF1	1	0	0	1	0	0
NBP35	1	0	0	1	0	0
NUP145	1	1	1	0	0	0
SPC105	1	0	0	1	0	0
PAN2	1	1	1	0	0	0
VPS45	1	0	1	0	0	0
TOS8	1	0	1	0	0	0
SRM1	1	0	1	0	0	0
USE1	1	1	0	0	0	0
LSG1	1	1	1	0	0	0
SEH1	0	1	1	0	0	0
YGL101W	1	0	0	1	0	0
RPL28	0	1	0	0	1	0
VPS73	1	0	0	1	0	0
ARC1	1	1	1	0	0	0
MLC1	0	1	1	0	0	0
YGL108C	1	0	1	0	0	0
YGL109W	1	0	0	1	0	0
CUE3	1	0	0	1	0	0
NSA1	1	1	0	0	0	0
TAF6	1	1	1	0	0	0
SLD3	1	0	1	0	0	0
YGL114W	1	0	0	1	0	0
SNF4	1	1	1	0	0	0
CDC20	1	0	1	0	0	0
YGL117W	1	0	0	1	0	0
YGL118C	1	0	0	1	0	0
COQ8	1	0	0	1	0	0
PRP43	1	1	1	0	0	0
GPG1	1	0	1	0	0	0
NAB2	0	0	1	0	0	1
MON1	1	0	1	0	0	0
MET13	1	0	1	0	0	0
SCS3	1	0	0	1	0	0
SOH1	1	0	1	0	0	0
CWC23	0	1	1	0	0	0
RSM23	0	1	1	0	0	0
CEG1	1	1	0	0	0	0
SNT2	0	0	1	0	0	1
YGL132W	1	0	0	1	0	0
ITC1	1	1	1	0	0	0
PCL10	0	0	1	0	0	1
MRM2	1	0	0	1	0	0
SEC27	1	1	1	0	0	0
YGL138C	1	0	0	1	0	0
FLC3	1	0	0	1	0	0
YGL140C	1	0	1	0	0	0
HUL5	1	0	1	0	0	0
GPI10	1	0	0	1	0	0
MRF1	0	0	1	0	0	1
ROG1	1	0	0	1	0	0
TIP20	1	1	0	0	0	0
RRT6	1	0	0	1	0	0
RPL9A	1	1	0	0	0	0
ARO2	1	0	0	1	0	0
YGL149W	1	0	0	1	0	0
INO80	0	1	1	0	0	0
NUT1	1	1	1	0	0	0
YGL152C	1	0	0	1	0	0
PEX14	1	0	0	1	0	0
LYS5	0	1	0	0	1	0
CDC43	1	0	0	1	0	0
AMS1	1	1	0	0	0	0
ARI1	1	0	1	0	0	0
RCK1	1	0	0	1	0	0
YGL159W	1	0	0	1	0	0
AIM14	1	0	0	1	0	0
YIP5	1	0	1	0	0	0
SUT1	1	0	0	1	0	0
RAD54	1	0	0	1	0	0
YRB30	1	0	0	1	0	0
YGL165C	1	0	0	1	0	0
CUP2	1	0	1	0	0	0
PMR1	1	1	1	0	0	0
HUR1	1	0	0	1	0	0
SUA5	1	0	0	1	0	0
SPO74	1	0	0	1	0	0
ROK1	0	1	1	0	0	0
NUP49	0	0	1	0	0	1
XRN1	1	1	0	0	0	0
BUD13	1	0	1	0	0	0
SAE2	1	0	1	0	0	0
YGL176C	1	0	0	1	0	0
YGL177W	1	0	0	1	0	0
MPT5	1	0	1	0	0	0
TOS3	1	0	0	1	0	0
ATG1	1	0	0	1	0	0
GTS1	1	0	1	0	0	0
MND1	1	0	0	1	0	0
STR3	1	0	0	1	0	0
TPN1	1	0	0	1	0	0
COX4	1	0	1	0	0	0
CDC55	0	1	1	0	0	0
IME4	1	0	0	1	0	0
HOS2	1	1	0	0	0	0
GCN1	1	1	1	0	0	0
DSD1	1	0	0	1	0	0
MDS3	1	1	1	0	0	0
YIP4	1	0	0	1	0	0
YGL199C	1	0	0	1	0	0
EMP24	1	1	1	0	0	0
MCM6	0	0	1	0	0	1
ARO8	1	0	0	1	0	0
KEX1	1	0	1	0	0	0
POX1	1	0	0	1	0	0
CHC1	0	1	1	0	0	0
SPT16	1	1	1	0	0	0
SIP2	1	1	1	0	0	0
MIG2	1	0	0	1	0	0
YPT32	1	0	0	1	0	0
NCS6	1	0	0	1	0	0
VAM7	1	0	0	1	0	0
SKI8	1	1	1	0	0	0
CLG1	1	0	1	0	0	0
KIP3	1	0	0	1	0	0
YGL217C	1	0	0	1	0	0
BOL2	1	0	1	0	0	0
NIF3	1	0	0	1	0	0
EDC1	1	0	0	1	0	0
COG1	0	1	0	0	1	0
SDT1	1	0	0	1	0	0
OST5	1	0	0	1	0	0
MTC3	1	0	0	1	0	0
VID30	1	0	1	0	0	0
SHE10	1	0	0	1	0	0
SAP4	1	0	1	0	0	0
EMC4	1	0	0	1	0	0
TAN1	1	1	1	0	0	0
SEC15	1	1	0	0	0	0
"""ADE5,7"	1	1	1	0	0	0
YGL235W	1	0	0	1	0	0
MTO1	1	0	0	1	0	0
HAP2	1	0	0	1	0	0
CSE1	1	1	1	0	0	0
DOC1	0	0	1	0	0	1
KAP114	1	1	1	0	0	0
YGL242C	1	0	1	0	0	0
TAD1	1	0	0	1	0	0
RTF1	1	1	1	0	0	0
GUS1	1	1	1	0	0	0
RAI1	0	1	1	0	0	0
BRR6	1	0	0	1	0	0
PDE1	1	0	0	1	0	0
ZIP2	1	0	0	1	0	0
RMR1	1	0	0	1	0	0
HFM1	1	0	1	0	0	0
RTG2	1	1	1	0	0	0
HXK2	1	0	1	0	0	0
FZF1	1	0	0	1	0	0
ADH4	1	0	0	1	0	0
MNT2	1	0	0	1	0	0
VEL1	1	0	0	1	0	0
YGL258W-A	1	0	0	1	0	0
YPS5	1	0	0	1	0	0
YGL260W	1	0	0	1	0	0
PAU11	1	0	0	1	0	0
YGL262W	1	0	0	1	0	0
COS12	1	0	0	1	0	0
EFM5	1	0	0	1	0	0
SWC4	1	0	1	0	0	0
CUL3	1	0	1	0	0	0
PEX31	1	0	0	1	0	0
TFG2	1	1	1	0	0	0
PRP18	1	0	1	0	0	0
ECT1	1	0	0	1	0	0
STF2	1	0	0	1	0	0
SEC9	1	0	0	1	0	0
NMA2	1	0	0	1	0	0
YGR011W	1	0	0	1	0	0
YGR012W	1	0	1	0	0	0
SNU71	1	1	1	0	0	0
MSB2	1	0	0	1	0	0
YGR016W	1	0	0	1	0	0
YGR017W	1	1	0	0	0	0
YGR018C	1	0	0	1	0	0
VMA7	0	1	1	0	0	0
YGR021W	1	0	0	1	0	0
YGR022C	1	0	0	1	0	0
MTL1	1	0	0	1	0	0
YGR025W	1	0	0	1	0	0
RPS25A	1	1	0	0	0	0
MSP1	1	0	0	1	0	0
POP6	0	0	1	0	0	1
IMO32	1	0	1	0	0	0
GSC2	1	0	1	0	0	0
TIM21	1	0	1	0	0	0
RPL26B	1	1	0	0	0	0
YGR035C	1	0	0	1	0	0
YGR035W-A	1	0	0	1	0	0
ACB1	1	0	1	0	0	0
ORM1	1	0	0	1	0	0
YGR039W	1	0	0	1	0	0
KSS1	1	0	0	1	0	0
BUD9	1	0	1	0	0	0
YGR042W	1	0	0	1	0	0
NQM1	1	0	1	0	0	0
RME1	1	0	0	1	0	0
YGR045C	1	0	0	1	0	0
TFC4	1	0	1	0	0	0
UFD1	1	1	1	0	0	0
SCM4	1	0	0	1	0	0
YGR050C	1	0	0	1	0	0
YGR051C	1	0	0	1	0	0
FMP48	1	0	1	0	0	0
YGR053C	1	0	0	1	0	0
YGR054W	1	1	1	0	0	0
MUP1	1	0	0	1	0	0
RSC1	0	1	1	0	0	0
LST7	1	0	0	1	0	0
PEF1	1	0	0	1	0	0
SPR3	1	0	0	1	0	0
ERG25	1	0	0	1	0	0
ADE6	1	0	1	0	0	0
COX18	1	0	1	0	0	0
SPT4	0	1	1	0	0	0
VHT1	1	0	0	1	0	0
YGR067C	0	0	1	0	0	1
ART5	1	0	1	0	0	0
ROM1	1	0	0	1	0	0
ENV11	1	0	1	0	0	0
UPF3	1	0	1	0	0	0
SMD1	1	1	1	0	0	0
PRP38	1	1	1	0	0	0
MRPL25	0	0	1	0	0	1
PEX8	1	0	0	1	0	0
PAC10	1	0	1	0	0	0
YGR079W	1	0	0	1	0	0
TWF1	1	0	0	1	0	0
SLX9	1	1	1	0	0	0
GCD2	1	1	1	0	0	0
MRP13	1	1	1	0	0	0
RPL11B	1	1	0	0	0	0
PIL1	1	1	1	0	0	0
PDC6	1	0	1	0	0	0
CTT1	1	0	0	1	0	0
NNF2	1	0	0	1	0	0
UTP22	0	1	1	0	0	0
PRP31	1	1	1	0	0	0
DBF2	1	0	0	1	0	0
DRN1	1	0	1	0	0	0
VAS1	1	1	0	0	0	0
RRP46	0	1	1	0	0	0
TPC1	1	0	0	1	0	0
ASK10	1	0	1	0	0	0
ESP1	1	0	1	0	0	0
TEL2	1	0	0	1	0	0
MDR1	1	0	0	1	0	0
PCP1	1	0	0	1	0	0
GTF1	1	0	0	1	0	0
NOP7	1	1	1	0	0	0
SRB5	0	1	1	0	0	0
VMA21	1	0	0	1	0	0
VOA1	1	0	0	1	0	0
YGR107W	1	0	0	1	0	0
CLB1	1	0	1	0	0	0
CLB6	1	0	0	1	0	0
CLD1	1	0	0	1	0	0
YGR111W	1	0	0	1	0	0
SHY1	1	0	0	1	0	0
DAM1	1	0	1	0	0	0
SPT6	0	1	1	0	0	0
YGR117C	1	0	0	1	0	0
RPS23A	1	0	0	1	0	0
NUP57	1	1	1	0	0	0
COG2	1	1	0	0	0	0
MEP1	1	0	0	1	0	0
YGR122C-A	1	0	0	1	0	0
YGR122W	1	0	0	1	0	0
PPT1	1	0	1	0	0	0
ASN2	0	0	1	0	0	1
YGR125W	1	0	0	1	0	0
YGR126W	1	0	1	0	0	0
YGR127W	1	0	0	1	0	0
UTP8	0	1	1	0	0	0
SYF2	1	0	1	0	0	0
YGR130C	1	1	1	0	0	0
FHN1	1	0	0	1	0	0
PHB1	1	1	0	0	0	0
PEX4	1	0	0	1	0	0
CAF130	1	1	1	0	0	0
PRE9	1	1	1	0	0	0
LSB1	1	0	1	0	0	0
YGR137W	1	0	0	1	0	0
TPO2	1	0	0	1	0	0
CBF2	1	0	1	0	0	0
VPS62	1	0	0	1	0	0
BTN2	1	0	0	1	0	0
SKN1	1	1	0	0	0	0
THI4	1	0	0	1	0	0
ENP2	1	1	1	0	0	0
ECL1	1	0	0	1	0	0
RPL24B	1	0	0	1	0	0
YGR149W	1	0	0	1	0	0
YGR151C	1	0	0	1	0	0
YGR153W	1	0	0	1	0	0
GTO1	1	0	0	1	0	0
CYS4	1	1	1	0	0	0
PTI1	1	1	1	0	0	0
CHO2	1	0	0	1	0	0
MTR3	1	1	1	0	0	0
RTS3	1	1	1	0	0	0
TIF4631	0	1	1	0	0	0
GTR2	1	0	0	1	0	0
YGR164W	1	0	0	1	0	0
MRPS35	0	1	1	0	0	0
TRS65	1	1	0	0	0	0
CLC1	0	1	1	0	0	0
YGR168C	1	0	0	1	0	0
PUS6	1	0	0	1	0	0
LSO2	1	0	0	1	0	0
PSD2	1	1	1	0	0	0
MSM1	0	0	1	0	0	1
YIP1	1	0	0	1	0	0
RBG2	1	0	1	0	0	0
CBP4	1	0	0	1	0	0
ERG1	0	1	0	0	1	0
ATF2	0	0	1	0	0	1
PBP1	1	1	0	0	0	0
OKP1	1	0	1	0	0	0
RNR4	1	1	1	0	0	0
TIM13	1	0	0	1	0	0
YGR182C	1	0	0	1	0	0
QCR9	1	0	0	1	0	0
UBR1	1	0	0	1	0	0
TYS1	1	0	1	0	0	0
TFG1	1	1	1	0	0	0
HGH1	1	1	1	0	0	0
BUB1	0	0	1	0	0	1
CRH1	1	0	0	1	0	0
TDH3	1	1	0	0	0	0
PDX1	1	1	0	0	0	0
XKS1	1	0	0	1	0	0
SKI6	1	1	1	0	0	0
FYV8	1	0	0	1	0	0
SNG1	1	0	0	1	0	0
YPP1	1	0	1	0	0	0
PMT6	1	0	0	1	0	0
ELP2	1	1	1	0	0	0
PCT1	1	0	1	0	0	0
YCH1	1	0	0	1	0	0
YGR204C-A	1	0	0	1	0	0
ADE3	0	1	1	0	0	0
TDA10	1	0	0	1	0	0
MVB12	1	0	0	1	0	0
CIR1	1	0	1	0	0	0
SER2	1	0	0	1	0	0
TRX2	1	0	1	0	0	0
YGR210C	1	0	0	1	0	0
ZPR1	1	0	1	0	0	0
RPS0A	1	1	0	0	0	0
RSM27	0	1	1	0	0	0
GPI1	1	0	0	1	0	0
CCH1	1	0	0	1	0	0
CRM1	1	1	0	0	0	0
MRPL9	0	1	1	0	0	0
TOS2	1	0	0	1	0	0
PET54	1	0	0	1	0	0
HSV2	1	0	1	0	0	0
AZR1	1	0	0	1	0	0
AMA1	1	0	0	1	0	0
YGR226C	1	0	0	1	0	0
DIE2	1	0	0	1	0	0
YGR228W	1	0	0	1	0	0
SMI1	1	0	1	0	0	0
BNS1	1	0	0	1	0	0
PHB2	1	1	1	0	0	0
NAS6	1	1	1	0	0	0
PHO81	1	1	1	0	0	0
YHB1	1	1	0	0	0	0
SPG1	1	0	0	1	0	0
YGR237C	1	0	1	0	0	0
KEL2	1	0	1	0	0	0
PEX21	1	0	0	1	0	0
PFK1	0	1	1	0	0	0
YGR240C-A	1	0	0	1	0	0
YAP1802	1	0	0	1	0	0
YGR242W	1	0	0	1	0	0
MPC3	1	0	0	1	0	0
LSC2	1	0	1	0	0	0
SDA1	1	1	1	0	0	0
BRF1	0	0	1	0	0	1
CPD1	1	0	0	1	0	0
SOL4	1	0	1	0	0	0
MGA1	1	0	0	1	0	0
YGR250C	1	1	1	0	0	0
NOP19	0	0	1	0	0	1
GCN5	0	1	1	0	0	0
PUP2	1	0	1	0	0	0
ENO1	1	1	0	0	0	0
COQ6	1	0	1	0	0	0
GND2	1	0	1	0	0	0
YGR259C	1	0	0	1	0	0
TNA1	1	0	0	1	0	0
APL6	1	1	1	0	0	0
BUD32	1	0	1	0	0	0
SAY1	1	0	1	0	0	0
MES1	1	1	1	0	0	0
YGR266W	1	0	1	0	0	0
FOL2	0	0	1	0	0	1
HUA1	1	0	0	1	0	0
YGR269W	1	0	0	1	0	0
YTA7	1	0	0	1	0	0
SLH1	1	0	0	1	0	0
YGR273C	1	0	0	1	0	0
TAF1	1	1	0	0	0	0
RTT102	1	1	1	0	0	0
RNH70	1	0	0	1	0	0
CAB4	1	0	0	1	0	0
CWC22	1	1	1	0	0	0
SCW4	1	0	0	1	0	0
YOR1	1	1	1	0	0	0
BGL2	1	0	0	1	0	0
YGR283C	1	0	1	0	0	0
ERV29	1	0	0	1	0	0
ZUO1	0	1	1	0	0	0
BIO2	1	0	1	0	0	0
MAL11	1	0	0	1	0	0
YGR291C	1	0	0	1	0	0
MAL12	1	0	0	1	0	0
PAU12	1	0	0	1	0	0
COS6	1	0	0	1	0	0
RPL14B	0	1	0	0	1	0
HSE1	1	0	1	0	0	0
LAG1	1	0	0	1	0	0
MRP4	0	1	1	0	0	0
SHU1	1	0	0	1	0	0
STE20	0	0	1	0	0	1
YHL008C	1	0	1	0	0	0
ETP1	1	0	0	1	0	0
PRS3	0	1	0	0	1	0
YHL012W	1	0	0	1	0	0
OTU2	1	0	0	1	0	0
YLF2	1	0	1	0	0	0
RPS20	0	1	0	0	1	0
YHL015W-A	1	0	0	1	0	0
DUR3	1	0	0	1	0	0
YHL017W	1	0	0	1	0	0
YHL018W	1	0	0	1	0	0
APM2	1	1	1	0	0	0
OPI1	1	1	0	0	0	0
AIM17	1	0	0	1	0	0
SPO11	1	0	0	1	0	0
NPR3	1	0	0	1	0	0
RIM4	1	0	1	0	0	0
SNF6	1	1	1	0	0	0
YHL026C	1	0	0	1	0	0
RIM101	1	0	0	1	0	0
WSC4	1	0	0	1	0	0
OCA5	1	0	0	1	0	0
ECM29	1	1	1	0	0	0
GUT1	1	0	1	0	0	0
RPL8A	1	1	0	0	0	0
SBP1	1	1	1	0	0	0
CBP2	1	0	0	1	0	0
EFM1	1	0	1	0	0	0
ARN1	1	0	0	1	0	0
YHL041W	1	0	0	1	0	0
YHL042W	1	0	0	1	0	0
ECM34	1	0	0	1	0	0
YHL044W	1	0	0	1	0	0
PAU13	1	0	0	1	0	0
ARN2	1	0	0	1	0	0
YHL048C-A	1	0	0	1	0	0
QCR10	1	0	0	1	0	0
LEU5	1	0	0	1	0	0
TCD1	1	0	0	1	0	0
NEM1	1	0	0	1	0	0
STP2	1	0	0	1	0	0
ERG11	1	0	1	0	0	0
YHR007C-A	1	0	0	1	0	0
SOD2	1	0	1	0	0	0
TDA3	1	0	0	1	0	0
RPL27A	0	1	0	0	1	0
DIA4	1	0	1	0	0	0
VPS29	1	1	1	0	0	0
ARD1	0	0	1	0	0	1
MIP6	1	0	0	1	0	0
YSC84	1	0	0	1	0	0
YSC83	1	0	0	1	0	0
DED81	1	1	0	0	0	0
YHR020W	1	1	0	0	0	0
ECM12	1	0	0	1	0	0
YHR022C	1	0	0	1	0	0
MYO1	0	1	1	0	0	0
MAS2	1	1	0	0	0	0
THR1	0	0	1	0	0	1
RPN1	1	1	1	0	0	0
DAP2	1	0	0	1	0	0
YHI9	1	1	1	0	0	0
SLT2	1	0	0	1	0	0
RRM3	1	0	0	1	0	0
ERC1	1	0	0	1	0	0
YHR033W	1	0	0	1	0	0
PIH1	1	0	1	0	0	0
YHR035W	1	0	1	0	0	0
BRL1	1	0	1	0	0	0
PUT2	1	0	0	1	0	0
RRF1	1	0	0	1	0	0
MSC7	1	0	1	0	0	0
VMA10	0	1	1	0	0	0
BCD1	1	0	0	1	0	0
SRB2	1	1	1	0	0	0
NCP1	0	0	1	0	0	1
DOG2	1	0	0	1	0	0
DOG1	1	0	0	1	0	0
YHR045W	1	0	0	1	0	0
INM1	1	0	1	0	0	0
AAP1	1	0	0	1	0	0
YHK8	1	0	0	1	0	0
FSH1	1	0	0	1	0	0
SMF2	1	0	0	1	0	0
CIC1	0	1	1	0	0	0
YHR054C	0	0	1	0	0	1
CUP1-2	1	0	0	1	0	0
RSC30	0	1	0	0	1	0
CPR2	1	0	0	1	0	0
MED6	1	1	1	0	0	0
FYV4	1	0	1	0	0	0
GIC1	1	0	1	0	0	0
RPP1	1	1	1	0	0	0
SSZ1	0	1	1	0	0	0
RRP3	1	0	1	0	0	0
SSF1	1	0	1	0	0	0
HTD2	1	0	1	0	0	0
DYS1	1	0	0	1	0	0
RRP4	1	1	1	0	0	0
TRM5	0	0	1	0	0	1
PCL5	1	0	0	1	0	0
ERG7	1	0	0	1	0	0
NOP10	0	0	1	0	0	1
OSH3	1	0	1	0	0	0
QNS1	1	0	1	0	0	0
PPE1	1	0	0	1	0	0
PTC7	0	0	1	0	0	1
NMD2	1	0	1	0	0	0
YHR078W	1	0	0	1	0	0
IRE1	1	0	1	0	0	0
LAM4	1	0	0	1	0	0
LRP1	1	1	1	0	0	0
KSP1	1	0	1	0	0	0
SAM35	1	0	0	1	0	0
STE12	0	0	1	0	0	1
IPI1	1	1	0	0	0	0
NAM8	1	1	1	0	0	0
YHR086W-A	1	0	0	1	0	0
RPF1	1	1	0	0	0	0
GAR1	0	0	1	0	0	1
YNG2	0	0	1	0	0	1
HXT4	1	0	0	1	0	0
HXT1	1	0	0	1	0	0
HXT5	1	0	0	1	0	0
YHR097C	1	0	1	0	0	0
SFB3	1	0	0	1	0	0
TRA1	0	1	1	0	0	0
BIG1	1	0	0	1	0	0
KIC1	0	0	1	0	0	1
SBE22	1	0	0	1	0	0
GRE3	1	0	0	1	0	0
YPT35	1	0	0	1	0	0
TRR2	1	0	0	1	0	0
CDC12	1	1	1	0	0	0
GGA2	1	0	0	1	0	0
CTM1	1	0	0	1	0	0
ERP5	1	1	0	0	0	0
UBA4	1	0	1	0	0	0
YHR112C	1	0	0	1	0	0
APE4	1	0	0	1	0	0
BZZ1	1	1	1	0	0	0
COX23	1	0	0	1	0	0
TOM71	1	0	0	1	0	0
ORC6	1	1	1	0	0	0
SET1	1	1	1	0	0	0
LSM12	1	1	1	0	0	0
YHR122W	1	0	0	1	0	0
EPT1	1	0	0	1	0	0
NDT80	1	0	1	0	0	0
YHR125W	1	0	0	1	0	0
ANS1	1	0	0	1	0	0
YHR127W	1	0	1	0	0	0
FUR1	0	1	0	0	1	0
ARP1	1	0	0	1	0	0
YHR130C	1	0	0	1	0	0
YHR131C	1	0	1	0	0	0
ECM14	1	0	0	1	0	0
IGO2	1	0	0	1	0	0
NSG1	1	0	0	1	0	0
WSS1	1	0	0	1	0	0
YCK1	1	0	0	1	0	0
SPL2	1	0	0	1	0	0
ARO9	1	0	1	0	0	0
YHR138C	1	0	1	0	0	0
SPS100	1	0	0	1	0	0
YHR139C-A	1	0	0	1	0	0
YHR140W	1	0	0	1	0	0
CHS7	1	0	0	1	0	0
DSE2	1	0	0	1	0	0
RPC10	0	0	1	0	0	1
DCD1	1	0	0	1	0	0
CRP1	1	0	0	1	0	0
MRPL6	0	1	0	0	1	0
IMP3	0	1	0	0	1	0
PEX28	1	0	0	1	0	0
MTC6	1	0	0	1	0	0
SPO12	1	0	0	1	0	0
SPO16	1	0	0	1	0	0
RTT107	1	0	0	1	0	0
LAM1	1	0	1	0	0	0
LIN1	1	1	1	0	0	0
REC104	1	0	0	1	0	0
KEL1	1	1	1	0	0	0
TDA11	1	0	0	1	0	0
PEX18	1	0	0	1	0	0
YAP1801	1	0	1	0	0	0
MPC2	1	0	0	1	0	0
SOL3	1	0	0	1	0	0
DNA2	1	1	1	0	0	0
PRP8	0	1	1	0	0	0
CDC23	1	1	1	0	0	0
THP2	1	1	1	0	0	0
DBP8	0	1	1	0	0	0
NMD3	1	1	1	0	0	0
ATG7	1	0	0	1	0	0
SPC97	1	1	1	0	0	0
ENO2	1	1	0	0	0	0
FMO1	1	0	0	1	0	0
STB5	1	0	0	1	0	0
OYE2	1	1	1	0	0	0
YHR180W	1	0	0	1	0	0
SVP26	1	0	0	1	0	0
YHR182W	1	0	1	0	0	0
GND1	0	0	1	0	0	1
SSP1	1	0	0	1	0	0
PFS1	1	0	1	0	0	0
KOG1	1	0	0	1	0	0
IKI1	1	1	1	0	0	0
GPI16	1	0	0	1	0	0
PTH1	1	0	0	1	0	0
ERG9	1	0	0	1	0	0
CTF8	1	0	1	0	0	0
LNP1	1	0	0	1	0	0
EGD2	1	0	1	0	0	0
NVJ1	1	0	0	1	0	0
UTP9	1	1	1	0	0	0
RIX1	1	1	0	0	0	0
AIM18	1	0	0	1	0	0
NBL1	1	0	0	1	0	0
RPN10	1	1	1	0	0	0
YHR202W	1	0	0	1	0	0
RPS4B	1	0	0	1	0	0
MNL1	0	0	1	0	0	1
SCH9	1	0	0	1	0	0
SKN7	1	0	0	1	0	0
SET5	1	0	0	1	0	0
BAT1	1	1	0	0	0	0
CRG1	1	0	0	1	0	0
YHR210C	1	0	0	1	0	0
YHR212W-A	1	0	0	1	0	0
PHO12	1	0	0	1	0	0
IMD2	0	1	1	0	0	0
YIL001W	1	0	0	1	0	0
INP51	1	0	0	1	0	0
YIL002W-A	1	0	0	1	0	0
CFD1	1	0	0	1	0	0
BET1	1	0	0	1	0	0
EPS1	1	0	0	1	0	0
YIA6	1	0	0	1	0	0
NAS2	1	0	1	0	0	0
URM1	1	0	0	1	0	0
EST3	1	0	0	1	0	0
DOT5	1	0	0	1	0	0
PDR11	1	0	0	1	0	0
MNT3	1	0	0	1	0	0
BAR1	1	0	1	0	0	0
SNL1	1	0	0	1	0	0
VID28	1	0	1	0	0	0
FAF1	1	0	0	1	0	0
HIS6	0	0	1	0	0	1
RPB3	0	1	1	0	0	0
TIM44	1	1	0	0	0	0
YKE4	1	0	0	1	0	0
YIL024C	1	0	0	1	0	0
YIL025C	1	0	0	1	0	0
IRR1	1	0	1	0	0	0
EMC5	1	0	0	1	0	0
YIL028W	1	0	0	1	0	0
YIL029C	1	0	0	1	0	0
SSM4	1	0	0	1	0	0
YIL032C	1	0	0	1	0	0
BCY1	1	0	1	0	0	0
CAP2	1	1	1	0	0	0
CKA1	1	1	1	0	0	0
CST6	1	0	1	0	0	0
PRM2	1	0	0	1	0	0
NOT3	1	0	1	0	0	0
TED1	1	0	1	0	0	0
APQ12	1	0	0	1	0	0
GVP36	1	0	1	0	0	0
PKP1	1	0	0	1	0	0
CBR1	1	0	1	0	0	0
AGE2	1	0	0	1	0	0
PIG2	1	0	1	0	0	0
MET30	1	0	1	0	0	0
YIL046W-A	1	0	0	1	0	0
SYG1	1	0	1	0	0	0
NEO1	1	0	0	1	0	0
PCL7	1	0	1	0	0	0
MMF1	0	0	1	0	0	1
GPP1	1	0	0	1	0	0
YIL054W	1	0	0	1	0	0
YIL055C	1	0	0	1	0	0
VHR1	1	0	1	0	0	0
RGI2	1	0	0	1	0	0
YIL058W	1	0	0	1	0	0
YIL059C	1	0	0	1	0	0
SNP1	0	1	1	0	0	0
ARC15	1	1	1	0	0	0
YRB2	0	0	1	0	0	1
EFM4	1	0	0	1	0	0
FIS1	1	0	0	1	0	0
RNR3	1	0	1	0	0	0
YIL067C	1	0	1	0	0	0
SEC6	1	1	1	0	0	0
RPS24B	1	1	1	0	0	0
MAM33	0	1	1	0	0	0
PCI8	1	1	1	0	0	0
HOP1	1	0	0	1	0	0
SPO22	1	0	0	1	0	0
SER33	1	1	0	0	0	0
RPN2	0	1	1	0	0	0
SEC28	1	1	1	0	0	0
YIL077C	1	0	0	1	0	0
THS1	0	1	0	0	1	0
AIR1	1	0	1	0	0	0
SDS3	1	1	1	0	0	0
KTR7	1	0	0	1	0	0
YIL086C	1	0	0	1	0	0
AVT7	1	0	0	1	0	0
YIL089W	1	0	0	1	0	0
ICE2	1	0	0	1	0	0
UTP25	1	0	1	0	0	0
YIL092W	1	0	0	1	0	0
RSM25	0	1	1	0	0	0
LYS12	0	1	1	0	0	0
PRK1	1	0	1	0	0	0
BMT5	1	0	1	0	0	0
FYV10	1	0	1	0	0	0
FMC1	1	0	1	0	0	0
SGA1	1	0	1	0	0	0
YIL100W	1	0	0	1	0	0
XBP1	1	0	1	0	0	0
YIL102C	1	0	0	1	0	0
DPH1	1	1	0	0	0	0
SHQ1	1	1	0	0	0	0
SLM1	1	0	1	0	0	0
MOB1	1	0	0	1	0	0
PFK26	1	0	1	0	0	0
YIL108W	1	0	1	0	0	0
SEC24	1	1	1	0	0	0
HPM1	1	0	0	1	0	0
COX5B	1	0	0	1	0	0
HOS4	1	1	1	0	0	0
SDP1	1	0	0	1	0	0
POR2	1	0	0	1	0	0
NUP159	1	1	1	0	0	0
PRM5	1	0	0	1	0	0
RHO3	1	0	0	1	0	0
RPI1	1	0	0	1	0	0
QDR1	1	0	0	1	0	0
QDR2	0	0	1	0	0	1
POG1	1	0	0	1	0	0
SIM1	1	0	0	1	0	0
AYR1	1	0	0	1	0	0
KGD1	1	1	1	0	0	0
STH1	0	1	1	0	0	0
RRT14	1	0	1	0	0	0
MET18	1	1	0	0	0	0
TAO3	1	1	0	0	0	0
ASG1	1	0	0	1	0	0
FKH1	1	0	0	1	0	0
CSM2	1	0	0	1	0	0
RPL16A	1	1	0	0	0	0
YIL134C-A	1	0	0	1	0	0
FLX1	1	0	0	1	0	0
VHS2	1	0	1	0	0	0
OM45	1	0	0	1	0	0
TMA108	1	0	1	0	0	0
TPM2	1	0	0	1	0	0
REV7	1	0	0	1	0	0
AXL2	1	0	0	1	0	0
YIL141W	1	0	0	1	0	0
CCT2	1	1	1	0	0	0
NDC80	1	0	0	1	0	0
PAN6	1	0	0	1	0	0
ATG32	1	0	0	1	0	0
SLN1	1	0	1	0	0	0
RPL40A	1	0	1	0	0	0
MLP2	1	0	1	0	0	0
MCM10	1	0	0	1	0	0
ESL1	1	0	0	1	0	0
YIL152W	1	0	1	0	0	0
RRD1	1	0	1	0	0	0
IMP2'	1	0	1	0	0	0
GUT2	1	0	0	1	0	0
UBP7	1	0	1	0	0	0
COA1	1	0	0	1	0	0
AIM20	1	0	0	1	0	0
BNR1	1	0	0	1	0	0
POT1	1	0	0	1	0	0
YIL161W	1	1	1	0	0	0
SUC2	1	0	0	1	0	0
NIT1	1	0	0	1	0	0
YIL165C	1	0	0	1	0	0
YIL166C	1	0	0	1	0	0
SDL1	1	0	0	1	0	0
YIL168W	1	0	0	1	0	0
YIL171W	1	0	0	1	0	0
VTH1	1	0	1	0	0	0
YIL174W	1	0	0	1	0	0
YIL175W	1	0	0	1	0	0
YIL177C	0	0	1	0	0	1
SGN1	1	1	1	0	0	0
MPH1	1	1	0	0	0	0
AIM21	1	1	1	0	0	0
DJP1	1	0	0	1	0	0
IST3	1	0	0	1	0	0
PAN1	1	0	1	0	0	0
YIR007W	1	0	1	0	0	0
PRI1	1	1	1	0	0	0
MSL1	0	1	1	0	0	0
DSN1	1	0	0	1	0	0
STS1	1	0	0	1	0	0
SQT1	1	0	1	0	0	0
GAT4	1	0	0	1	0	0
YIR014W	1	0	0	1	0	0
RPR2	0	0	1	0	0	1
YIR016W	1	0	0	1	0	0
MET28	1	0	0	1	0	0
YIR018C-A	1	0	0	1	0	0
YAP5	1	0	0	1	0	0
FLO11	1	0	0	1	0	0
YIR020C	1	0	0	1	0	0
MRS1	1	0	1	0	0	0
SEC11	1	0	1	0	0	0
DAL81	1	0	0	1	0	0
INA22	1	0	0	1	0	0
MND2	1	0	1	0	0	0
YVH1	1	0	0	1	0	0
DAL1	1	0	0	1	0	0
DAL4	1	0	0	1	0	0
DAL2	1	0	0	1	0	0
DCG1	1	0	1	0	0	0
DAL7	1	0	0	1	0	0
DAL3	1	0	0	1	0	0
MGA2	1	0	1	0	0	0
YIR035C	1	1	1	0	0	0
HYR1	1	0	1	0	0	0
GTT1	1	0	0	1	0	0
YPS6	1	0	0	1	0	0
PAU15	1	0	0	1	0	0
YIR042C	1	0	0	1	0	0
YIR043C	1	0	0	1	0	0
YIR044C	1	0	0	1	0	0
PRE3	1	1	1	0	0	0
OST1	1	1	0	0	0	0
COX16	1	0	0	1	0	0
SYS1	1	0	0	1	0	0
CYR1	1	1	1	0	0	0
CTK2	0	1	1	0	0	0
YJL007C	1	0	0	1	0	0
CCT8	0	1	1	0	0	0
NOP9	1	0	0	1	0	0
RPC17	1	1	1	0	0	0
VTC4	1	0	0	1	0	0
MAD3	1	0	0	1	0	0
CCT3	1	0	0	1	0	0
YJL016W	1	0	0	1	0	0
BBC1	1	0	1	0	0	0
YJL022W	1	0	0	1	0	0
PET130	0	0	1	0	0	1
APS3	1	0	1	0	0	0
RRN7	1	0	0	1	0	0
RNR2	0	1	1	0	0	0
YJL027C	1	0	0	1	0	0
VPS53	0	1	0	0	1	0
MAD2	1	0	0	1	0	0
HCA4	1	1	1	0	0	0
KAR2	1	1	1	0	0	0
TAD2	1	0	1	0	0	0
SNX4	1	1	0	0	0	0
IRC18	1	0	0	1	0	0
LOH1	1	0	0	1	0	0
NUP192	1	1	0	0	0	0
NSP1	0	1	1	0	0	0
MHP1	1	0	0	1	0	0
YJL043W	1	0	0	1	0	0
GYP6	1	0	1	0	0	0
AIM22	1	0	1	0	0	0
RTT101	1	0	1	0	0	0
UBX6	1	0	0	1	0	0
YJL049W	1	0	0	1	0	0
MTR4	1	1	1	0	0	0
IRC8	1	0	1	0	0	0
YJL052C-A	1	0	0	1	0	0
TDH1	0	1	1	0	0	0
PEP8	1	0	1	0	0	0
TIM54	1	0	0	1	0	0
YJL055W	1	0	0	1	0	0
ZAP1	0	0	1	0	0	1
IKS1	1	0	0	1	0	0
BIT61	1	0	0	1	0	0
YHC3	1	0	0	1	0	0
BNA3	1	0	0	1	0	0
NUP82	1	1	1	0	0	0
LAS21	1	0	0	1	0	0
COA3	1	0	0	1	0	0
MRPL8	0	1	1	0	0	0
YJL064W	1	0	0	1	0	0
DLS1	1	0	1	0	0	0
MPM1	1	0	1	0	0	0
YJL067W	1	0	0	1	0	0
YJL068C	1	0	1	0	0	0
UTP18	1	1	1	0	0	0
YJL070C	1	0	1	0	0	0
PSF2	1	0	1	0	0	0
JEM1	1	0	0	1	0	0
SMC3	1	1	1	0	0	0
NET1	0	1	1	0	0	0
ICS3	1	0	0	1	0	0
YJL077W-B	1	0	0	1	0	0
PRY3	1	0	0	1	0	0
PRY1	1	0	0	1	0	0
SCP160	0	1	1	0	0	0
ARP4	1	1	1	0	0	0
TAX4	1	0	0	1	0	0
ALY2	1	0	1	0	0	0
EXO70	1	1	0	0	0	0
ARG3	0	0	1	0	0	1
SIP4	1	0	0	1	0	0
GWT1	1	0	0	1	0	0
SRS2	1	0	0	1	0	0
KHA1	1	0	0	1	0	0
BCK1	1	0	1	0	0	0
PHS1	1	0	0	1	0	0
SAP185	1	1	1	0	0	0
CHS6	1	1	0	0	0	0
GSH1	1	1	0	0	0	0
MEF2	1	0	1	0	0	0
PAM16	1	0	0	1	0	0
SET4	1	0	1	0	0	0
IME2	1	0	0	1	0	0
YJL107C	0	0	1	0	0	1
PRM10	1	0	0	1	0	0
UTP10	0	1	1	0	0	0
GZF3	1	0	1	0	0	0
CCT7	1	1	0	0	0	0
MDV1	1	0	0	1	0	0
ASF1	1	0	1	0	0	0
NCA3	1	0	0	1	0	0
PHO86	1	0	1	0	0	0
YJL118W	1	0	1	0	0	0
YJL120W	1	0	0	1	0	0
RPE1	1	0	0	1	0	0
ALB1	1	0	1	0	0	0
MTC1	1	0	1	0	0	0
LSM1	1	1	1	0	0	0
GCD14	1	0	1	0	0	0
NIT2	1	0	0	1	0	0
YJL127C-B	1	0	0	1	0	0
PBS2	1	0	1	0	0	0
TRK1	0	0	1	0	0	1
URA2	1	1	1	0	0	0
AIM23	1	0	1	0	0	0
YJL132W	1	0	1	0	0	0
YJL133C-A	1	0	0	1	0	0
MRS3	1	0	0	1	0	0
LCB3	1	0	0	1	0	0
YJL135W	1	0	0	1	0	0
RPS21B	1	0	0	1	0	0
YJL136W-A	1	0	0	1	0	0
GLG2	1	0	1	0	0	0
TIF2	1	0	1	0	0	0
YUR1	1	0	0	1	0	0
RPB4	0	1	1	0	0	0
YAK1	1	0	0	1	0	0
IRC9	1	0	0	1	0	0
YJL144W	1	0	1	0	0	0
SFH5	1	0	0	1	0	0
IDS2	1	1	0	0	0	0
MRX5	1	0	0	1	0	0
RPA34	1	0	1	0	0	0
DAS1	1	0	0	1	0	0
YJL150W	1	0	0	1	0	0
SNA3	1	0	0	1	0	0
YJL152W	1	0	0	1	0	0
INO1	1	0	0	1	0	0
VPS35	1	1	1	0	0	0
FBP26	1	1	1	0	0	0
CIS3	1	0	0	1	0	0
HSP150	1	0	1	0	0	0
PIR5	1	0	0	1	0	0
FMP33	1	0	0	1	0	0
JJJ2	1	0	0	1	0	0
YJL163C	1	0	0	1	0	0
TPK1	1	0	1	0	0	0
HAL5	1	0	1	0	0	0
QCR8	1	0	0	1	0	0
SET2	1	0	1	0	0	0
YJL169W	1	0	0	1	0	0
ASG7	1	0	0	1	0	0
YJL171C	1	0	0	1	0	0
CPS1	1	0	0	1	0	0
RFA3	1	1	1	0	0	0
KRE9	1	0	0	1	0	0
YJL175W	1	0	0	1	0	0
SWI3	0	1	1	0	0	0
RPL17B	1	1	0	0	0	0
ATG27	1	0	0	1	0	0
PFD1	1	0	1	0	0	0
ATP12	1	0	1	0	0	0
YJL181W	1	0	0	1	0	0
YJL182C	1	0	0	1	0	0
MNN11	1	1	0	0	0	0
GON7	0	0	1	0	0	1
ATG36	1	0	0	1	0	0
MNN5	1	0	0	1	0	0
SWE1	1	0	1	0	0	0
BUD19	1	0	0	1	0	0
RPS22A	1	1	0	0	0	0
RPS14B	1	1	0	0	0	0
SOP4	1	0	1	0	0	0
YJL193W	1	0	0	1	0	0
CDC6	1	1	1	0	0	0
ELO1	1	0	0	1	0	0
UBP12	0	0	1	0	0	1
MBB1	1	0	1	0	0	0
ACO2	0	0	1	0	0	1
ECM25	1	1	0	0	0	0
PRP21	1	1	1	0	0	0
NCE101	1	0	0	1	0	0
YJL206C	1	0	0	1	0	0
LAA1	0	0	1	0	0	1
NUC1	1	1	0	0	0	0
CBP1	1	0	0	1	0	0
PEX2	1	0	0	1	0	0
YJL211C	1	0	0	1	0	0
OPT1	1	0	0	1	0	0
YJL213W	1	0	0	1	0	0
YJL215C	1	0	0	1	0	0
IMA5	1	0	0	1	0	0
REE1	1	0	0	1	0	0
YJL218W	1	0	0	1	0	0
AVT1	0	0	1	0	0	1
MPP10	0	1	1	0	0	0
MRX12	1	0	0	1	0	0
SAG1	1	0	0	1	0	0
LSO1	1	0	0	1	0	0
APL1	0	0	1	0	0	1
POL31	1	0	0	1	0	0
SUI2	1	1	1	0	0	0
YJR008W	1	0	0	1	0	0
TDH2	1	1	1	0	0	0
SPC1	1	0	1	0	0	0
MET3	1	0	0	1	0	0
YJR011C	1	0	1	0	0	0
TMA22	1	1	0	0	0	0
YJR015W	1	0	0	1	0	0
ESS1	1	0	1	0	0	0
YJR020W	1	0	0	1	0	0
REC107	1	0	0	1	0	0
LSM8	0	0	1	0	0	1
MDE1	1	0	0	1	0	0
BNA1	1	0	1	0	0	0
YJR030C	1	0	0	1	0	0
GEA1	1	0	1	0	0	0
CPR7	1	0	1	0	0	0
RAV1	1	1	1	0	0	0
PET191	1	0	0	1	0	0
RAD26	1	0	0	1	0	0
HUL4	1	0	1	0	0	0
YJR037W	1	0	0	1	0	0
YJR038C	1	0	0	1	0	0
YJR039W	1	0	0	1	0	0
GEF1	1	0	0	1	0	0
URB2	0	1	1	0	0	0
NUP85	1	1	1	0	0	0
POL32	1	0	1	0	0	0
VPS55	1	0	0	1	0	0
SSC1	1	1	1	0	0	0
TAH11	1	0	0	1	0	0
ANB1	0	0	1	0	0	1
CYC1	1	0	0	1	0	0
UTR1	1	0	0	1	0	0
ISY1	1	1	1	0	0	0
OSM1	1	0	1	0	0	0
RAD7	1	0	1	0	0	0
BFA1	1	0	1	0	0	0
YJR054W	1	0	0	1	0	0
HIT1	1	0	0	1	0	0
YJR056C	1	0	0	1	0	0
CDC8	1	0	0	1	0	0
APS2	1	0	1	0	0	0
PTK2	1	0	1	0	0	0
CBF1	1	0	1	0	0	0
YJR061W	1	0	0	1	0	0
NTA1	1	0	0	1	0	0
RPA12	0	1	1	0	0	0
CCT5	1	1	0	0	0	0
ARP3	1	1	1	0	0	0
TOR1	1	0	1	0	0	0
YAE1	0	0	1	0	0	1
RFC2	1	1	1	0	0	0
HAM1	0	0	1	0	0	1
LIA1	1	0	0	1	0	0
NPA3	1	0	0	1	0	0
OPI3	1	0	0	1	0	0
MOG1	1	0	0	1	0	0
HOC1	1	1	0	0	0	0
CDC11	1	1	1	0	0	0
MIR1	1	1	0	0	0	0
BNA2	1	0	0	1	0	0
AIM24	1	0	0	1	0	0
EAF6	1	0	1	0	0	0
ACF4	1	0	0	1	0	0
CSN12	1	1	1	0	0	0
YJR087W	1	0	0	1	0	0
EMC2	1	0	0	1	0	0
BIR1	0	0	1	0	0	1
GRR1	0	0	1	0	0	1
JSN1	1	0	1	0	0	0
BUD4	1	1	1	0	0	0
FIP1	1	1	1	0	0	0
IME1	1	0	0	1	0	0
RPL43B	1	0	1	0	0	0
SFC1	1	0	0	1	0	0
YJR096W	1	0	1	0	0	0
JJJ3	1	0	0	1	0	0
YJR098C	1	0	1	0	0	0
YUH1	1	0	0	1	0	0
AIM25	1	0	0	1	0	0
RSM26	0	1	1	0	0	0
VPS25	0	0	1	0	0	1
URA8	1	0	1	0	0	0
SOD1	0	0	1	0	0	1
ADO1	0	0	1	0	0	1
ECM27	1	0	1	0	0	0
YJR107W	1	0	0	1	0	0
ABM1	1	0	0	1	0	0
CPA2	0	1	1	0	0	0
YMR1	1	0	1	0	0	0
NNF1	1	0	0	1	0	0
RSM7	1	1	1	0	0	0
YJR114W	1	0	0	1	0	0
YJR115W	1	0	0	1	0	0
TDA4	1	0	0	1	0	0
STE24	1	0	0	1	0	0
ILM1	1	0	0	1	0	0
JHD2	1	0	1	0	0	0
YJR120W	1	0	0	1	0	0
ATP2	1	1	1	0	0	0
RPS5	0	1	0	0	1	0
YJR124C	1	0	0	1	0	0
ENT3	1	0	1	0	0	0
VPS70	1	0	0	1	0	0
RSF2	1	0	0	1	0	0
YJR128W	1	0	0	1	0	0
EFM3	1	0	0	1	0	0
STR2	1	0	0	1	0	0
MNS1	1	0	1	0	0	0
NMD5	0	1	0	0	1	0
XPT1	1	0	0	1	0	0
SGM1	1	0	0	1	0	0
MCM22	1	0	1	0	0	0
TIM8	1	0	0	1	0	0
MET5	1	0	0	1	0	0
IML1	1	1	0	0	0	0
HOM6	1	0	1	0	0	0
HIR3	1	0	1	0	0	0
YJR141W	1	0	0	1	0	0
YJR142W	1	0	0	1	0	0
PMT4	1	0	1	0	0	0
MGM101	1	0	0	1	0	0
RPS4A	1	1	0	0	0	0
YJR146W	1	0	0	1	0	0
HMS2	1	0	0	1	0	0
BAT2	1	1	1	0	0	0
YJR149W	1	0	0	1	0	0
DAN1	1	0	0	1	0	0
DAN4	1	0	0	1	0	0
YJR151W-A	1	0	0	1	0	0
DAL5	1	0	0	1	0	0
PGU1	1	0	0	1	0	0
YJR154W	1	0	1	0	0	0
THI11	0	0	1	0	0	1
SOR1	1	0	0	1	0	0
COS5	1	0	0	1	0	0
MET14	1	0	0	1	0	0
DID4	1	0	0	1	0	0
MRP17	0	1	1	0	0	0
AUR1	0	0	1	0	0	1
BYE1	1	0	1	0	0	0
RPL14A	1	1	0	0	0	0
CAP1	1	1	1	0	0	0
LAC1	1	0	0	1	0	0
MRT4	1	1	1	0	0	0
UFD4	1	1	1	0	0	0
CCE1	1	0	0	1	0	0
PRP40	0	1	1	0	0	0
ARC19	0	1	1	0	0	0
URB1	0	1	1	0	0	0
PUT3	1	0	1	0	0	0
ATP7	1	0	0	1	0	0
HCS1	1	0	0	1	0	0
YKL018C-A	1	0	0	1	0	0
SWD2	1	1	1	0	0	0
RAM2	1	0	0	1	0	0
SPT23	1	0	0	1	0	0
MAK11	1	0	0	1	0	0
CDC16	1	1	1	0	0	0
YKL023W	1	0	1	0	0	0
URA6	1	0	1	0	0	0
PAN3	1	1	1	0	0	0
GPX1	1	0	0	1	0	0
TCD2	1	0	1	0	0	0
TFA1	0	1	1	0	0	0
MAE1	1	1	1	0	0	0
YKL030W	1	0	0	1	0	0
YKL031W	1	0	0	1	0	0
IXR1	1	0	0	1	0	0
YKL033W-A	1	0	0	1	0	0
TUL1	1	0	0	1	0	0
UGP1	1	0	1	0	0	0
AIM26	1	0	1	0	0	0
RGT1	1	0	0	1	0	0
PTM1	1	1	0	0	0	0
NFU1	1	0	1	0	0	0
VPS24	1	0	1	0	0	0
SPC42	1	0	0	1	0	0
PHD1	1	0	0	1	0	0
YKL044W	1	0	0	1	0	0
PRI2	1	1	0	0	0	0
DCW1	1	0	0	1	0	0
ANR2	1	0	1	0	0	0
ELM1	1	0	1	0	0	0
CSE4	1	0	0	1	0	0
YKL050C	1	0	1	0	0	0
SFK1	1	0	0	1	0	0
ASK1	1	0	1	0	0	0
MDM35	1	0	0	1	0	0
YKL053W	1	0	0	1	0	0
DEF1	1	0	0	1	0	0
OAR1	1	0	0	1	0	0
TMA19	1	0	1	0	0	0
NUP120	1	1	1	0	0	0
TOA2	0	0	1	0	0	1
MPE1	0	1	1	0	0	0
FBA1	0	1	0	0	1	0
BLI1	1	0	1	0	0	0
MSN4	1	0	0	1	0	0
YKL063C	1	0	0	1	0	0
MNR2	1	0	0	1	0	0
YET1	1	0	0	1	0	0
YKL066W	1	0	0	1	0	0
YNK1	1	1	0	0	0	0
NUP100	1	0	0	1	0	0
YKL068W-A	1	0	0	1	0	0
YKL069W	1	0	1	0	0	0
LHS1	1	0	0	1	0	0
MUD2	1	0	0	1	0	0
YKL075C	1	0	1	0	0	0
PSY1	1	0	0	1	0	0
YKL077W	1	0	0	1	0	0
DHR2	0	0	1	0	0	1
SMY1	1	0	0	1	0	0
VMA5	1	1	1	0	0	0
TEF4	1	1	1	0	0	0
RRP14	1	0	1	0	0	0
HOT13	1	0	0	1	0	0
MDH1	1	1	0	0	0	0
SRX1	1	0	0	1	0	0
CYT2	1	0	0	1	0	0
CAB3	0	1	1	0	0	0
MIF2	1	0	0	1	0	0
YKL091C	1	0	1	0	0	0
BUD2	1	0	1	0	0	0
MBR1	1	0	1	0	0	0
YJU3	1	0	0	1	0	0
YJU2	1	0	1	0	0	0
YKL096C-B	1	0	0	1	0	0
CWP1	1	0	0	1	0	0
CWP2	1	0	1	0	0	0
MTC2	1	0	0	1	0	0
YKL100C	1	0	1	0	0	0
HSL1	1	1	1	0	0	0
YKL102C	1	0	0	1	0	0
APE1	1	0	0	1	0	0
GFA1	1	1	1	0	0	0
SEG2	1	0	0	1	0	0
YKL106C-A	1	0	0	1	0	0
AAT1	1	0	0	1	0	0
YKL107W	1	0	0	1	0	0
HAP4	1	0	0	1	0	0
KTI12	1	0	1	0	0	0
ABF1	1	0	0	1	0	0
RAD27	1	0	1	0	0	0
APN1	1	0	1	0	0	0
YKL115C	1	0	0	1	0	0
PRR1	1	0	0	1	0	0
SBA1	1	0	1	0	0	0
VPH2	0	1	0	0	1	0
OAC1	1	0	0	1	0	0
DGR2	1	0	0	1	0	0
SRP21	0	1	1	0	0	0
YKL123W	1	0	0	1	0	0
SSH4	1	0	1	0	0	0
RRN3	1	1	0	0	0	0
YPK1	0	0	1	0	0	1
PGM1	1	0	0	1	0	0
PMU1	1	0	1	0	0	0
MYO3	1	0	1	0	0	0
SHE2	1	1	1	0	0	0
RMA1	1	0	1	0	0	0
YKL133C	1	0	0	1	0	0
APL2	1	1	1	0	0	0
YKL136W	1	0	0	1	0	0
CMC1	1	0	0	1	0	0
CTK1	0	1	1	0	0	0
TGL1	1	0	0	1	0	0
MRP8	1	1	1	0	0	0
LTV1	0	1	1	0	0	0
RPC25	1	1	1	0	0	0
RPT1	1	1	1	0	0	0
AVT3	1	0	0	1	0	0
SDH1	1	0	0	1	0	0
DBR1	1	0	0	1	0	0
MCR1	1	0	0	1	0	0
YKL151C	1	0	1	0	0	0
GPM1	0	1	0	0	1	0
SRP102	1	1	0	0	0	0
RSM22	1	1	1	0	0	0
RPS27A	1	0	0	1	0	0
APE2	1	1	1	0	0	0
RCN1	1	0	1	0	0	0
ELF1	1	0	1	0	0	0
KDX1	1	0	0	1	0	0
YKL162C	1	0	0	1	0	0
PIR3	1	0	0	1	0	0
PIR1	1	0	1	0	0	0
TPK3	1	0	0	1	0	0
MRP49	1	1	1	0	0	0
KKQ8	1	0	0	1	0	0
NNK1	1	0	0	1	0	0
EBP2	1	1	1	0	0	0
SNU114	1	1	1	0	0	0
TPO5	1	0	0	1	0	0
ZRT3	1	0	0	1	0	0
LST4	1	0	0	1	0	0
COY1	1	0	1	0	0	0
RPL17A	0	1	0	0	1	0
PRS1	0	1	0	0	1	0
FAS1	0	1	1	0	0	0
YKL183C-A	1	0	0	1	0	0
LOT5	1	0	0	1	0	0
SPE1	1	0	0	1	0	0
ASH1	1	0	1	0	0	0
YKL187C	1	0	0	1	0	0
PXA2	1	0	0	1	0	0
HYM1	1	0	0	1	0	0
CNB1	1	0	1	0	0	0
DPH2	1	1	1	0	0	0
ACP1	0	0	1	0	0	1
SDS22	1	1	1	0	0	0
MIA40	0	0	1	0	0	1
YKT6	1	1	0	0	0	0
PEX1	1	0	0	1	0	0
PTK1	1	0	0	1	0	0
YKL202W	1	0	0	1	0	0
TOR2	1	0	1	0	0	0
EAP1	0	0	1	0	0	1
LOS1	1	0	0	1	0	0
ADD66	1	0	1	0	0	0
EMC3	1	0	0	1	0	0
CBT1	1	0	0	1	0	0
STE6	1	0	0	1	0	0
UBA1	1	0	1	0	0	0
TRP3	1	1	1	0	0	0
SAC1	1	0	1	0	0	0
DOA1	1	0	1	0	0	0
YRA2	1	0	1	0	0	0
OXP1	1	0	1	0	0	0
URA1	1	0	1	0	0	0
SRY1	1	0	0	1	0	0
FRE2	1	0	0	1	0	0
MCH2	1	0	0	1	0	0
YKL222C	1	0	0	1	0	0
VPS1	0	1	1	0	0	0
PAP1	0	1	1	0	0	0
OSH6	1	0	1	0	0	0
YKR005C	1	0	0	1	0	0
MRPL13	0	1	1	0	0	0
MEH1	1	0	0	1	0	0
RSC4	1	1	1	0	0	0
FOX2	1	0	1	0	0	0
TOF2	1	0	1	0	0	0
YKR011C	1	0	0	1	0	0
YKR012C	1	0	0	1	0	0
PRY2	1	0	0	1	0	0
YPT52	1	1	1	0	0	0
YKR015C	1	0	1	0	0	0
MIC60	1	0	0	1	0	0
HEL1	1	0	0	1	0	0
YKR018C	1	1	0	0	0	0
IRS4	1	0	0	1	0	0
VPS51	1	0	0	1	0	0
ALY1	1	0	0	1	0	0
NTR2	1	1	1	0	0	0
YKR023W	1	0	0	1	0	0
DBP7	1	0	1	0	0	0
RPC37	1	1	1	0	0	0
GCN3	1	1	1	0	0	0
BCH2	1	1	1	0	0	0
SAP190	1	1	1	0	0	0
SET3	1	1	1	0	0	0
GMH1	1	0	0	1	0	0
SPO14	1	1	0	0	0	0
YKR032W	1	0	0	1	0	0
YKR033C	1	0	0	1	0	0
DAL80	1	0	0	1	0	0
OPI8	1	0	0	1	0	0
DID2	1	0	0	1	0	0
CAF4	1	0	1	0	0	0
SPC34	0	0	1	0	0	1
KAE1	1	0	1	0	0	0
GAP1	1	0	0	1	0	0
YKR040C	1	0	0	1	0	0
YKR041W	1	0	0	1	0	0
UTH1	1	0	1	0	0	0
SHB17	1	0	1	0	0	0
UIP5	1	0	0	1	0	0
YKR045C	1	0	0	1	0	0
PET10	1	0	0	1	0	0
YKR047W	1	0	0	1	0	0
NAP1	1	1	1	0	0	0
FMP46	1	0	1	0	0	0
YKR051W	1	0	0	1	0	0
MRS4	1	0	0	1	0	0
YSR3	1	0	0	1	0	0
DYN1	1	0	1	0	0	0
RHO4	1	0	0	1	0	0
TRM2	1	0	1	0	0	0
RPS21A	1	1	0	0	0	0
GLG1	1	0	1	0	0	0
TIF1	1	1	1	0	0	0
UTP30	1	1	0	0	0	0
KTR2	1	0	0	1	0	0
TFA2	1	0	1	0	0	0
LAS1	1	0	0	1	0	0
OAF3	1	0	1	0	0	0
PAM17	1	0	0	1	0	0
GPT2	1	1	1	0	0	0
BET3	1	1	1	0	0	0
MET1	1	0	0	1	0	0
YKR070W	0	0	1	0	0	1
DRE2	0	0	1	0	0	1
SIS2	1	0	1	0	0	0
AIM29	1	0	0	1	0	0
YKR075C	1	0	0	1	0	0
ECM4	1	0	0	1	0	0
MSA2	1	0	1	0	0	0
YKR078W	1	0	1	0	0	0
TRZ1	0	1	0	0	1	0
RPF2	1	1	1	0	0	0
NUP133	1	0	1	0	0	0
DAD2	1	0	1	0	0	0
HBS1	1	0	0	1	0	0
MRPL20	1	1	1	0	0	0
PRP16	1	0	1	0	0	0
OMA1	1	0	0	1	0	0
TVP38	1	0	0	1	0	0
TGL4	1	0	0	1	0	0
SRL3	1	0	0	1	0	0
SRP40	1	0	1	0	0	0
PTR2	1	0	0	1	0	0
RPL40B	1	0	0	1	0	0
MLP1	1	1	1	0	0	0
ESL2	1	0	0	1	0	0
PCK1	1	0	0	1	0	0
UBP11	1	0	1	0	0	0
BAS1	1	0	0	1	0	0
SKG1	1	0	0	1	0	0
SIR1	0	0	1	0	0	1
FLO10	1	0	0	1	0	0
VBA5	1	0	0	1	0	0
GEX2	1	0	0	1	0	0
DNM1	1	1	1	0	0	0
RTT109	1	0	0	1	0	0
SFI1	1	0	0	1	0	0
ORC3	1	1	1	0	0	0
SPO75	1	0	1	0	0	0
MMM1	1	0	0	1	0	0
YLL006W-A	1	0	0	1	0	0
YLL007C	1	0	0	1	0	0
DRS1	1	1	1	0	0	0
COX17	1	0	0	1	0	0
PSR1	1	0	1	0	0	0
SOF1	1	1	0	0	0	0
YEH1	1	0	0	1	0	0
PUF3	1	0	1	0	0	0
EMC6	1	0	0	1	0	0
BPT1	1	0	0	1	0	0
SDC25	1	0	0	1	0	0
YLL017W	1	0	0	1	0	0
DPS1	0	1	1	0	0	0
COX19	1	0	0	1	0	0
KNS1	1	0	1	0	0	0
YLL020C	1	0	0	1	0	0
SPA2	1	1	1	0	0	0
HIF1	1	1	1	0	0	0
POM33	1	0	1	0	0	0
SSA2	1	1	0	0	0	0
PAU17	1	0	0	1	0	0
HSP104	1	0	1	0	0	0
ISA1	1	0	1	0	0	0
TPO1	1	0	0	1	0	0
FRA1	1	0	1	0	0	0
GPI13	1	0	0	1	0	0
YLL032C	1	0	1	0	0	0
IRC19	0	0	1	0	0	1
RIX7	0	1	0	0	1	0
GRC3	1	0	0	1	0	0
PRP19	1	1	1	0	0	0
ENT4	1	0	0	1	0	0
UBI4	1	0	0	1	0	0
VPS13	1	1	1	0	0	0
SDH2	1	0	0	1	0	0
ATG10	1	0	0	1	0	0
FPS1	1	0	0	1	0	0
RPL8B	1	1	0	0	0	0
RNP1	1	0	0	1	0	0
YLL047W	1	0	0	1	0	0
YBT1	1	0	0	1	0	0
LDB18	1	0	0	1	0	0
COF1	1	0	1	0	0	0
YLL053C	1	0	0	1	0	0
YLL054C	1	0	0	1	0	0
YCT1	1	0	1	0	0	0
YLL056C	1	0	0	1	0	0
JLP1	1	0	0	1	0	0
YLL058W	1	0	0	1	0	0
GTT2	1	0	1	0	0	0
MHT1	1	0	1	0	0	0
AYT1	1	0	1	0	0	0
NOC3	1	1	1	0	0	0
CMS1	1	1	0	0	0	0
THI73	1	0	0	1	0	0
SSL1	1	1	1	0	0	0
SSK1	1	0	1	0	0	0
NSE1	1	0	0	1	0	0
PAM18	1	0	0	1	0	0
LOT6	1	0	1	0	0	0
YLR012C	1	0	0	1	0	0
GAT3	1	0	0	1	0	0
PPR1	1	0	1	0	0	0
BRE2	1	1	1	0	0	0
PML1	1	0	0	1	0	0
MEU1	1	0	0	1	0	0
POM34	1	0	0	1	0	0
PSR2	1	0	1	0	0	0
YEH2	1	0	0	1	0	0
IRC25	1	0	1	0	0	0
SDO1	1	0	1	0	0	0
IZH3	1	0	1	0	0	0
UBR2	1	0	1	0	0	0
SNF7	0	0	1	0	0	1
SED5	1	0	1	0	0	0
AAT2	0	0	1	0	0	1
ADE16	1	1	1	0	0	0
RPL15A	0	1	0	0	1	0
YLR031W	1	0	0	1	0	0
RAD5	1	0	1	0	0	0
RSC58	1	1	1	0	0	0
SMF3	1	0	1	0	0	0
MLH2	1	1	1	0	0	0
YLR036C	1	0	0	1	0	0
PAU23	1	0	0	1	0	0
COX12	1	0	0	1	0	0
RIC1	1	1	1	0	0	0
YLR041W	1	0	0	1	0	0
YLR042C	1	0	0	1	0	0
TRX1	1	0	1	0	0	0
PDC1	1	1	0	0	0	0
STU2	1	0	1	0	0	0
YLR046C	1	0	0	1	0	0
FRE8	1	0	0	1	0	0
RPS0B	1	1	1	0	0	0
YLR049C	1	0	0	1	0	0
YLR050C	1	0	0	1	0	0
FCF2	0	0	1	0	0	1
IES3	1	1	1	0	0	0
YLR053C	1	0	0	1	0	0
OSW2	1	0	0	1	0	0
SPT8	1	1	1	0	0	0
ERG3	1	0	0	1	0	0
MNL2	1	0	0	1	0	0
SHM2	1	0	1	0	0	0
REX2	1	0	0	1	0	0
FRS1	1	1	1	0	0	0
RPL22A	1	0	0	1	0	0
BMT6	1	0	0	1	0	0
PER33	1	0	1	0	0	0
ENV10	1	0	0	1	0	0
SPC3	1	0	1	0	0	0
PET309	1	0	0	1	0	0
FYV7	1	0	0	1	0	0
MEF1	0	0	1	0	0	1
RGR1	1	1	1	0	0	0
LAM6	1	0	1	0	0	0
RFU1	1	0	0	1	0	0
BUD20	0	1	0	0	1	0
RPL10	0	1	1	0	0	0
BOS1	1	0	0	1	0	0
SIC1	1	1	1	0	0	0
EMP46	1	0	0	1	0	0
GAL2	1	0	0	1	0	0
SRL2	1	0	0	1	0	0
EMP70	1	0	0	1	0	0
RAX2	1	0	1	0	0	0
ARP6	1	0	1	0	0	0
SMC4	1	0	1	0	0	0
CSF1	1	0	0	1	0	0
GAA1	1	1	0	0	0	0
ALT1	1	0	1	0	0	0
XDJ1	1	0	1	0	0	0
GEP5	1	0	1	0	0	0
SUL2	1	0	0	1	0	0
GIS3	1	0	0	1	0	0
IOC2	1	0	1	0	0	0
KIN2	1	0	1	0	0	0
HRT3	1	0	1	0	0	0
CHA4	1	0	0	1	0	0
ICT1	1	0	0	1	0	0
ERG27	1	0	0	1	0	0
APC9	1	1	1	0	0	0
CDC45	1	0	0	1	0	0
LCL2	1	0	0	1	0	0
SEN2	1	0	0	1	0	0
MDN1	0	1	1	0	0	0
REX3	1	0	0	1	0	0
YLR108C	1	0	0	1	0	0
AHP1	1	0	1	0	0	0
CCW12	1	0	0	1	0	0
YLR111W	1	0	0	1	0	0
YLR112W	1	0	0	1	0	0
HOG1	1	0	1	0	0	0
AVL9	1	0	0	1	0	0
CFT2	1	1	1	0	0	0
MSL5	1	0	0	1	0	0
CLF1	1	1	1	0	0	0
YLR118C	1	0	0	1	0	0
SRN2	1	0	0	1	0	0
YPS1	1	0	0	1	0	0
YPS3	1	0	0	1	0	0
YLR122C	1	0	0	1	0	0
YLR124W	1	0	0	1	0	0
YLR125W	1	0	0	1	0	0
YLR126C	1	0	0	1	0	0
APC2	1	1	1	0	0	0
DCN1	1	0	0	1	0	0
DIP2	1	1	1	0	0	0
ZRT2	1	0	0	1	0	0
ACE2	1	0	1	0	0	0
USB1	0	0	1	0	0	1
CKI1	1	0	1	0	0	0
SLX4	1	0	1	0	0	0
TIS11	1	0	0	1	0	0
RKM5	1	0	0	1	0	0
NHA1	1	0	1	0	0	0
SLS1	0	1	1	0	0	0
RRN5	1	0	0	1	0	0
PUT1	1	0	0	1	0	0
DPH6	1	0	1	0	0	0
ACF2	1	0	1	0	0	0
RMP1	1	0	1	0	0	0
SPE4	1	0	1	0	0	0
SMD3	0	1	1	0	0	0
PEP3	0	0	1	0	0	1
YLR149C	1	0	0	1	0	0
STM1	1	1	1	0	0	0
PCD1	1	0	0	1	0	0
YLR152C	1	0	0	1	0	0
ACS2	1	1	1	0	0	0
RNH203	1	0	0	1	0	0
YLR154C-G	1	0	0	1	0	0
YLR154C-H	1	0	0	1	0	0
ART2	1	0	0	1	0	0
YLR156C-A	1	0	0	1	0	0
YLR156W	1	0	0	1	0	0
ASP3-2	1	0	0	1	0	0
ASP3-3	1	0	0	1	0	0
YLR159C-A	1	0	0	1	0	0
YLR159W	1	0	0	1	0	0
YLR161W	1	0	0	1	0	0
YLR162W	1	0	0	1	0	0
RRT15	1	0	0	1	0	0
MAS1	1	1	0	0	0	0
SHH4	1	0	0	1	0	0
PUS5	1	0	0	1	0	0
SEC10	1	1	0	0	0	0
RPS31	0	0	1	0	0	1
UPS2	1	0	0	1	0	0
YLR169W	1	0	0	1	0	0
APS1	1	1	1	0	0	0
YLR171W	1	0	0	1	0	0
DPH5	1	1	0	0	0	0
YLR173W	1	0	0	1	0	0
IDP2	1	0	0	1	0	0
CBF5	0	1	1	0	0	0
RFX1	1	0	1	0	0	0
YLR177W	1	0	0	1	0	0
TFS1	1	0	1	0	0	0
YLR179C	1	0	1	0	0	0
SAM1	1	1	1	0	0	0
VTA1	1	0	1	0	0	0
SWI6	1	1	1	0	0	0
TOS4	1	0	0	1	0	0
RPL37A	1	0	1	0	0	0
EMG1	1	1	0	0	0	0
SKG3	1	0	1	0	0	0
MDL1	1	0	0	1	0	0
ATG26	1	1	0	0	0	0
MMR1	1	0	1	0	0	0
PEX13	1	0	0	1	0	0
HCR1	1	1	1	0	0	0
UPS1	1	0	0	1	0	0
YLR194C	1	0	0	1	0	0
NMT1	1	0	0	1	0	0
PWP1	1	1	1	0	0	0
NOP56	1	1	0	0	0	0
PBA1	1	0	1	0	0	0
YKE2	1	0	1	0	0	0
COQ9	1	0	0	1	0	0
MSS51	1	1	1	0	0	0
QRI5	1	0	0	1	0	0
HMX1	1	0	0	1	0	0
ENT2	1	0	0	1	0	0
HRD3	1	0	0	1	0	0
SEC13	1	1	1	0	0	0
PNP1	1	0	0	1	0	0
CLB4	1	0	1	0	0	0
ATG38	1	0	1	0	0	0
TUB4	1	1	1	0	0	0
CRR1	1	0	0	1	0	0
FRE1	1	0	0	1	0	0
CDC123	1	1	1	0	0	0
CPR6	1	0	1	0	0	0
YLR217W	1	0	0	1	0	0
COA4	1	0	1	0	0	0
MSC3	1	0	1	0	0	0
CCC1	1	0	0	1	0	0
RSA3	1	1	1	0	0	0
UTP13	1	1	0	0	0	0
IFH1	0	0	1	0	0	1
YLR224W	1	0	0	1	0	0
YLR225C	1	0	0	1	0	0
BUR2	0	1	1	0	0	0
ADY4	1	0	0	1	0	0
ECM22	1	0	0	1	0	0
CDC42	1	0	0	1	0	0
BNA5	1	0	1	0	0	0
YLR232W	1	0	0	1	0	0
EST1	1	0	0	1	0	0
YLR236C	1	0	0	1	0	0
THI7	1	0	0	1	0	0
FAR10	1	0	0	1	0	0
LIP2	1	0	0	1	0	0
VPS34	0	1	1	0	0	0
CSC1	1	0	0	1	0	0
ARV1	1	0	0	1	0	0
MAP1	0	0	1	0	0	1
CDD1	1	0	0	1	0	0
ERF2	1	0	1	0	0	0
IRC20	1	0	1	0	0	0
RCK2	0	0	1	0	0	1
YEF3	0	1	1	0	0	0
SSP120	1	0	0	1	0	0
SYM1	1	0	0	1	0	0
YLR252W	1	0	0	1	0	0
MCP2	1	0	0	1	0	0
NDL1	1	0	0	1	0	0
YLR255C	1	0	0	1	0	0
HAP1	1	0	1	0	0	0
YLR257W	1	0	1	0	0	0
GSY2	1	1	1	0	0	0
HSP60	1	1	1	0	0	0
LCB5	1	0	1	0	0	0
VPS63	1	0	0	1	0	0
YPT6	1	0	1	0	0	0
RED1	1	0	0	1	0	0
YLR264C-A	1	0	0	1	0	0
RPS28B	1	1	0	0	0	0
NEJ1	1	0	1	0	0	0
PDR8	1	0	0	1	0	0
BOP2	1	0	0	1	0	0
SEC22	1	1	0	0	0	0
YLR269C	1	0	0	1	0	0
DCS1	1	0	1	0	0	0
YLR271W	1	0	0	1	0	0
YCS4	1	0	1	0	0	0
PIG1	1	0	1	0	0	0
MCM5	1	1	0	0	0	0
SMD2	0	1	1	0	0	0
DBP9	1	1	1	0	0	0
YSH1	0	1	1	0	0	0
YLR278C	1	0	1	0	0	0
YLR279W	1	0	0	1	0	0
YLR280C	1	0	0	1	0	0
YLR281C	1	0	0	1	0	0
YLR282C	1	0	0	1	0	0
YLR283W	1	0	0	1	0	0
ECI1	1	0	0	1	0	0
NNT1	1	0	0	1	0	0
CTS1	1	0	0	1	0	0
YLR287C	1	1	1	0	0	0
RPS30A	1	0	0	1	0	0
MEC3	1	0	1	0	0	0
GUF1	1	0	0	1	0	0
COQ11	1	0	1	0	0	0
GCD7	1	1	1	0	0	0
SEC72	1	1	1	0	0	0
GSP1	1	0	1	0	0	0
ATP14	1	0	0	1	0	0
YLR296W	1	0	0	1	0	0
YLR297W	1	0	0	1	0	0
YHC1	1	1	1	0	0	0
ECM38	1	0	1	0	0	0
EXG1	1	0	0	1	0	0
HRI1	1	0	0	1	0	0
MET17	1	0	1	0	0	0
ACO1	0	1	1	0	0	0
STT4	1	0	1	0	0	0
UBC12	1	0	0	1	0	0
YLR307C-A	1	0	0	1	0	0
CDA1	1	0	0	1	0	0
CDA2	1	0	0	1	0	0
IMH1	1	0	1	0	0	0
CDC25	0	1	1	0	0	0
YLR311C	1	0	0	1	0	0
ATG39	1	0	0	1	0	0
MRPL15	0	1	1	0	0	0
SPH1	1	0	0	1	0	0
CDC3	1	1	1	0	0	0
NKP2	1	0	1	0	0	0
TAD3	1	0	0	1	0	0
YLR317W	1	0	0	1	0	0
EST2	1	0	0	1	0	0
BUD6	1	0	1	0	0	0
MMS22	1	0	1	0	0	0
SFH1	1	1	1	0	0	0
CWC24	1	0	0	1	0	0
PEX30	1	0	0	1	0	0
RPL38	1	1	1	0	0	0
TMA10	1	0	0	1	0	0
NMA1	1	0	0	1	0	0
REC102	1	0	0	1	0	0
CHS5	1	1	1	0	0	0
MID2	1	0	0	1	0	0
RPS25B	1	1	1	0	0	0
YLR334C	1	0	0	1	0	0
NUP2	1	1	1	0	0	0
SGD1	0	0	1	0	0	1
VRP1	1	0	1	0	0	0
RPP0	1	1	0	0	0	0
SPO77	1	0	1	0	0	0
FKS1	1	1	1	0	0	0
GAS2	1	0	0	1	0	0
RPL26A	1	0	0	1	0	0
YLR345W	1	1	1	0	0	0
YLR346C	1	0	0	1	0	0
KAP95	1	1	1	0	0	0
DIC1	1	0	0	1	0	0
YLR349W	1	0	0	1	0	0
YLR352W	1	0	0	1	0	0
BUD8	1	0	0	1	0	0
TAL1	1	0	1	0	0	0
ILV5	1	1	1	0	0	0
ATG33	0	0	1	0	0	1
RSC2	0	1	1	0	0	0
YLR358C	0	0	1	0	0	1
ADE13	0	0	1	0	0	1
VPS38	1	1	0	0	0	0
DCR2	1	0	0	1	0	0
YLR361C-A	1	0	0	1	0	0
STE11	0	0	1	0	0	1
NMD4	1	0	0	1	0	0
YLR363W-A	1	0	0	1	0	0
GRX8	1	0	0	1	0	0
YLR365W	1	0	0	1	0	0
YLR366W	1	0	0	1	0	0
RPS22B	1	1	0	0	0	0
MDM30	1	0	0	1	0	0
SSQ1	0	0	1	0	0	1
ARC18	1	1	1	0	0	0
ROM2	1	1	1	0	0	0
ELO3	1	0	0	1	0	0
VID22	1	1	1	0	0	0
YLR374C	1	0	0	1	0	0
STP3	1	0	1	0	0	0
PSY3	1	0	0	1	0	0
FBP1	1	0	1	0	0	0
SEC61	1	0	0	1	0	0
CSR1	1	0	1	0	0	0
CTF3	1	0	1	0	0	0
NAM2	0	0	1	0	0	1
SMC6	1	0	0	1	0	0
IKI3	1	1	1	0	0	0
SWC7	1	0	1	0	0	0
VAC14	1	1	1	0	0	0
REH1	1	0	1	0	0	0
RPS29A	1	0	0	1	0	0
STE23	1	0	0	1	0	0
ECM19	1	0	0	1	0	0
CCW14	1	0	0	1	0	0
ART10	1	0	0	1	0	0
ATP10	1	0	0	1	0	0
CST9	1	0	0	1	0	0
COX8	1	0	0	1	0	0
AFG2	1	0	0	1	0	0
SKI2	1	1	1	0	0	0
BDF1	1	0	1	0	0	0
YLR400W	1	0	0	1	0	0
DUS3	1	0	1	0	0	0
SFP1	0	0	1	0	0	1
SEI1	1	0	0	1	0	0
DUS4	1	0	0	1	0	0
RPL31B	1	0	0	1	0	0
YLR407W	1	0	1	0	0	0
BLS1	1	0	1	0	0	0
UTP21	1	1	1	0	0	0
VIP1	1	1	1	0	0	0
YLR412C-A	1	0	0	1	0	0
BER1	1	0	0	1	0	0
YLR413W	1	0	0	1	0	0
PUN1	1	0	0	1	0	0
YLR415C	1	0	0	1	0	0
VPS36	1	0	1	0	0	0
CDC73	1	1	1	0	0	0
YLR419W	0	0	1	0	0	1
URA4	1	0	0	1	0	0
RPN13	1	1	1	0	0	0
YLR422W	1	0	0	1	0	0
ATG17	1	0	0	1	0	0
SPP382	1	1	1	0	0	0
TUS1	1	1	1	0	0	0
TDA5	0	0	1	0	0	1
MAG2	1	0	0	1	0	0
YLR428C	1	0	0	1	0	0
CRN1	1	1	1	0	0	0
SEN1	1	1	1	0	0	0
ATG23	1	0	0	1	0	0
IMD3	1	1	1	0	0	0
CNA1	1	0	1	0	0	0
YLR434C	1	0	0	1	0	0
TSR2	0	0	1	0	0	1
ECM30	1	1	1	0	0	0
LSM3	0	0	1	0	0	1
MRPL4	0	1	1	0	0	0
SEC39	1	1	0	0	0	0
RPS1A	1	1	0	0	0	0
SIR3	0	0	1	0	0	1
ECM7	1	0	0	1	0	0
YLR444C	1	0	0	1	0	0
GMC2	1	0	0	1	0	0
YLR446W	1	0	0	1	0	0
VMA6	0	1	0	0	1	0
RPL6B	1	1	0	0	0	0
FPR4	1	1	0	0	0	0
HMG2	1	0	0	1	0	0
LEU3	1	0	0	1	0	0
SST2	1	1	1	0	0	0
RIF2	1	0	0	1	0	0
FMP27	1	0	1	0	0	0
YLR455W	1	0	1	0	0	0
YLR456W	1	0	0	1	0	0
NBP1	1	0	0	1	0	0
GAB1	1	0	0	1	0	0
YLR460C	1	0	0	1	0	0
PAU4	1	0	0	1	0	0
YLR464W	1	0	0	1	0	0
YLR466C-B	1	0	0	1	0	0
YPT7	1	0	0	1	0	0
YML002W	1	0	1	0	0	0
YML003W	1	0	0	1	0	0
GLO1	1	0	0	1	0	0
TRM12	1	0	1	0	0	0
GIS4	1	0	1	0	0	0
YML007C-A	1	0	0	1	0	0
YAP1	1	1	1	0	0	0
ERG6	1	0	1	0	0	0
MRPL39	1	1	0	0	0	0
SPT5	0	1	1	0	0	0
RAD33	1	0	1	0	0	0
ERV25	1	1	1	0	0	0
TRM9	1	0	1	0	0	0
TAF11	1	1	0	0	0	0
PPZ1	1	1	1	0	0	0
PSP2	1	0	1	0	0	0
YML018C	1	0	0	1	0	0
OST6	1	0	0	1	0	0
YML020W	1	0	0	1	0	0
APT1	1	0	0	1	0	0
NSE5	1	0	0	1	0	0
RPS17A	1	1	0	0	0	0
YML6	0	1	1	0	0	0
RPS18B	1	0	0	1	0	0
YOX1	1	0	0	1	0	0
TSA1	1	1	1	0	0	0
USA1	1	0	1	0	0	0
RCF1	1	0	0	1	0	0
NDC1	0	0	1	0	0	1
RAD52	1	1	1	0	0	0
SRC1	1	0	1	0	0	0
AMD1	1	0	1	0	0	0
CGI121	1	0	1	0	0	0
YML037C	1	0	0	1	0	0
YMD8	1	0	0	1	0	0
VPS71	1	0	1	0	0	0
RRN11	1	0	0	1	0	0
PRP39	1	1	1	0	0	0
PRM6	1	0	0	1	0	0
GSF2	1	0	0	1	0	0
RSE1	1	1	1	0	0	0
AIM32	1	0	0	1	0	0
GAL80	1	0	1	0	0	0
SUR7	1	0	1	0	0	0
YML053C	1	0	0	1	0	0
SPC2	1	0	1	0	0	0
IMD4	0	1	1	0	0	0
CMP2	1	0	1	0	0	0
SML1	1	0	1	0	0	0
HUG1	1	0	0	1	0	0
NTE1	1	0	1	0	0	0
OGG1	1	0	1	0	0	0
PIF1	1	0	0	1	0	0
MFT1	1	1	1	0	0	0
RPS1B	1	1	0	0	0	0
TEM1	1	0	1	0	0	0
ORC1	1	1	1	0	0	0
SMA2	1	0	0	1	0	0
ERV41	1	1	0	0	0	0
ITT1	1	0	0	1	0	0
POB3	1	1	1	0	0	0
DAK1	1	0	0	1	0	0
COG8	1	1	0	0	0	0
TCB3	1	1	1	0	0	0
RPL6A	0	1	0	0	1	0
FPR3	1	0	0	1	0	0
HMG1	1	1	0	0	0	0
WAR1	1	0	1	0	0	0
BET5	1	1	0	0	0	0
CPR3	1	0	1	0	0	0
ATP18	1	0	0	1	0	0
TDA9	1	0	0	1	0	0
YML082W	1	0	0	1	0	0
TUB1	0	1	1	0	0	0
ALO1	1	0	0	1	0	0
AIM33	1	0	0	1	0	0
UFO1	1	0	0	1	0	0
YML090W	1	0	0	1	0	0
RPM2	0	1	1	0	0	0
PRE8	1	1	1	0	0	0
UTP14	0	0	1	0	0	1
GIM5	0	0	1	0	0	1
RAD10	1	0	1	0	0	0
YML096W	1	0	0	1	0	0
VPS9	1	1	0	0	0	0
TAF13	1	0	0	1	0	0
ARG81	1	0	0	1	0	0
TSL1	1	1	1	0	0	0
YML100W-A	1	0	0	1	0	0
CUE4	1	0	1	0	0	0
CAC2	1	0	1	0	0	0
NUP188	1	0	1	0	0	0
MDM1	1	0	0	1	0	0
SEC65	1	1	1	0	0	0
URA5	1	0	1	0	0	0
PML39	1	0	1	0	0	0
YML108W	1	0	0	1	0	0
ZDS2	1	1	1	0	0	0
COQ5	1	0	0	1	0	0
BUL2	1	0	1	0	0	0
CTK3	1	1	1	0	0	0
DAT1	1	0	0	1	0	0
TAF8	1	1	0	0	0	0
VAN1	1	0	0	1	0	0
ATR1	1	0	0	1	0	0
NAB6	1	1	0	0	0	0
YML119W	1	0	0	1	0	0
GTR1	1	0	1	0	0	0
PHO84	1	0	0	1	0	0
TUB3	1	1	1	0	0	0
PGA3	1	0	0	1	0	0
ERG13	1	1	1	0	0	0
RSC9	1	1	1	0	0	0
MSC1	1	0	0	1	0	0
COX14	1	0	0	1	0	0
ERO1	1	1	0	0	0	0
YML131W	1	0	1	0	0	0
YMR001C-A	1	0	0	1	0	0
MIX17	1	0	0	1	0	0
AIM34	1	0	0	1	0	0
MVP1	1	0	0	1	0	0
TAF4	1	1	0	0	0	0
PLB2	1	0	0	1	0	0
YMR007W	0	0	1	0	0	1
PLB1	1	0	0	1	0	0
ADI1	1	0	0	1	0	0
YMR010W	1	0	1	0	0	0
HXT2	1	0	0	1	0	0
CLU1	1	1	1	0	0	0
SEC59	1	0	0	1	0	0
YMR013W-A	1	0	0	1	0	0
BUD22	0	0	1	0	0	1
ERG5	1	0	0	1	0	0
SOK2	1	0	1	0	0	0
SPO20	1	0	0	1	0	0
YMR018W	1	0	0	1	0	0
STB4	1	0	1	0	0	0
FMS1	1	0	1	0	0	0
MAC1	1	0	0	1	0	0
UBC7	1	0	0	1	0	0
MSS1	1	0	1	0	0	0
MRPL3	0	1	1	0	0	0
CSI1	1	1	1	0	0	0
PEX12	1	0	0	1	0	0
YMR027W	1	0	0	1	0	0
TAP42	1	0	1	0	0	0
FAR8	1	1	0	0	0	0
RSF1	1	0	0	1	0	0
YMR030W-A	1	0	0	1	0	0
EIS1	1	0	1	0	0	0
YMR031W-A	1	0	0	1	0	0
ARP9	1	1	1	0	0	0
YMR034C	1	0	1	0	0	0
IMP2	1	0	0	1	0	0
MIH1	1	0	0	1	0	0
MSN2	1	0	0	1	0	0
SUB1	1	0	0	1	0	0
YET2	1	0	0	1	0	0
ARA2	1	0	1	0	0	0
ARG80	1	0	0	1	0	0
MCM1	1	0	1	0	0	0
IOC4	1	0	1	0	0	0
NUP116	0	1	0	0	1	0
CSM3	1	0	1	0	0	0
ERB1	1	1	1	0	0	0
YMR052C-A	1	0	0	1	0	0
FAR3	1	1	0	0	0	0
STB2	1	0	0	1	0	0
STV1	1	0	0	1	0	0
BUB2	1	0	0	1	0	0
AAC1	1	0	0	1	0	0
YMR057C	1	0	0	1	0	0
FET3	1	0	0	1	0	0
SAM37	1	0	0	1	0	0
RNA14	1	1	0	0	0	0
RIM9	1	0	0	1	0	0
AEP1	1	1	0	0	0	0
KAR5	1	0	0	1	0	0
SOV1	1	0	0	1	0	0
UBX4	1	0	1	0	0	0
AVO2	1	0	1	0	0	0
NAT4	1	0	0	1	0	0
MOT3	1	0	0	1	0	0
TVP18	1	0	1	0	0	0
ABF2	1	1	1	0	0	0
IRC21	1	0	0	1	0	0
YMR074C	1	0	0	1	0	0
YMR075C-A	1	0	0	1	0	0
RCO1	1	1	1	0	0	0
PDS5	1	0	1	0	0	0
VPS20	1	0	0	1	0	0
CTF18	1	1	1	0	0	0
SEC14	1	0	1	0	0	0
NAM7	1	1	0	0	0	0
ISF1	1	0	0	1	0	0
ADH3	0	1	1	0	0	0
YMR084W	1	0	0	1	0	0
YMR085W	1	0	0	1	0	0
YMR086C-A	1	0	0	1	0	0
SEG1	1	0	1	0	0	0
YMR087W	1	0	0	1	0	0
VBA1	1	0	0	1	0	0
YTA12	1	1	1	0	0	0
YMR090W	1	0	0	1	0	0
NPL6	0	1	1	0	0	0
AIP1	1	0	0	1	0	0
UTP15	1	1	1	0	0	0
CTF13	1	0	0	1	0	0
SNO1	1	0	0	1	0	0
SNZ1	1	0	0	1	0	0
MTG1	1	0	1	0	0	0
ATP25	0	1	0	0	1	0
YMR099C	1	1	0	0	0	0
MUB1	1	0	1	0	0	0
SRT1	1	0	0	1	0	0
YMR102C	1	0	0	1	0	0
YMR103C	1	0	0	1	0	0
YPK2	1	0	1	0	0	0
PGM2	1	0	0	1	0	0
YKU80	1	0	1	0	0	0
SPG4	1	0	0	1	0	0
ILV2	0	0	1	0	0	1
MYO5	1	1	1	0	0	0
HFD1	1	0	1	0	0	0
YMR111C	1	0	0	1	0	0
MED11	1	1	1	0	0	0
FOL3	0	0	1	0	0	1
MGR3	1	0	0	1	0	0
ASC1	1	1	1	0	0	0
SPC24	1	0	0	1	0	0
SHH3	1	0	1	0	0	0
ASI1	1	0	0	1	0	0
YMR119W-A	1	0	0	1	0	0
ADE17	1	0	1	0	0	0
RPL15B	1	1	0	0	0	0
YMR122C	1	0	0	1	0	0
PKR1	1	0	1	0	0	0
YMR124W	1	0	1	0	0	0
STO1	0	1	1	0	0	0
DLT1	1	0	0	1	0	0
SAS2	1	0	1	0	0	0
ECM16	0	1	1	0	0	0
POM152	1	0	0	1	0	0
YMR130W	1	0	0	1	0	0
RRB1	0	0	1	0	0	1
JLP2	1	0	0	1	0	0
YMR134W	0	0	1	0	0	1
GID8	1	0	1	0	0	0
PSO2	1	0	1	0	0	0
CIN4	1	0	0	1	0	0
RIM11	1	0	1	0	0	0
SIP5	1	0	1	0	0	0
YMR141C	1	0	0	1	0	0
RPL13B	0	1	0	0	1	0
RPS16A	1	1	0	0	0	0
YMR144W	1	0	0	1	0	0
NDE1	1	0	0	1	0	0
TIF34	1	1	1	0	0	0
YMR147W	1	0	0	1	0	0
OSW5	1	0	0	1	0	0
SWP1	1	1	1	0	0	0
IMP1	1	0	0	1	0	0
YIM1	1	0	0	1	0	0
YMR153C-A	1	0	0	1	0	0
NUP53	1	0	0	1	0	0
RIM13	1	0	1	0	0	0
TPP1	1	0	0	1	0	0
AIM36	1	0	0	1	0	0
YMR158C-A	1	0	0	1	0	0
MRPS8	0	1	1	0	0	0
ATG16	1	0	0	1	0	0
YMR160W	1	0	0	1	0	0
HLJ1	1	0	0	1	0	0
DNF3	1	0	0	1	0	0
INP2	1	0	0	1	0	0
MSS11	1	0	0	1	0	0
YMR166C	1	0	0	1	0	0
MLH1	1	1	1	0	0	0
CEP3	1	0	0	1	0	0
ALD3	1	0	1	0	0	0
ALD2	1	0	1	0	0	0
EAR1	1	0	0	1	0	0
YMR172C-A	1	0	0	1	0	0
HOT1	0	1	1	0	0	0
DDR48	0	0	1	0	0	1
PAI3	1	0	0	1	0	0
SIP18	1	0	0	1	0	0
ECM5	0	1	0	0	1	0
MMT1	1	0	0	1	0	0
SPT21	1	0	0	1	0	0
CTL1	1	0	0	1	0	0
YMR181C	1	0	0	1	0	0
RGM1	1	0	0	1	0	0
YMR182W-A	1	0	0	1	0	0
SSO2	1	0	0	1	0	0
HSC82	1	1	1	0	0	0
YMR187C	1	0	1	0	0	0
MRPS17	1	1	1	0	0	0
GCV2	1	0	0	1	0	0
SGS1	1	0	0	1	0	0
SPG5	1	0	1	0	0	0
GYL1	1	1	1	0	0	0
YMR193C-A	1	0	0	1	0	0
MRPL24	0	1	1	0	0	0
YMR194C-A	1	0	0	1	0	0
CMC4	1	0	0	1	0	0
RPL36A	1	1	0	0	0	0
ICY1	1	0	0	1	0	0
YMR196W	1	0	1	0	0	0
VTI1	1	1	0	0	0	0
CIK1	1	0	1	0	0	0
CLN1	1	1	0	0	0	0
ROT1	1	0	0	1	0	0
RAD14	1	0	1	0	0	0
ERG2	1	0	0	1	0	0
INP1	1	0	0	1	0	0
PFK2	0	1	1	0	0	0
YMR206W	1	0	0	1	0	0
HFA1	1	0	1	0	0	0
YMR209C	1	0	0	1	0	0
YMR210W	1	0	0	1	0	0
DML1	1	0	0	1	0	0
CEF1	1	1	1	0	0	0
SCJ1	1	1	1	0	0	0
GAS3	1	0	0	1	0	0
SKY1	1	0	0	1	0	0
TRS130	1	1	0	0	0	0
ESC1	1	0	1	0	0	0
ERG8	1	0	0	1	0	0
FMP42	1	0	0	1	0	0
FSH2	1	0	0	1	0	0
UBP8	1	1	1	0	0	0
MRE11	1	0	1	0	0	0
MRPL44	1	1	0	0	0	0
YMR226C	1	0	0	1	0	0
TAF7	1	1	0	0	0	0
MTF1	0	0	1	0	0	1
RRP5	1	1	1	0	0	0
RPS10B	1	1	1	0	0	0
YMR230W-A	1	0	0	1	0	0
FUS2	1	0	0	1	0	0
TRI1	1	0	1	0	0	0
RNH1	1	0	0	1	0	0
RNA1	1	1	0	0	0	0
TAF9	1	1	0	0	0	0
BCH1	1	1	1	0	0	0
DFG5	1	0	0	1	0	0
RNT1	1	1	1	0	0	0
CUS1	1	1	1	0	0	0
YHM2	1	0	0	1	0	0
RPL20A	0	1	0	0	1	0
YMR242W-A	1	0	0	1	0	0
ZRC1	1	0	0	1	0	0
COA6	1	0	0	1	0	0
YMR244W	1	0	0	1	0	0
YMR245W	1	0	0	1	0	0
FAA4	1	1	0	0	0	0
RKR1	1	0	0	1	0	0
GTO3	1	0	0	1	0	0
YMR253C	1	0	0	1	0	0
GFD1	1	0	1	0	0	0
COX7	1	0	0	1	0	0
PET111	1	0	1	0	0	0
ROY1	1	1	1	0	0	0
TRM732	0	0	1	0	0	1
TPS3	0	1	1	0	0	0
YMR262W	1	0	0	1	0	0
SAP30	1	1	1	0	0	0
CUE1	1	0	1	0	0	0
RSN1	1	0	0	1	0	0
PRP24	1	1	1	0	0	0
TMA23	1	0	0	1	0	0
RRN9	1	0	0	1	0	0
URA10	1	0	1	0	0	0
SCS7	1	0	0	1	0	0
YMR272W-B	1	0	0	1	0	0
ZDS1	1	1	1	0	0	0
RCE1	1	0	0	1	0	0
BUL1	1	0	1	0	0	0
DSK2	1	0	1	0	0	0
FCP1	0	0	1	0	0	1
PRM15	1	0	0	1	0	0
YMR279C	1	0	0	1	0	0
CAT8	1	0	1	0	0	0
GPI12	1	0	0	1	0	0
AEP2	1	0	0	1	0	0
RIT1	1	0	0	1	0	0
YKU70	1	0	1	0	0	0
NGL2	1	0	0	1	0	0
DSS1	1	0	0	1	0	0
HSH155	0	1	1	0	0	0
ABZ2	1	0	0	1	0	0
HAS1	1	1	1	0	0	0
TDA1	1	0	0	1	0	0
GOT1	1	0	0	1	0	0
HER2	1	0	0	1	0	0
JNM1	1	0	0	1	0	0
YMR294W-A	1	0	0	1	0	0
YMR295C	1	0	0	1	0	0
LCB1	1	1	0	0	0	0
PRC1	1	1	0	0	0	0
LIP1	1	0	0	1	0	0
DYN3	1	0	0	1	0	0
ADE4	1	0	0	1	0	0
ATM1	1	0	0	1	0	0
YME2	1	0	0	1	0	0
YMR304C-A	1	0	0	1	0	0
UBP15	1	1	1	0	0	0
FKS3	1	0	0	1	0	0
GAS1	1	0	0	1	0	0
PSE1	0	1	1	0	0	0
NIP1	1	1	1	0	0	0
YMR310C	1	1	1	0	0	0
GLC8	1	0	1	0	0	0
ELP6	1	0	0	1	0	0
TGL3	1	0	0	1	0	0
PRE5	0	1	1	0	0	0
YMR315W	1	1	1	0	0	0
YMR315W-A	1	0	0	1	0	0
YMR316C-B	1	0	0	1	0	0
DIA1	1	0	0	1	0	0
YMR317W	1	0	0	1	0	0
ADH6	1	0	0	1	0	0
FET4	1	0	0	1	0	0
YMR320W	1	0	0	1	0	0
YMR321C	1	0	0	1	0	0
ERR3	0	0	1	0	0	1
PAU19	1	0	0	1	0	0
YMR326C	1	0	0	1	0	0
DOM34	1	0	0	1	0	0
RLP7	1	1	0	0	0	0
HRB1	1	1	1	0	0	0
MRP7	1	1	1	0	0	0
LST8	1	0	0	1	0	0
ASI3	1	0	0	1	0	0
IDP3	1	0	1	0	0	0
YNL010W	1	0	0	1	0	0
SPO1	1	0	0	1	0	0
YNL013C	1	0	0	1	0	0
HEF3	1	0	0	1	0	0
PBI2	1	0	1	0	0	0
PUB1	1	0	0	1	0	0
YNL018C	1	0	0	1	0	0
YNL019C	1	0	1	0	0	0
ARK1	1	0	0	1	0	0
HDA1	1	1	1	0	0	0
RCM1	1	0	1	0	0	0
FAP1	1	1	1	0	0	0
EFM6	1	0	1	0	0	0
SSN8	1	0	1	0	0	0
CRZ1	1	0	0	1	0	0
YNL028W	1	0	0	1	0	0
KTR5	1	0	0	1	0	0
HHF2	1	0	1	0	0	0
HHT2	1	0	1	0	0	0
SIW14	1	0	1	0	0	0
YNL033W	1	0	0	1	0	0
YNL034W	1	0	0	1	0	0
YNL035C	1	0	0	1	0	0
NCE103	1	0	0	1	0	0
IDH1	1	0	1	0	0	0
GPI15	1	0	0	1	0	0
BDP1	0	0	1	0	0	1
YNL040W	1	0	0	1	0	0
COG6	1	1	0	0	0	0
BOP3	1	0	1	0	0	0
YNL042W-B	1	0	0	1	0	0
YNL043C	1	0	0	1	0	0
YIP3	1	0	1	0	0	0
LAP2	1	0	1	0	0	0
YNL046W	1	0	0	1	0	0
SLM2	1	0	1	0	0	0
SFB2	1	1	1	0	0	0
YNL050C	1	0	0	1	0	0
COG5	1	1	1	0	0	0
COX5A	1	0	1	0	0	0
MSG5	1	0	0	1	0	0
VAC7	1	0	1	0	0	0
POR1	1	1	1	0	0	0
OCA2	0	0	1	0	0	1
YNL057W	1	0	0	1	0	0
YNL058C	1	0	0	1	0	0
ARP5	0	1	1	0	0	0
NOP2	1	1	1	0	0	0
GCD10	1	0	1	0	0	0
MTQ1	1	0	0	1	0	0
YDJ1	1	1	0	0	0	0
AQR1	1	0	1	0	0	0
SUN4	1	0	0	1	0	0
RPL9B	1	0	1	0	0	0
YNL067W-B	1	0	0	1	0	0
FKH2	1	0	1	0	0	0
RPL16B	1	1	0	0	0	0
TOM7	1	0	0	1	0	0
LAT1	1	1	1	0	0	0
RNH201	1	0	0	1	0	0
MSK1	0	0	1	0	0	1
MLF3	1	0	0	1	0	0
IMP4	0	1	0	0	1	0
MKS1	0	1	1	0	0	0
APJ1	1	0	0	1	0	0
NIS1	1	1	1	0	0	0
TPM1	0	0	1	0	0	1
SWS2	0	0	1	0	0	1
PMS1	1	1	0	0	0	0
END3	0	1	1	0	0	0
MKT1	1	1	1	0	0	0
SNN1	1	0	1	0	0	0
TCB2	1	0	1	0	0	0
TOP2	0	1	1	0	0	0
YNL089C	1	0	0	1	0	0
RHO2	1	0	0	1	0	0
NST1	1	0	1	0	0	0
YNL092W	1	0	1	0	0	0
YPT53	1	0	0	1	0	0
APP1	1	0	1	0	0	0
YNL095C	1	0	0	1	0	0
RPS7B	1	1	0	0	0	0
PHO23	1	1	1	0	0	0
YNL097C-B	1	0	0	1	0	0
RAS2	1	0	1	0	0	0
OCA1	1	0	1	0	0	0
MIC27	1	0	0	1	0	0
AVT4	1	0	0	1	0	0
POL1	1	1	1	0	0	0
MET4	0	0	1	0	0	1
LEU4	1	1	1	0	0	0
RRT16	1	0	0	1	0	0
INP52	0	0	1	0	0	1
YAF9	1	1	1	0	0	0
YNL108C	1	0	0	1	0	0
YNL109W	1	0	0	1	0	0
NOP15	0	1	1	0	0	0
CYB5	1	0	1	0	0	0
DBP2	1	1	1	0	0	0
RPC19	0	1	1	0	0	0
YNL115C	1	0	0	1	0	0
DMA2	1	0	0	1	0	0
DCP2	1	1	1	0	0	0
NCS2	1	0	1	0	0	0
YNL120C	1	0	0	1	0	0
TOM70	1	0	0	1	0	0
YNL122C	1	0	1	0	0	0
NMA111	1	0	0	1	0	0
ESBP6	1	0	0	1	0	0
SPC98	1	1	1	0	0	0
FAR11	1	0	0	1	0	0
TEP1	1	0	0	1	0	0
NRK1	1	0	0	1	0	0
CPT1	1	0	0	1	0	0
KRE33	1	1	1	0	0	0
YNL134C	1	0	0	1	0	0
FPR1	1	0	1	0	0	0
EAF7	1	0	1	0	0	0
NAM9	0	1	1	0	0	0
SRV2	1	1	1	0	0	0
THO2	0	1	0	0	1	0
YNL140C	1	0	1	0	0	0
AAH1	1	0	0	1	0	0
YNL143C	1	0	0	1	0	0
YNL144C	1	0	0	1	0	0
MFA2	1	0	0	1	0	0
YNL146C-A	1	0	0	1	0	0
YNL146W	1	0	0	1	0	0
LSM7	1	1	1	0	0	0
PGA2	0	0	1	0	0	1
RPC31	1	1	1	0	0	0
GIM3	1	0	1	0	0	0
YCK2	1	0	0	1	0	0
CUZ1	1	0	1	0	0	0
NSG2	1	0	0	1	0	0
PGA1	1	0	0	1	0	0
ASI2	1	0	0	1	0	0
RPL42A	0	0	1	0	0	1
YNL162W-A	1	0	0	1	0	0
RIA1	1	0	1	0	0	0
IBD2	1	0	1	0	0	0
BNI5	1	0	0	1	0	0
SKO1	0	0	1	0	0	1
FMP41	1	0	1	0	0	0
PSD1	1	0	0	1	0	0
APC1	0	1	1	0	0	0
NOP13	1	1	1	0	0	0
TDA7	0	0	1	0	0	1
MRPL22	0	1	1	0	0	0
RPS3	0	1	0	0	1	0
YNL181W	1	0	0	1	0	0
IPI3	1	1	0	0	0	0
NPR1	1	0	0	1	0	0
MRPL19	1	0	0	1	0	0
UBP10	0	1	1	0	0	0
SRP1	1	1	1	0	0	0
YNL190W	1	0	0	1	0	0
CHS1	0	1	0	0	1	0
YNL193W	1	0	0	1	0	0
YNL194C	1	0	0	1	0	0
YNL195C	1	0	0	1	0	0
WHI3	1	0	0	1	0	0
GCR2	1	0	0	1	0	0
PSY2	0	1	1	0	0	0
RTT106	0	0	1	0	0	1
RIO2	1	1	1	0	0	0
YNL208W	1	0	1	0	0	0
SSB2	1	1	1	0	0	0
MER1	1	0	0	1	0	0
MRX7	1	0	0	1	0	0
VID27	0	1	0	0	1	0
IES2	0	0	1	0	0	1
MGS1	1	1	0	0	0	0
ALG9	1	0	0	1	0	0
ADE12	0	0	1	0	0	1
POP1	1	1	1	0	0	0
SSU72	1	1	1	0	0	0
SQS1	0	1	1	0	0	0
JJJ1	1	0	1	0	0	0
URE2	1	0	1	0	0	0
ELA1	1	0	1	0	0	0
CSL4	1	1	1	0	0	0
BNI4	1	0	1	0	0	0
YNL234W	1	0	1	0	0	0
SIN4	1	1	1	0	0	0
KEX2	0	0	1	0	0	1
LAP3	0	0	1	0	0	1
NAR1	1	0	0	1	0	0
SLA2	0	1	0	0	1	0
SUI1	0	1	1	0	0	0
VPS75	0	0	1	0	0	1
YNL247W	1	0	1	0	0	0
RPA49	0	1	1	0	0	0
MPA43	1	1	0	0	0	0
RAD50	1	1	1	0	0	0
NRD1	0	1	1	0	0	0
MRPL17	0	1	1	0	0	0
TEX1	1	1	1	0	0	0
RTC4	1	0	1	0	0	0
GIS2	0	0	1	0	0	1
DSL1	0	1	0	0	1	0
LTO1	1	0	1	0	0	0
ORC5	1	1	1	0	0	0
POL2	1	1	1	0	0	0
PDR17	1	0	1	0	0	0
IST1	0	0	1	0	0	1
PIK1	1	0	1	0	0	0
LYP1	0	0	1	0	0	1
BSC4	1	0	0	1	0	0
ALP1	1	0	0	1	0	0
BNI1	1	1	0	0	0	0
SEC2	1	1	1	0	0	0
TOF1	1	0	1	0	0	0
BOR1	1	0	0	1	0	0
CAF120	1	0	0	1	0	0
HCH1	1	0	1	0	0	0
POP3	1	1	1	0	0	0
MRPL10	0	1	1	0	0	0
CUS2	1	0	1	0	0	0
SEC21	1	1	1	0	0	0
CAF40	1	1	1	0	0	0
PCL1	1	0	0	1	0	0
RFC3	0	1	1	0	0	0
MID1	1	0	1	0	0	0
PUS4	1	0	1	0	0	0
MSB3	0	0	1	0	0	1
RIM21	1	0	1	0	0	0
MON2	0	1	1	0	0	0
TRF5	1	0	1	0	0	0
RPL18B	1	0	0	1	0	0
RPS19B	1	0	0	1	0	0
YPT11	0	0	1	0	0	1
BXI1	1	0	0	1	0	0
MRPS18	0	1	1	0	0	0
MCK1	1	0	1	0	0	0
KRI1	0	1	1	0	0	0
STB1	1	0	0	1	0	0
ZIM17	0	0	1	0	0	1
RFA2	1	1	1	0	0	0
EMW1	0	0	1	0	0	1
DAL82	1	0	0	1	0	0
ATP11	1	0	1	0	0	0
PHA2	1	0	0	1	0	0
PFS2	0	1	1	0	0	0
HXT14	1	0	0	1	0	0
YNL320W	1	0	0	1	0	0
VNX1	1	0	0	1	0	0
KRE1	1	0	0	1	0	0
FIG4	1	0	1	0	0	0
PFA3	1	0	0	1	0	0
EGT2	0	0	1	0	0	1
PEX6	1	0	0	1	0	0
RPD3	1	1	1	0	0	0
SNZ2	1	0	0	1	0	0
CIT1	1	0	0	1	0	0
RPC34	1	1	1	0	0	0
SWM2	1	0	0	1	0	0
YNR005C	1	0	0	1	0	0
VPS27	1	0	1	0	0	0
ATG3	1	1	0	0	0	0
LRO1	1	0	0	1	0	0
NRM1	1	0	0	1	0	0
CSE2	1	1	1	0	0	0
PRP2	1	0	1	0	0	0
URK1	1	0	0	1	0	0
PHO91	1	0	1	0	0	0
YNR014W	1	0	1	0	0	0
SMM1	1	0	0	1	0	0
ACC1	0	1	1	0	0	0
TIM23	1	0	0	1	0	0
RCF2	1	0	0	1	0	0
ARE2	1	0	0	1	0	0
ATP23	1	0	0	1	0	0
YNR021W	1	0	1	0	0	0
MRPL50	1	0	1	0	0	0
SNF12	0	1	1	0	0	0
MPP6	1	0	1	0	0	0
YNR025C	1	0	0	1	0	0
SEC12	1	0	0	1	0	0
BUD17	1	0	0	1	0	0
CPR8	1	0	0	1	0	0
YNR029C	1	1	0	0	0	0
ALG12	1	0	0	1	0	0
SSK2	1	0	1	0	0	0
HUB1	1	0	0	1	0	0
PPG1	1	0	0	1	0	0
ABZ1	1	1	0	0	0	0
SOL1	1	0	1	0	0	0
ARC35	1	1	1	0	0	0
MRPS12	0	0	1	0	0	1
RSM19	0	1	1	0	0	0
DBP6	1	0	1	0	0	0
ZRG17	1	0	0	1	0	0
YNR040W	1	0	0	1	0	0
COQ2	1	0	0	1	0	0
YNR042W	1	0	0	1	0	0
MVD1	1	1	1	0	0	0
AGA1	1	0	0	1	0	0
PET494	1	0	0	1	0	0
TRM112	0	1	1	0	0	0
FPK1	1	0	1	0	0	0
MSO1	1	0	0	1	0	0
LYS9	0	1	1	0	0	0
BRE5	1	1	1	0	0	0
POP2	0	1	1	0	0	0
NOG2	1	1	1	0	0	0
ESF2	1	0	0	1	0	0
HOL1	1	0	0	1	0	0
BIO5	1	0	0	1	0	0
BIO3	0	0	1	0	0	1
MNT4	1	0	0	1	0	0
FRE4	1	0	0	1	0	0
YNR061C	1	0	0	1	0	0
YNR062C	0	0	1	0	0	1
YNR063W	1	0	0	1	0	0
YNR064C	1	0	0	1	0	0
YNR065C	1	0	0	1	0	0
YNR066C	1	0	0	1	0	0
DSE4	1	0	1	0	0	0
YNR068C	1	0	0	1	0	0
BSC5	1	0	0	1	0	0
PDR18	1	0	0	1	0	0
YNR071C	1	0	0	1	0	0
YNR073C	1	0	0	1	0	0
AIF1	1	0	0	1	0	0
YNR075C-A	1	0	0	1	0	0
COS10	1	0	0	1	0	0
PHO80	1	1	1	0	0	0
IZH2	1	0	0	1	0	0
PFA4	1	0	0	1	0	0
SIN3	1	1	1	0	0	0
RPB11	0	1	1	0	0	0
TOP1	1	1	1	0	0	0
COQ10	1	0	1	0	0	0
MDM12	1	0	0	1	0	0
RCL1	0	1	1	0	0	0
PLB3	1	0	1	0	0	0
HTZ1	1	0	1	0	0	0
HRD1	1	0	1	0	0	0
YOL013W-A	1	0	0	1	0	0
YOL014W	1	0	0	1	0	0
IRC10	1	0	0	1	0	0
CMK2	1	0	1	0	0	0
ESC8	1	0	1	0	0	0
TLG2	1	0	1	0	0	0
YOL019W	1	0	0	1	0	0
YOL019W-A	1	0	0	1	0	0
TAT2	1	0	0	1	0	0
DIS3	1	1	1	0	0	0
TSR4	1	0	1	0	0	0
IFM1	1	0	0	1	0	0
YOL024W	1	0	0	1	0	0
LAG2	1	0	1	0	0	0
MDM38	1	0	0	1	0	0
YAP7	1	0	0	1	0	0
YOL029C	1	0	0	1	0	0
GAS5	1	0	0	1	0	0
SIL1	1	0	0	1	0	0
OPI10	1	0	0	1	0	0
MSE1	0	0	1	0	0	1
SMC5	1	0	1	0	0	0
YOL035C	1	0	0	1	0	0
YOL036W	1	0	0	1	0	0
YOL038C-A	1	0	0	1	0	0
PRE6	1	1	1	0	0	0
RPP2A	1	0	0	1	0	0
NOP12	1	1	1	0	0	0
NGL1	1	0	0	1	0	0
NTG2	1	0	0	1	0	0
PEX15	1	0	0	1	0	0
PSK2	1	0	1	0	0	0
YOL046C	1	0	0	1	0	0
LDS2	1	0	0	1	0	0
RRT8	1	0	0	1	0	0
GSH2	1	0	0	1	0	0
YOL050C	1	0	0	1	0	0
GAL11	0	1	1	0	0	0
SPE2	1	0	1	0	0	0
AIM39	1	0	0	1	0	0
PSH1	1	1	1	0	0	0
THI20	1	0	0	1	0	0
GPM3	1	0	0	1	0	0
YOL057W	1	0	1	0	0	0
ARG1	0	1	0	0	1	0
GPD2	1	0	1	0	0	0
MAM3	1	0	0	1	0	0
PRS5	1	0	1	0	0	0
APM4	1	0	1	0	0	0
CRT10	1	0	1	0	0	0
MET22	1	0	1	0	0	0
INP54	1	0	1	0	0	0
RIB2	1	0	0	1	0	0
RTG1	1	0	1	0	0	0
HST1	1	0	1	0	0	0
NUF2	1	0	0	1	0	0
NBA1	1	1	1	0	0	0
SDH5	1	0	0	1	0	0
THP1	0	0	1	0	0	1
YOL073C	1	0	0	1	0	0
YOL075C	1	0	0	1	0	0
MDM20	0	0	1	0	0	1
BRX1	1	1	1	0	0	0
YOL079W	1	0	0	1	0	0
REX4	1	0	0	1	0	0
IRA2	1	0	0	1	0	0
ATG19	1	0	0	1	0	0
ATG34	1	0	0	1	0	0
PHM7	1	0	0	1	0	0
ADH1	1	1	0	0	0	0
MHF1	1	0	0	1	0	0
YOL087C	1	1	1	0	0	0
MPD2	1	0	1	0	0	0
HAL9	1	0	0	1	0	0
MSH2	1	1	1	0	0	0
SPO21	1	0	0	1	0	0
TRM10	1	0	0	1	0	0
RFC4	1	1	1	0	0	0
HMI1	1	0	0	1	0	0
WRS1	1	1	1	0	0	0
YOL097W-A	1	0	0	1	0	0
YOL098C	1	1	1	0	0	0
YOL099C	1	0	0	1	0	0
TPT1	1	0	0	1	0	0
ITR2	1	0	0	1	0	0
WSC3	1	0	0	1	0	0
INO4	1	0	1	0	0	0
ZEO1	1	0	1	0	0	0
SHR5	1	0	0	1	0	0
MDY2	1	0	1	0	0	0
MSB4	1	0	0	1	0	0
SKM1	1	0	0	1	0	0
YOL114C	1	0	0	1	0	0
PAP2	0	1	0	0	1	0
MSN1	1	0	0	1	0	0
RRI2	1	1	1	0	0	0
YOL118C	1	0	0	1	0	0
MCH4	1	0	0	1	0	0
RPL18A	0	1	1	0	0	0
RPS19A	1	0	0	1	0	0
SMF1	1	0	0	1	0	0
HRP1	1	1	0	0	0	0
TRM11	1	1	1	0	0	0
MDH2	1	0	0	1	0	0
RPL25	0	1	0	0	1	0
YGK3	1	0	0	1	0	0
VPS68	1	0	0	1	0	0
YOL131W	1	0	0	1	0	0
GAS4	1	0	0	1	0	0
MED7	1	1	1	0	0	0
PFK27	1	0	0	1	0	0
BSC6	1	0	0	1	0	0
CDC33	0	1	1	0	0	0
PPM2	1	0	0	1	0	0
RRP40	0	1	1	0	0	0
RIB4	0	0	1	0	0	1
NOP8	1	1	1	0	0	0
CTR9	0	1	1	0	0	0
PSF3	1	0	1	0	0	0
PEX11	1	0	0	1	0	0
SPT20	0	1	1	0	0	0
DCP1	0	1	1	0	0	0
YOL150C	1	0	0	1	0	0
GRE2	1	0	0	1	0	0
FRE7	1	0	1	0	0	0
YOL153C	1	0	0	1	0	0
ZPS1	0	0	1	0	0	1
HPF1	1	0	0	1	0	0
ENB1	1	0	0	1	0	0
YOL159C	1	0	0	1	0	0
YOL159C-A	1	0	0	1	0	0
YOL160W	1	0	0	1	0	0
PAU20	1	0	0	1	0	0
YOL162W	1	0	0	1	0	0
YOL163W	1	0	0	1	0	0
YOL164W-A	1	0	0	1	0	0
AAD15	1	0	0	1	0	0
YOL166W-A	1	0	0	1	0	0
RRP6	0	1	1	0	0	0
ALG6	1	0	0	1	0	0
YSP3	1	0	0	1	0	0
UTP23	1	0	0	1	0	0
DNL4	1	0	0	1	0	0
TSR3	1	0	0	1	0	0
SGT2	1	0	1	0	0	0
YOR008C-A	1	0	0	1	0	0
TIR4	1	0	1	0	0	0
TIR2	1	0	0	1	0	0
YOR011W-A	1	0	0	1	0	0
YOR012W	1	0	0	1	0	0
RTS1	1	1	1	0	0	0
ERP4	1	0	0	1	0	0
PET127	1	0	1	0	0	0
ROD1	1	0	1	0	0	0
YOR019W	1	0	0	1	0	0
HSP10	1	0	0	1	0	0
SFM1	1	0	0	1	0	0
YOR022C	1	0	0	1	0	0
AHC1	1	0	1	0	0	0
YOR024W	1	0	0	1	0	0
HST3	1	0	0	1	0	0
BUB3	1	0	0	1	0	0
STI1	1	0	1	0	0	0
CIN5	1	0	0	1	0	0
YOR029W	1	0	0	1	0	0
DFG16	1	0	0	1	0	0
CRS5	1	0	0	1	0	0
HMS1	1	0	0	1	0	0
YOR032W-A	1	0	0	1	0	0
EXO1	1	0	0	1	0	0
AKR2	1	0	0	1	0	0
SHE4	1	1	1	0	0	0
PEP12	0	1	0	0	1	0
CYC2	1	0	0	1	0	0
HIR2	1	0	1	0	0	0
CKB2	1	1	1	0	0	0
GLO4	1	0	1	0	0	0
YOR041C	1	0	0	1	0	0
CUE5	1	0	1	0	0	0
WHI2	1	0	1	0	0	0
IRC23	1	0	0	1	0	0
TOM6	1	0	0	1	0	0
DBP5	1	0	1	0	0	0
STD1	1	0	0	1	0	0
RAT1	1	1	1	0	0	0
RSB1	1	0	1	0	0	0
YOR050C	1	0	0	1	0	0
ETT1	1	0	1	0	0	0
TMC1	1	0	1	0	0	0
YOR053W	1	0	0	1	0	0
VHS3	1	0	1	0	0	0
YOR055W	1	0	0	1	0	0
NOB1	1	1	1	0	0	0
SGT1	1	0	1	0	0	0
ASE1	1	0	1	0	0	0
YOR059C	1	1	0	0	0	0
CKA2	1	1	1	0	0	0
YOR062C	1	0	0	1	0	0
RPL3	1	1	0	0	0	0
YNG1	1	0	1	0	0	0
CYT1	1	0	0	1	0	0
MSA1	1	0	0	1	0	0
ALG8	1	0	0	1	0	0
VAM10	1	0	0	1	0	0
VPS5	1	1	1	0	0	0
GYP1	1	0	0	1	0	0
NRT1	1	0	0	1	0	0
CDC21	0	0	1	0	0	1
UFE1	1	1	0	0	0	0
SKI7	1	1	1	0	0	0
BUD21	1	1	1	0	0	0
ATX2	1	0	0	1	0	0
DIA2	1	0	0	1	0	0
TGL5	1	0	1	0	0	0
YOR082C	1	0	0	1	0	0
WHI5	1	0	1	0	0	0
LPX1	1	0	0	1	0	0
OST3	1	0	0	1	0	0
TCB1	1	0	1	0	0	0
YVC1	1	0	0	1	0	0
VPS21	1	0	1	0	0	0
PTC5	1	0	0	1	0	0
TMA46	1	0	1	0	0	0
ECM3	0	0	1	0	0	1
YOR093C	1	0	1	0	0	0
ARF3	1	0	0	1	0	0
RKI1	1	0	0	1	0	0
RPS7A	1	1	0	0	0	0
YOR097C	1	0	1	0	0	0
NUP1	0	1	1	0	0	0
KTR1	1	0	0	1	0	0
CRC1	1	0	1	0	0	0
RAS1	1	0	1	0	0	0
OST2	1	0	0	1	0	0
PIN2	1	0	0	1	0	0
YOR105W	1	0	0	1	0	0
VAM3	1	0	0	1	0	0
RGS2	1	0	0	1	0	0
LEU9	0	1	1	0	0	0
INP53	1	0	0	1	0	0
TFC7	0	0	1	0	0	1
YOR111W	1	0	0	1	0	0
CEX1	1	0	0	1	0	0
AZF1	1	0	0	1	0	0
YOR114W	1	0	0	1	0	0
TRS33	1	1	1	0	0	0
RPO31	1	1	1	0	0	0
RPT5	0	1	1	0	0	0
RTC5	1	0	0	1	0	0
RIO1	1	0	0	1	0	0
GCY1	1	0	0	1	0	0
YOR121C	1	0	0	1	0	0
PFY1	1	0	0	1	0	0
LEO1	1	1	1	0	0	0
UBP2	1	0	1	0	0	0
CAT5	1	0	0	1	0	0
IAH1	1	0	0	1	0	0
RGA1	1	0	1	0	0	0
ADE2	1	0	1	0	0	0
AFI1	1	0	0	1	0	0
YOR131C	1	0	0	1	0	0
VPS17	1	0	1	0	0	0
EFT1	1	1	1	0	0	0
BAG7	1	0	0	1	0	0
IRC14	1	0	0	1	0	0
IDH2	1	1	1	0	0	0
SIA1	1	0	0	1	0	0
RUP1	1	0	1	0	0	0
YOR139C	1	0	0	1	0	0
SFL1	1	0	1	0	0	0
ARP8	0	1	1	0	0	0
LSC1	1	0	1	0	0	0
THI80	1	0	0	1	0	0
ELG1	1	1	0	0	0	0
PNO1	0	1	1	0	0	0
MDM32	1	0	0	1	0	0
SPP2	0	0	1	0	0	1
SMP3	1	0	0	1	0	0
MRPL23	0	1	0	0	1	0
RPB2	1	1	1	0	0	0
ATG40	1	0	0	1	0	0
PDR5	1	1	1	0	0	0
SLP1	1	0	0	1	0	0
ISN1	1	0	0	1	0	0
NFI1	1	0	1	0	0	0
PUP1	1	0	1	0	0	0
PET123	0	1	1	0	0	0
SME1	0	0	1	0	0	1
MTR10	0	1	0	0	1	0
PNS1	1	0	0	1	0	0
YRR1	0	0	1	0	0	1
DDP1	1	0	0	1	0	0
GET4	1	1	1	0	0	0
SEY1	1	0	0	1	0	0
SWT1	1	0	0	1	0	0
RPS28A	1	0	0	1	0	0
GLN4	1	0	1	0	0	0
YOR170W	1	0	0	1	0	0
LCB4	1	0	0	1	0	0
YRM1	1	0	1	0	0	0
DCS2	1	0	1	0	0	0
MED4	1	1	1	0	0	0
ALE1	1	0	0	1	0	0
MPC54	1	0	1	0	0	0
GAC1	1	0	0	1	0	0
SYC1	1	1	1	0	0	0
DCI1	1	0	0	1	0	0
LAS17	1	1	1	0	0	0
RPS30B	1	0	0	1	0	0
FYV12	1	0	0	1	0	0
SER1	1	0	1	0	0	0
GSP2	1	1	0	0	0	0
YOR186W	1	0	0	1	0	0
TUF1	0	1	1	0	0	0
MSB1	1	0	1	0	0	0
IES4	1	0	1	0	0	0
SPR1	1	0	0	1	0	0
ULS1	1	0	0	1	0	0
THI72	1	0	1	0	0	0
YOR192C-C	1	0	0	1	0	0
PEX27	1	0	1	0	0	0
TOA1	1	0	1	0	0	0
SLK19	1	0	1	0	0	0
LIP5	1	0	1	0	0	0
MCA1	0	0	1	0	0	1
BFR1	0	0	1	0	0	1
MRM1	1	1	0	0	0	0
DED1	1	1	0	0	0	0
GEP3	1	0	0	1	0	0
NOC2	0	1	1	0	0	0
RET1	0	1	1	0	0	0
PTP2	1	0	0	1	0	0
NPT1	1	0	1	0	0	0
RPB10	0	1	1	0	0	0
STE4	0	1	1	0	0	0
SAS5	1	0	1	0	0	0
YOR214C	1	0	0	1	0	0
AIM41	1	0	0	1	0	0
RUD3	1	0	1	0	0	0
RFC1	0	1	1	0	0	0
STE13	0	0	1	0	0	1
RCN2	1	0	1	0	0	0
MCT1	1	0	0	1	0	0
ODC2	1	0	0	1	0	0
YOR223W	1	0	0	1	0	0
RPB8	1	1	1	0	0	0
YOR225W	1	0	0	1	0	0
ISU2	1	0	0	1	0	0
HER1	1	0	1	0	0	0
MCP1	1	0	0	1	0	0
WTM2	1	0	0	1	0	0
WTM1	1	1	1	0	0	0
MKK1	1	0	0	1	0	0
MGE1	1	0	0	1	0	0
KIN4	1	0	1	0	0	0
RPL33B	1	1	0	0	0	0
IRC13	1	0	0	1	0	0
DFR1	1	0	1	0	0	0
YOR238W	1	0	1	0	0	0
ABP140	1	0	0	1	0	0
SSP2	1	0	1	0	0	0
PUS7	1	1	1	0	0	0
ESA1	1	1	1	0	0	0
DGA1	1	0	0	1	0	0
ENV9	1	0	0	1	0	0
SRL1	1	0	0	1	0	0
YOR248W	1	0	0	1	0	0
APC5	1	1	1	0	0	0
CLP1	1	1	0	0	0	0
TUM1	1	0	0	1	0	0
TMA16	1	0	1	0	0	0
NAT5	1	0	1	0	0	0
SEC63	1	1	1	0	0	0
OSW1	1	0	0	1	0	0
CDC31	0	0	1	0	0	1
RPT4	1	1	1	0	0	0
GCD1	1	1	1	0	0	0
RPN8	0	1	1	0	0	0
GPN2	1	0	1	0	0	0
YOR263C	1	0	0	1	0	0
DSE3	1	0	0	1	0	0
RBL2	1	0	1	0	0	0
PNT1	1	0	0	1	0	0
HRK1	1	1	0	0	0	0
YOR268C	1	0	0	1	0	0
PAC1	1	0	1	0	0	0
VPH1	0	1	0	0	1	0
FSF1	1	0	0	1	0	0
YTM1	1	1	1	0	0	0
TPO4	1	0	0	1	0	0
MOD5	1	0	0	1	0	0
RIM20	1	0	0	1	0	0
CAF20	1	0	1	0	0	0
YOR277C	1	0	0	1	0	0
RFM1	1	0	1	0	0	0
FSH3	1	0	0	1	0	0
PLP2	1	1	0	0	0	0
YOR283W	1	0	0	1	0	0
HUA2	0	1	0	0	1	0
RDL1	1	0	0	1	0	0
RDL2	1	0	0	1	0	0
RRP36	0	0	1	0	0	1
MPD1	1	0	0	1	0	0
YOR289W	1	0	0	1	0	0
SNF2	0	1	1	0	0	0
YPK9	1	0	0	1	0	0
YOR292C	1	0	0	1	0	0
YOR293C-A	1	0	0	1	0	0
RPS10A	1	1	1	0	0	0
RRS1	1	0	1	0	0	0
YOR296W	1	0	0	1	0	0
TIM18	1	0	0	1	0	0
MBF1	1	0	0	1	0	0
MUM3	1	0	0	1	0	0
BUD7	1	1	1	0	0	0
YOR300W	1	0	0	1	0	0
RAX1	1	0	0	1	0	0
CPA1	0	1	1	0	0	0
YOR304C-A	1	0	0	1	0	0
ISW2	1	1	1	0	0	0
RRG7	1	0	1	0	0	0
MCH5	1	0	0	1	0	0
SNU66	1	1	1	0	0	0
YOR309C	1	0	0	1	0	0
NOP58	0	1	1	0	0	0
DGK1	1	0	0	1	0	0
RPL20B	1	0	0	1	0	0
SPS4	1	0	0	1	0	0
YOR314W	1	0	0	1	0	0
SFG1	1	0	1	0	0	0
COT1	1	0	0	1	0	0
YOR316C-A	1	0	0	1	0	0
FAA1	1	0	0	1	0	0
YOR318C	1	0	0	1	0	0
HSH49	0	1	1	0	0	0
GNT1	1	0	0	1	0	0
PMT3	1	0	0	1	0	0
LDB19	1	0	1	0	0	0
PRO2	0	1	1	0	0	0
FRT1	1	0	0	1	0	0
MYO2	1	1	1	0	0	0
SNC2	1	0	0	1	0	0
PDR10	1	0	1	0	0	0
VMA4	0	1	0	0	1	0
YOR333C	1	0	0	1	0	0
MRS2	1	0	0	1	0	0
ALA1	1	1	1	0	0	0
KRE5	1	0	1	0	0	0
TEA1	1	0	0	1	0	0
YOR338W	1	0	0	1	0	0
UBC11	1	0	0	1	0	0
RPA43	1	1	1	0	0	0
RPA190	1	1	1	0	0	0
YOR342C	1	0	1	0	0	0
YOR343C	1	0	0	1	0	0
TYE7	1	0	0	1	0	0
YOR345C	1	0	0	1	0	0
REV1	1	0	1	0	0	0
PYK2	1	1	1	0	0	0
PUT4	1	0	0	1	0	0
CIN1	1	1	1	0	0	0
MNE1	1	0	0	1	0	0
MEK1	1	0	0	1	0	0
YOR352W	1	0	1	0	0	0
SOG2	0	0	1	0	0	1
MSC6	1	0	0	1	0	0
GDS1	1	0	1	0	0	0
CIR2	1	0	0	1	0	0
SNX3	1	0	0	1	0	0
HAP5	1	0	0	1	0	0
VTS1	1	0	1	0	0	0
PDE2	1	0	1	0	0	0
PRT1	1	1	1	0	0	0
PRE10	1	1	1	0	0	0
PIP2	1	0	1	0	0	0
YOR364W	1	0	0	1	0	0
YOR365C	1	0	1	0	0	0
YOR366W	1	0	0	1	0	0
SCP1	1	0	0	1	0	0
RAD17	1	0	1	0	0	0
MRS6	1	1	1	0	0	0
GPB1	1	0	0	1	0	0
ALD4	1	0	1	0	0	0
GDH1	0	1	1	0	0	0
RDR1	1	0	0	1	0	0
FRE3	1	0	1	0	0	0
YOR381W-A	1	0	0	1	0	0
FIT2	1	0	0	1	0	0
FIT3	1	0	0	1	0	0
FRE5	1	0	0	1	0	0
YOR385W	1	0	0	1	0	0
PHR1	0	0	1	0	0	1
YOR389W	1	0	0	1	0	0
HSP33	1	0	0	1	0	0
ERR1	1	0	0	1	0	0
HAT1	1	1	1	0	0	0
SNF8	1	0	1	0	0	0
ULA1	1	0	1	0	0	0
LSP1	1	0	1	0	0	0
AEP3	1	0	1	0	0	0
NCR1	1	0	0	1	0	0
TFC8	1	0	1	0	0	0
CHL1	1	0	0	1	0	0
RQC2	1	1	1	0	0	0
RET3	1	1	1	0	0	0
TAF3	1	1	0	0	0	0
RRP12	0	1	1	0	0	0
MRPS16	0	1	1	0	0	0
YPL014W	1	0	0	1	0	0
HST2	1	0	0	1	0	0
SWI1	0	1	1	0	0	0
IRC15	1	0	0	1	0	0
CTF19	1	0	1	0	0	0
VTC3	1	0	0	1	0	0
ULP1	1	1	1	0	0	0
ECM23	1	0	0	1	0	0
RAD1	1	0	1	0	0	0
MET12	1	0	1	0	0	0
RMI1	1	0	0	1	0	0
YPL025C	1	0	0	1	0	0
SKS1	1	0	0	1	0	0
SMA1	1	0	0	1	0	0
ERG10	1	0	1	0	0	0
TRM44	1	0	0	1	0	0
PHO85	1	1	1	0	0	0
SVL3	1	0	1	0	0	0
SRL4	1	0	0	1	0	0
YPL034W	1	0	0	1	0	0
YPL035C	1	0	0	1	0	0
PMA2	1	0	0	1	0	0
EGD1	1	0	1	0	0	0
MET31	1	0	0	1	0	0
YPL038W-A	1	0	0	1	0	0
YPL039W	1	0	0	1	0	0
ISM1	0	0	1	0	0	1
MRX11	1	0	0	1	0	0
SSN3	1	1	1	0	0	0
NOP4	1	1	0	0	0	0
ELC1	1	0	1	0	0	0
SGF11	1	0	1	0	0	0
CAM1	1	1	1	0	0	0
DIG1	1	1	1	0	0	0
MNN9	0	1	0	0	1	0
ARL3	1	0	1	0	0	0
OAZ1	1	0	0	1	0	0
KTR6	1	1	0	0	0	0
LEE1	1	0	0	1	0	0
LGE1	1	0	1	0	0	0
LCL1	1	0	0	1	0	0
SUR1	1	0	0	1	0	0
PDR12	1	0	0	1	0	0
GRX5	0	0	1	0	0	1
MFM1	1	0	0	1	0	0
ALD6	1	1	1	0	0	0
YPL062W	1	0	0	1	0	0
TIM50	1	0	0	1	0	0
CWC27	1	0	0	1	0	0
YPL066W	1	1	1	0	0	0
YPL068C	1	0	0	1	0	0
BTS1	1	0	0	1	0	0
MUK1	1	0	1	0	0	0
YPL071C	1	0	0	1	0	0
UBP16	1	0	0	1	0	0
YTA6	1	0	1	0	0	0
GPI2	1	0	0	1	0	0
YPL077C	1	0	0	1	0	0
RPL21B	1	0	0	1	0	0
YPL080C	1	0	0	1	0	0
RPS9A	1	1	1	0	0	0
MOT1	1	1	1	0	0	0
SEN54	1	1	0	0	0	0
BRO1	0	1	1	0	0	0
SEC16	1	1	1	0	0	0
ELP3	1	1	1	0	0	0
YDC1	1	0	0	1	0	0
AAD16	1	0	0	1	0	0
RLM1	1	0	1	0	0	0
RPS6A	1	1	1	0	0	0
GLR1	1	0	0	1	0	0
SSU1	1	0	0	1	0	0
NOG1	0	1	1	0	0	0
SEC62	1	1	0	0	0	0
EEB1	1	0	0	1	0	0
ERI1	1	0	0	1	0	0
PNG1	1	0	1	0	0	0
MSY1	1	0	0	1	0	0
MGR2	1	0	0	1	0	0
INA17	1	0	1	0	0	0
ATG21	1	0	0	1	0	0
ELP4	1	1	1	0	0	0
YPL102C	1	0	0	1	0	0
FMP30	1	0	0	1	0	0
SYH1	1	0	1	0	0	0
SSE1	1	1	0	0	0	0
YPL107W	1	0	0	1	0	0
YPL108W	1	0	0	1	0	0
YPL109C	1	0	0	1	0	0
GDE1	1	0	1	0	0	0
CAR1	1	0	1	0	0	0
PEX25	1	0	0	1	0	0
YPL113C	1	0	0	1	0	0
YPL114W	1	0	0	1	0	0
BEM3	1	0	1	0	0	0
HOS3	1	0	1	0	0	0
IDI1	1	0	0	1	0	0
MRP51	1	1	1	0	0	0
DBP1	1	0	0	1	0	0
VPS30	1	1	0	0	0	0
MEI5	1	0	0	1	0	0
TFB2	1	0	0	1	0	0
RNY1	1	0	0	1	0	0
NAN1	0	1	1	0	0	0
HHO1	1	0	1	0	0	0
TBF1	1	1	1	0	0	0
TAF14	0	1	0	0	1	0
SPO19	1	0	0	1	0	0
RPL5	0	1	0	0	1	0
COX11	1	0	0	1	0	0
RDS2	1	0	1	0	0	0
ODC1	1	0	0	1	0	0
ISU1	1	0	0	1	0	0
GIP3	1	0	1	0	0	0
SPP1	1	1	1	0	0	0
UME1	1	1	1	0	0	0
MKK2	1	0	0	1	0	0
FRK1	1	0	0	1	0	0
RPL33A	0	1	0	0	1	0
POC4	1	0	1	0	0	0
KES1	1	0	0	1	0	0
NOP53	0	0	1	0	0	1
PXA1	1	0	0	1	0	0
PPT2	1	0	0	1	0	0
ATG5	1	0	0	1	0	0
YPL150W	1	0	1	0	0	0
PRP46	1	1	1	0	0	0
RRD2	1	0	1	0	0	0
YPL152W-A	1	0	0	1	0	0
RAD53	0	1	1	0	0	0
PEP4	1	1	0	0	0	0
KIP2	1	0	1	0	0	0
PRM4	1	0	0	1	0	0
TGS1	1	0	0	1	0	0
AIM44	1	0	0	1	0	0
PET20	1	0	0	1	0	0
CDC60	1	1	1	0	0	0
BEM4	1	0	1	0	0	0
YPL162C	1	0	0	1	0	0
SVS1	1	0	0	1	0	0
MLH3	1	0	0	1	0	0
SET6	1	0	0	1	0	0
ATG29	1	0	0	1	0	0
REV3	1	0	0	1	0	0
MRX4	1	0	0	1	0	0
MEX67	1	1	1	0	0	0
DAP1	1	0	1	0	0	0
OYE3	1	0	0	1	0	0
COX10	1	0	0	1	0	0
MRPL40	0	0	1	0	0	1
NIP100	1	0	1	0	0	0
CUP9	1	0	1	0	0	0
CBC2	1	1	1	0	0	0
PPQ1	1	0	0	1	0	0
CTI6	1	1	1	0	0	0
YPL182C	1	0	0	1	0	0
RTT10	1	0	1	0	0	0
RTC6	1	1	0	0	0	0
MRN1	1	0	0	1	0	0
YPL185W	1	0	0	1	0	0
COA2	1	0	0	1	0	0
GUP2	1	0	0	1	0	0
NAB3	1	1	1	0	0	0
YPL191C	1	0	1	0	0	0
PRM3	1	0	0	1	0	0
DDC1	1	0	0	1	0	0
APL5	1	1	1	0	0	0
OXR1	1	0	0	1	0	0
YPL197C	1	0	0	1	0	0
RPL7B	1	1	0	0	0	0
YPL199C	1	0	1	0	0	0
YIG1	1	0	1	0	0	0
AFT2	1	0	0	1	0	0
TPK2	1	0	1	0	0	0
HRR25	1	1	0	0	0	0
YPL205C	1	0	0	1	0	0
PGC1	1	1	0	0	0	0
TYW1	1	1	1	0	0	0
RKM1	1	1	1	0	0	0
IPL1	1	0	1	0	0	0
SRP72	1	1	1	0	0	0
NIP7	1	1	1	0	0	0
PUS1	1	0	1	0	0	0
LEA1	1	1	1	0	0	0
THI6	1	0	0	1	0	0
YPL216W	1	0	1	0	0	0
BMS1	0	1	1	0	0	0
SAR1	0	1	1	0	0	0
PCL8	1	1	1	0	0	0
RPL1A	1	1	1	0	0	0
FLC1	1	0	0	1	0	0
FMP40	0	0	1	0	0	1
GRE1	1	0	0	1	0	0
MMT2	1	0	0	1	0	0
YPL225W	1	0	1	0	0	0
NEW1	1	1	1	0	0	0
ALG5	1	0	1	0	0	0
CET1	1	1	0	0	0	0
YPL229W	1	0	0	1	0	0
USV1	1	0	0	1	0	0
FAS2	1	1	1	0	0	0
SSO1	1	0	0	1	0	0
NSL1	1	0	0	1	0	0
VMA11	1	0	0	1	0	0
RVB2	1	1	1	0	0	0
ENV7	1	0	0	1	0	0
SUI3	0	1	0	0	1	0
YAR1	1	0	1	0	0	0
HSP82	1	1	1	0	0	0
CIN2	1	0	0	1	0	0
IQG1	0	0	1	0	0	1
SRP68	1	1	1	0	0	0
HUT1	1	0	0	1	0	0
YPL245W	1	0	1	0	0	0
RBD2	1	0	0	1	0	0
YPL247C	1	0	1	0	0	0
GAL4	1	0	0	1	0	0
GYP5	0	0	1	0	0	1
RPL36B	0	1	1	0	0	0
ATG41	1	0	0	1	0	0
VIK1	1	0	0	1	0	0
HFI1	0	1	1	0	0	0
CLN2	1	1	0	0	0	0
YPL257W	1	0	0	1	0	0
THI21	1	0	0	1	0	0
APM1	1	1	1	0	0	0
YPL260W	1	0	0	1	0	0
YPL261C	1	0	0	1	0	0
FUM1	1	0	0	1	0	0
KEL3	1	0	1	0	0	0
DIP5	1	0	0	1	0	0
DIM1	1	1	0	0	0	0
ACM1	1	0	0	1	0	0
PLC1	0	0	1	0	0	1
KAR9	1	0	0	1	0	0
MDL2	1	0	0	1	0	0
YPL272C	1	0	0	1	0	0
SAM4	1	0	0	1	0	0
SAM3	1	0	0	1	0	0
HSP32	1	0	0	1	0	0
PAU22	1	0	0	1	0	0
CIT3	1	0	0	1	0	0
PDH1	1	0	1	0	0	0
YPR003C	0	0	1	0	0	1
AIM45	1	0	0	1	0	0
HAL1	1	0	0	1	0	0
ICL2	1	0	0	1	0	0
REC8	1	0	0	1	0	0
HAA1	1	0	1	0	0	0
SUT2	1	0	0	1	0	0
RPA135	0	1	1	0	0	0
YPR011C	1	0	0	1	0	0
YPR012W	1	0	0	1	0	0
YPR013C	1	0	0	1	0	0
YPR014C	1	0	0	1	0	0
YPR015C	1	0	0	1	0	0
TIF6	1	1	0	0	0	0
DSS4	1	0	0	1	0	0
RLF2	1	0	1	0	0	0
MCM4	1	0	0	1	0	0
ATP20	1	0	0	1	0	0
AGC1	1	0	0	1	0	0
YPR022C	1	0	0	1	0	0
EAF3	1	1	1	0	0	0
YME1	1	0	0	1	0	0
CCL1	1	0	1	0	0	0
ATH1	1	0	0	1	0	0
YOP1	1	0	0	1	0	0
APL4	1	1	1	0	0	0
CSR2	1	0	0	1	0	0
NTO1	1	0	1	0	0	0
SRO7	1	1	0	0	0	0
HTS1	1	0	0	1	0	0
ARP7	1	1	1	0	0	0
GLN1	1	1	1	0	0	0
VMA13	0	1	1	0	0	0
ERV2	1	0	1	0	0	0
IRC16	1	0	0	1	0	0
YPR039W	1	0	0	1	0	0
TIP41	1	0	0	1	0	0
TIF5	0	1	1	0	0	0
RPL43A	1	1	0	0	0	0
OPI11	1	0	0	1	0	0
THP3	1	0	1	0	0	0
MCM16	1	0	1	0	0	0
MSF1	0	0	1	0	0	1
TAH18	1	0	1	0	0	0
ATG11	1	0	0	1	0	0
MAK3	1	0	0	1	0	0
NHP6A	1	0	1	0	0	0
YPR053C	1	0	0	1	0	0
SEC8	1	1	0	0	0	0
TFB4	1	1	1	0	0	0
BRR1	1	1	1	0	0	0
YMC1	1	0	0	1	0	0
YPR059C	1	0	0	1	0	0
ARO7	1	0	0	1	0	0
JID1	1	0	1	0	0	0
FCY1	1	0	1	0	0	0
YPR063C	1	0	0	1	0	0
YPR064W	1	0	0	1	0	0
ROX1	1	0	0	1	0	0
UBA3	1	0	0	1	0	0
ISA2	0	0	1	0	0	1
HOS1	1	0	0	1	0	0
SPE3	1	0	1	0	0	0
MED1	1	1	1	0	0	0
NOT5	0	1	0	0	1	0
LTP1	1	0	0	1	0	0
TKL1	1	1	1	0	0	0
OPY2	1	0	0	1	0	0
YPR076W	1	0	0	1	0	0
YPR077C	1	0	0	1	0	0
YPR078C	1	0	0	1	0	0
MRL1	1	0	0	1	0	0
TEF1	1	1	1	0	0	0
GRS2	0	0	1	0	0	1
DIB1	1	1	0	0	0	0
MDM36	1	0	1	0	0	0
YPR084W	1	0	0	1	0	0
ASA1	1	0	0	1	0	0
SUA7	1	0	0	1	0	0
SRP54	1	1	1	0	0	0
YPR089W	1	0	0	1	0	0
YPR091C	1	0	0	1	0	0
YPR092W	1	0	0	1	0	0
ASR1	1	1	1	0	0	0
RDS3	1	0	0	1	0	0
SYT1	1	0	0	1	0	0
YPR096C	1	0	0	1	0	0
YPR097W	1	0	0	1	0	0
YPR098C	1	0	0	1	0	0
MRPL51	0	1	0	0	1	0
SNT309	1	1	1	0	0	0
RPL11A	1	1	0	0	0	0
PRE2	1	1	1	0	0	0
COG4	1	1	0	0	0	0
ISR1	1	0	0	1	0	0
YTH1	0	1	1	0	0	0
RPN7	1	1	1	0	0	0
YPR109W	1	0	0	1	0	0
RPC40	0	1	1	0	0	0
DBF20	1	0	0	1	0	0
MRD1	0	1	1	0	0	0
YPR114W	1	0	1	0	0	0
RGC1	1	0	1	0	0	0
RRG8	0	0	1	0	0	1
YPR117W	1	0	1	0	0	0
MRI1	1	1	0	0	0	0
CLB2	1	0	1	0	0	0
CLB5	1	0	1	0	0	0
THI22	1	0	0	1	0	0
AXL1	1	0	0	1	0	0
CTR1	1	0	0	1	0	0
YLH47	1	0	0	1	0	0
YPR126C	1	0	0	1	0	0
YPR127W	1	0	0	1	0	0
ANT1	1	0	0	1	0	0
SCD6	1	0	0	1	0	0
YPR130C	1	0	0	1	0	0
NAT3	1	0	1	0	0	0
SPN1	1	0	0	1	0	0
TOM5	1	0	0	1	0	0
MSS18	1	0	1	0	0	0
CTF4	1	0	1	0	0	0
RRP9	1	1	1	0	0	0
MEP3	1	0	1	0	0	0
TAZ1	1	0	1	0	0	0
KAR3	1	0	0	1	0	0
RRP15	1	0	1	0	0	0
NOC4	0	1	1	0	0	0
ASN1	1	0	0	1	0	0
YPR146C	1	0	0	1	0	0
YPR147C	1	0	0	1	0	0
YPR150W	1	0	0	1	0	0
SUE1	1	0	0	1	0	0
URN1	1	0	0	1	0	0
YPR153W	1	0	0	1	0	0
PIN3	1	0	0	1	0	0
TDA6	1	0	0	1	0	0
CUR1	1	0	0	1	0	0
YPR159C-A	1	0	0	1	0	0
GPH1	1	0	0	1	0	0
SGV1	1	1	1	0	0	0
ORC4	1	1	1	0	0	0
TIF3	0	0	1	0	0	1
MMS1	1	0	1	0	0	0
MRP2	0	0	1	0	0	1
MET16	1	0	0	1	0	0
NUT2	1	1	1	0	0	0
JIP5	1	0	1	0	0	0
BSP1	1	0	1	0	0	0
YPR172W	1	0	0	1	0	0
VPS4	1	0	1	0	0	0
YPR174C	1	1	0	0	0	0
DPB2	0	1	1	0	0	0
BET2	1	0	0	1	0	0
PRP4	1	1	1	0	0	0
HDA3	1	1	0	0	0	0
AOS1	1	1	0	0	0	0
SEC23	1	1	1	0	0	0
SMX3	0	0	1	0	0	1
DPM1	1	0	0	1	0	0
GDB1	1	1	1	0	0	0
ATG13	1	0	0	1	0	0
PZF1	0	0	1	0	0	1
RPO26	0	1	1	0	0	0
MLC2	1	0	1	0	0	0
SKI3	1	1	1	0	0	0
RPC82	1	1	1	0	0	0
QCR2	1	1	1	0	0	0
AQY1	1	0	0	1	0	0
HPA2	1	0	0	1	0	0
OPT2	1	0	0	1	0	0
YPR195C	1	0	0	1	0	0
YPR197C	1	0	0	1	0	0
SGE1	1	0	1	0	0	0
ARR1	1	0	0	1	0	0
ARR3	1	0	0	1	0	0
